pair_id,a,b,contracts,current,target,sandbox,simulation,scenarios,status,evidence,stage
core:sand__core:sand,core:sand,core:sand,H+L,Общие контакт/перенос/тепло по классу реализованы; специальная реакция не объявлена.,"Контактный теплообмен: одинаковый учёт Q на обеих сторонах; если k=0 или контакт закрыт, обмена нет. Liquid/granular контакт: течение, плотностный обмен/вытеснение и сохранение переносимых полей; не растворение по умолчанию.",Базовые контакт/тепло/фазы сохраняются; доступный кислород не ограничивает горение.,"Базовые контакт/тепло/фазы сохраняются; обычное горение учитывает доступный окислитель, self-oxidizing исключён.","T01: изолированная пара разных T; Q обоих участников и сумма энергии с учётом внешних источников. M02: закрытый сосуд/куча/склон; выравнивание и оседание, нет ухода массы через преграду.",Контракт записан; полная приёмка пары не выполнена,../sand/PASSPORT.md; ../sand/PASSPORT.md; SOURCES.md,5
core:sand__core:water,core:sand,core:water,H+L+AB,"Общие контакт/перенос/тепло по классу реализованы; специальная реакция не объявлена. Подводное осыпание по свободной грани/локальная нагрузка тяжёлого покрытия на плавучий слой; без dry powder↔powder сортировки. AB2026-10-05: контактная пропитка сохраняет вид, массу/Q и общий предел пор; вода и иной вид передаются без взаимного голодания.","Контактный теплообмен: одинаковый учёт Q на обеих сторонах; если k=0 или контакт закрыт, обмена нет. Liquid/granular контакт: течение, плотностный обмен/вытеснение и сохранение переносимых полей; не растворение по умолчанию.",Базовые контакт/тепло/фазы сохраняются; доступный кислород не ограничивает горение.,"Базовые контакт/тепло/фазы сохраняются; обычное горение учитывает доступный окислитель, self-oxidizing исключён.","T01: изолированная пара разных T; Q обоих участников и сумма энергии с учётом внешних источников. M02: закрытый сосуд/куча/склон; выравнивание и оседание, нет ухода массы через преграду. SH01: подводная колонна/реальная кисть; SH02: плавающая смесь и уровни воды; SH03: сухая нагрузка до впитывания и сухая опора. AB: water/oil и обе модели; stock/color/ledger для пористых, отсутствие запаса для остальных.","Контракт записан; полная приёмка пары не выполнена; SH выбранные сценарии PASS2026-10-03, не полная приёмка пары; AB впитываемость PASS2026-10-05, не полная приёмка пары",../sand/PASSPORT.md; ../water/PASSPORT.md; SOURCES.md; SUBMERGED_HEAPS_CONTRACT.md; ../../SUBMERGED_HEAPS_RESULTS.md; ABSORPTION_CONTRACT.md; ../../ABSORPTION_RESULTS.md,5
core:sand__core:ice,core:sand,core:ice,H+S,Общие контакт/перенос/тепло по классу реализованы; специальная реакция не объявлена.,"Контактный теплообмен: одинаковый учёт Q на обеих сторонах; если k=0 или контакт закрыт, обмена нет. Контакт с solid: непроницаемость, опора/система тел согласно flags; тепло не требует прохождения вещества через стенку.",Базовые контакт/тепло/фазы сохраняются; доступный кислород не ограничивает горение.,"Базовые контакт/тепло/фазы сохраняются; обычное горение учитывает доступный окислитель, self-oxidizing исключён.","T01: изолированная пара разных T; Q обоих участников и сумма энергии с учётом внешних источников. M01: непроницаемая стенка1/2/4 клеток и опора; смещения относительно air-сетки, сохранение геометрии/массы.",Контракт записан; полная приёмка пары не выполнена,../sand/PASSPORT.md; ../ice/PASSPORT.md; SOURCES.md,5
core:sand__core:steam,core:sand,core:steam,H+L+G,"Газ занимает отдельные клетки; перенос и тепло через общие решатели, не растворённая смесь.","Контактный теплообмен: одинаковый учёт Q на обеих сторонах; если k=0 или контакт закрыт, обмена нет. Liquid/granular контакт: течение, плотностный обмен/вытеснение и сохранение переносимых полей; не растворение по умолчанию. Газовый контакт/поток: перенос массы и тепла, границы и столкновения; единой многокомпонентной клетки пока нет.",Базовые контакт/тепло/фазы сохраняются; доступный кислород не ограничивает горение.,"Базовые контакт/тепло/фазы сохраняются; обычное горение учитывает доступный окислитель, self-oxidizing исключён.","T01: изолированная пара разных T; Q обоих участников и сумма энергии с учётом внешних источников. M02: закрытый сосуд/куча/склон; выравнивание и оседание, нет ухода массы через преграду. G01: облако и канал с холодным/горячим участком; поток/масса/температура и нулевые пересечения стен.",Контракт записан; полная приёмка пары не выполнена,../sand/PASSPORT.md; ../steam/PASSPORT.md; SOURCES.md,4
core:sand__core:metal,core:sand,core:metal,H+S,Общие контакт/перенос/тепло по классу реализованы; специальная реакция не объявлена.,"Контактный теплообмен: одинаковый учёт Q на обеих сторонах; если k=0 или контакт закрыт, обмена нет. Контакт с solid: непроницаемость, опора/система тел согласно flags; тепло не требует прохождения вещества через стенку.",Базовые контакт/тепло/фазы сохраняются; доступный кислород не ограничивает горение.,"Базовые контакт/тепло/фазы сохраняются; обычное горение учитывает доступный окислитель, self-oxidizing исключён.","T01: изолированная пара разных T; Q обоих участников и сумма энергии с учётом внешних источников. M01: непроницаемая стенка1/2/4 клеток и опора; смещения относительно air-сетки, сохранение геометрии/массы.",Контракт записан; полная приёмка пары не выполнена,../sand/PASSPORT.md; ../metal/PASSPORT.md; SOURCES.md,5
core:sand__core:molten_metal,core:sand,core:molten_metal,H+L,Общие контакт/перенос/тепло по классу реализованы; специальная реакция не объявлена. SR2026-10-05: новое впитывание и поровая диффузия расплава запрещены; прежний запас сохраняется.,"Контактный теплообмен: одинаковый учёт Q на обеих сторонах; если k=0 или контакт закрыт, обмена нет. Liquid/granular контакт: течение, плотностный обмен/вытеснение и сохранение переносимых полей; не растворение по умолчанию. Расплавы металлов исключены из поровой жидкости; при полном выгорании основы прежний запас освобождается.",Базовые контакт/тепло/фазы сохраняются; доступный кислород не ограничивает горение.,"Базовые контакт/тепло/фазы сохраняются; обычное горение учитывает доступный окислитель, self-oxidizing исключён.","T01: изолированная пара разных T; Q обоих участников и сумма энергии с учётом внешних источников. M02: закрытый сосуд/куча/склон; выравнивание и оседание, нет ухода массы через преграду.",Контракт записан; полная приёмка пары не выполнена,../sand/PASSPORT.md; ../molten_metal/PASSPORT.md; SOURCES.md; BURNOUT_STOCK_CONTRACT.md; ../../SCENE_REPAIR_RESULTS.md,5
core:sand__core:stone,core:sand,core:stone,H+S,Общие контакт/перенос/тепло по классу реализованы; специальная реакция не объявлена.,"Контактный теплообмен: одинаковый учёт Q на обеих сторонах; если k=0 или контакт закрыт, обмена нет. Контакт с solid: непроницаемость, опора/система тел согласно flags; тепло не требует прохождения вещества через стенку.",Базовые контакт/тепло/фазы сохраняются; доступный кислород не ограничивает горение.,"Базовые контакт/тепло/фазы сохраняются; обычное горение учитывает доступный окислитель, self-oxidizing исключён.","T01: изолированная пара разных T; Q обоих участников и сумма энергии с учётом внешних источников. M01: непроницаемая стенка1/2/4 клеток и опора; смещения относительно air-сетки, сохранение геометрии/массы.",Контракт записан; полная приёмка пары не выполнена,../sand/PASSPORT.md; ../stone/PASSPORT.md; SOURCES.md,5
core:sand__core:fixture,core:sand,core:fixture,H+S,Общие контакт/перенос/тепло по классу реализованы; специальная реакция не объявлена.,"Контактный теплообмен: одинаковый учёт Q на обеих сторонах; если k=0 или контакт закрыт, обмена нет. Контакт с solid: непроницаемость, опора/система тел согласно flags; тепло не требует прохождения вещества через стенку.",Базовые контакт/тепло/фазы сохраняются; доступный кислород не ограничивает горение.,"Базовые контакт/тепло/фазы сохраняются; обычное горение учитывает доступный окислитель, self-oxidizing исключён.","T01: изолированная пара разных T; Q обоих участников и сумма энергии с учётом внешних источников. M01: непроницаемая стенка1/2/4 клеток и опора; смещения относительно air-сетки, сохранение геометрии/массы.",Контракт записан; полная приёмка пары не выполнена,../sand/PASSPORT.md; ../fixture/PASSPORT.md; SOURCES.md,5
core:sand__core:wood,core:sand,core:wood,H+S,Общие контакт/перенос/тепло по классу реализованы; специальная реакция не объявлена.,"Контактный теплообмен: одинаковый учёт Q на обеих сторонах; если k=0 или контакт закрыт, обмена нет. Контакт с solid: непроницаемость, опора/система тел согласно flags; тепло не требует прохождения вещества через стенку.",Базовые контакт/тепло/фазы сохраняются; доступный кислород не ограничивает горение.,"Базовые контакт/тепло/фазы сохраняются; обычное горение учитывает доступный окислитель, self-oxidizing исключён.","T01: изолированная пара разных T; Q обоих участников и сумма энергии с учётом внешних источников. M01: непроницаемая стенка1/2/4 клеток и опора; смещения относительно air-сетки, сохранение геометрии/массы.",Контракт записан; полная приёмка пары не выполнена,../sand/PASSPORT.md; ../wood/PASSPORT.md; SOURCES.md,5
core:sand__core:coal,core:sand,core:coal,H+L,Общие контакт/перенос/тепло по классу реализованы; специальная реакция не объявлена.,"Контактный теплообмен: одинаковый учёт Q на обеих сторонах; если k=0 или контакт закрыт, обмена нет. Liquid/granular контакт: течение, плотностный обмен/вытеснение и сохранение переносимых полей; не растворение по умолчанию.",Базовые контакт/тепло/фазы сохраняются; доступный кислород не ограничивает горение.,"Базовые контакт/тепло/фазы сохраняются; обычное горение учитывает доступный окислитель, self-oxidizing исключён.","T01: изолированная пара разных T; Q обоих участников и сумма энергии с учётом внешних источников. M02: закрытый сосуд/куча/склон; выравнивание и оседание, нет ухода массы через преграду.",Контракт записан; полная приёмка пары не выполнена,../sand/PASSPORT.md; ../coal/PASSPORT.md; SOURCES.md,5
core:sand__core:wet_charcoal,core:sand,core:wet_charcoal,H+L,Общие контакт/перенос/тепло по классу реализованы; специальная реакция не объявлена.,"Контактный теплообмен: одинаковый учёт Q на обеих сторонах; если k=0 или контакт закрыт, обмена нет. Liquid/granular контакт: течение, плотностный обмен/вытеснение и сохранение переносимых полей; не растворение по умолчанию.",Базовые контакт/тепло/фазы сохраняются; доступный кислород не ограничивает горение.,"Базовые контакт/тепло/фазы сохраняются; обычное горение учитывает доступный окислитель, self-oxidizing исключён.","T01: изолированная пара разных T; Q обоих участников и сумма энергии с учётом внешних источников. M02: закрытый сосуд/куча/склон; выравнивание и оседание, нет ухода массы через преграду.",Контракт записан; полная приёмка пары не выполнена,../sand/PASSPORT.md; ../wet_charcoal/PASSPORT.md; SOURCES.md,5
core:sand__core:stone_coal,core:sand,core:stone_coal,H+L,Общие контакт/перенос/тепло по классу реализованы; специальная реакция не объявлена.,"Контактный теплообмен: одинаковый учёт Q на обеих сторонах; если k=0 или контакт закрыт, обмена нет. Liquid/granular контакт: течение, плотностный обмен/вытеснение и сохранение переносимых полей; не растворение по умолчанию.",Базовые контакт/тепло/фазы сохраняются; доступный кислород не ограничивает горение.,"Базовые контакт/тепло/фазы сохраняются; обычное горение учитывает доступный окислитель, self-oxidizing исключён.","T01: изолированная пара разных T; Q обоих участников и сумма энергии с учётом внешних источников. M02: закрытый сосуд/куча/склон; выравнивание и оседание, нет ухода массы через преграду.",Контракт записан; полная приёмка пары не выполнена,../sand/PASSPORT.md; ../stone_coal/PASSPORT.md; SOURCES.md,5
core:sand__core:gunpowder,core:sand,core:gunpowder,H+L+P,Пороховой pulse реализован; разрушение стен/полная химия не реализованы.,"Контактный теплообмен: одинаковый учёт Q на обеих сторонах; если k=0 или контакт закрыт, обмена нет. Liquid/granular контакт: течение, плотностный обмен/вытеснение и сохранение переносимых полей; не растворение по умолчанию. Пороховой источник/окружение: тепло и давление при горении, реакция однократна; отклик зависит от геометрии камеры, не от произвольной реакции каждого соседа.",Базовые контакт/тепло/фазы сохраняются; доступный кислород не ограничивает горение.,"Базовые контакт/тепло/фазы сохраняются; обычное горение учитывает доступный окислитель, self-oxidizing исключён.","T01: изолированная пара разных T; Q обоих участников и сумма энергии с учётом внешних источников. M02: закрытый сосуд/куча/склон; выравнивание и оседание, нет ухода массы через преграду. P01: открытая вспышка, герметичная и вентилируемая камера; однократные P/E/C, выброс, повтор/reload.",Контракт записан; полная приёмка пары не выполнена,../sand/PASSPORT.md; ../gunpowder/PASSPORT.md; SOURCES.md,6
core:sand__core:fire,core:sand,core:fire,H+L+G,"Газ занимает отдельные клетки; перенос и тепло через общие решатели, не растворённая смесь.","Контактный теплообмен: одинаковый учёт Q на обеих сторонах; если k=0 или контакт закрыт, обмена нет. Liquid/granular контакт: течение, плотностный обмен/вытеснение и сохранение переносимых полей; не растворение по умолчанию. Газовый контакт/поток: перенос массы и тепла, границы и столкновения; единой многокомпонентной клетки пока нет.",Базовые контакт/тепло/фазы сохраняются; доступный кислород не ограничивает горение.,"Базовые контакт/тепло/фазы сохраняются; обычное горение учитывает доступный окислитель, self-oxidizing исключён.","T01: изолированная пара разных T; Q обоих участников и сумма энергии с учётом внешних источников. M02: закрытый сосуд/куча/склон; выравнивание и оседание, нет ухода массы через преграду. G01: облако и канал с холодным/горячим участком; поток/масса/температура и нулевые пересечения стен.",Контракт записан; полная приёмка пары не выполнена,../sand/PASSPORT.md; ../fire/PASSPORT.md; SOURCES.md,4
core:sand__core:smoke,core:sand,core:smoke,H+L+G,"Газ занимает отдельные клетки; перенос и тепло через общие решатели, не растворённая смесь.","Контактный теплообмен: одинаковый учёт Q на обеих сторонах; если k=0 или контакт закрыт, обмена нет. Liquid/granular контакт: течение, плотностный обмен/вытеснение и сохранение переносимых полей; не растворение по умолчанию. Газовый контакт/поток: перенос массы и тепла, границы и столкновения; единой многокомпонентной клетки пока нет.",Базовые контакт/тепло/фазы сохраняются; доступный кислород не ограничивает горение.,"Базовые контакт/тепло/фазы сохраняются; обычное горение учитывает доступный окислитель, self-oxidizing исключён.","T01: изолированная пара разных T; Q обоих участников и сумма энергии с учётом внешних источников. M02: закрытый сосуд/куча/склон; выравнивание и оседание, нет ухода массы через преграду. G01: облако и канал с холодным/горячим участком; поток/масса/температура и нулевые пересечения стен.",Контракт записан; полная приёмка пары не выполнена,../sand/PASSPORT.md; ../smoke/PASSPORT.md; SOURCES.md,4
core:sand__core:co2,core:sand,core:co2,H+L+G,"Газ занимает отдельные клетки; перенос и тепло через общие решатели, не растворённая смесь.","Контактный теплообмен: одинаковый учёт Q на обеих сторонах; если k=0 или контакт закрыт, обмена нет. Liquid/granular контакт: течение, плотностный обмен/вытеснение и сохранение переносимых полей; не растворение по умолчанию. Газовый контакт/поток: перенос массы и тепла, границы и столкновения; единой многокомпонентной клетки пока нет.",Базовые контакт/тепло/фазы сохраняются; доступный кислород не ограничивает горение.,"Базовые контакт/тепло/фазы сохраняются; обычное горение учитывает доступный окислитель, self-oxidizing исключён.","T01: изолированная пара разных T; Q обоих участников и сумма энергии с учётом внешних источников. M02: закрытый сосуд/куча/склон; выравнивание и оседание, нет ухода массы через преграду. G01: облако и канал с холодным/горячим участком; поток/масса/температура и нулевые пересечения стен.",Контракт записан; полная приёмка пары не выполнена,../sand/PASSPORT.md; ../co2/PASSPORT.md; SOURCES.md,4
core:sand__core:heater,core:sand,core:heater,H+S+Q,"Регулятор реализован; ограниченный внешний Q, конфигурация в Pressure/Lifetime.","Контактный теплообмен: одинаковый учёт Q на обеих сторонах; если k=0 или контакт закрыт, обмена нет. Контакт с solid: непроницаемость, опора/система тел согласно flags; тепло не требует прохождения вещества через стенку. Нагреватель/охладитель: ограниченное внешнее Q, соблюдение знака/target/power, не мгновенная установка температуры.",Базовые контакт/тепло/фазы сохраняются; доступный кислород не ограничивает горение.,"Базовые контакт/тепло/фазы сохраняются; обычное горение учитывает доступный окислитель, self-oxidizing исключён.","T01: изолированная пара разных T; Q обоих участников и сумма энергии с учётом внешних источников. M01: непроницаемая стенка1/2/4 клеток и опора; смещения относительно air-сетки, сохранение геометрии/массы. T03: target/power/on/off и настройка на паузе; внешний Q, отсутствие скачка T при настройке.",Контракт записан; полная приёмка пары не выполнена,../sand/PASSPORT.md; ../heater/PASSPORT.md; SOURCES.md,1
core:sand__core:cooler,core:sand,core:cooler,H+S+Q,"Регулятор реализован; ограниченный внешний Q, конфигурация в Pressure/Lifetime.","Контактный теплообмен: одинаковый учёт Q на обеих сторонах; если k=0 или контакт закрыт, обмена нет. Контакт с solid: непроницаемость, опора/система тел согласно flags; тепло не требует прохождения вещества через стенку. Нагреватель/охладитель: ограниченное внешнее Q, соблюдение знака/target/power, не мгновенная установка температуры.",Базовые контакт/тепло/фазы сохраняются; доступный кислород не ограничивает горение.,"Базовые контакт/тепло/фазы сохраняются; обычное горение учитывает доступный окислитель, self-oxidizing исключён.","T01: изолированная пара разных T; Q обоих участников и сумма энергии с учётом внешних источников. M01: непроницаемая стенка1/2/4 клеток и опора; смещения относительно air-сетки, сохранение геометрии/массы. T03: target/power/on/off и настройка на паузе; внешний Q, отсутствие скачка T при настройке.",Контракт записан; полная приёмка пары не выполнена,../sand/PASSPORT.md; ../cooler/PASSPORT.md; SOURCES.md,1
core:sand__core:empty,core:sand,core:empty,B,Grid empty и воздух/тепло/O₂ хранятся отдельно; удаление газа не даёт свежий воздух.,Пустое место и отдельный фоновый воздух: допустимое размещение/граничный обмен; empty не вакуум и не источник свежего O₂.,Базовые контакт/тепло/фазы сохраняются; доступный кислород не ограничивает горение.,"Базовые контакт/тепло/фазы сохраняются; обычное горение учитывает доступный окислитель, self-oxidizing исключён.",E01: истощённая пустая камера и удаление/размещение вещества; нет самопополнения запасов.,Контракт записан; полная приёмка пары не выполнена,../sand/PASSPORT.md; ../empty/PASSPORT.md; SOURCES.md,7
core:sand__core:eraser,core:sand,core:eraser,R,Brush стирает GridCell; очистку/сохранность отдельных pending-полей проверить отдельно.,Ластик: внешнее удаление материальной клетки и обновление геометрии/эффектов; не химическая реакция.,Базовые контакт/тепло/фазы сохраняются; доступный кислород не ограничивает горение.,"Базовые контакт/тепло/фазы сохраняются; обычное горение учитывает доступный окислитель, self-oxidizing исключён.","E02: стирание на паузе/при реакции, затем reload; материя/топология/эффекты и pending-поля.",Контракт записан; полная приёмка пары не выполнена,../sand/PASSPORT.md; ../eraser/PASSPORT.md; SOURCES.md,7
core:water__core:water,core:water,core:water,H+L+WL+AB,Общие контакт/перенос/тепло по классу реализованы; специальная реакция не объявлена. LT: liquid-convection переносит полные равные пакеты; масло имеет optional температурную мобильность.. WL: верхний открытый слой одного сосуда выравнивается независимо от гидравлики; нижняя лужа не скрывает его. AB2026-10-05: объёмное впитывание water/oil не включено; отдельный поровый запас не возникает.,"Контактный теплообмен: одинаковый учёт Q на обеих сторонах; если k=0 или контакт закрыт, обмена нет. Liquid/granular контакт: течение, плотностный обмен/вытеснение и сохранение переносимых полей; не растворение по умолчанию.",Базовые контакт/тепло/фазы сохраняются; доступный кислород не ограничивает горение.,"Базовые контакт/тепло/фазы сохраняются; обычное горение учитывает доступный окислитель, self-oxidizing исключён.","T01: изолированная пара разных T; Q обоих участников и сумма энергии с учётом внешних источников. M02: закрытый сосуд/куча/склон; выравнивание и оседание, нет ухода массы через преграду. LT01–LT04: температурный расход, локальное тепло, энергия/масса, стабильность, стены, пауза/reload. WL: выбранные поверхности/локальность/скорости и ближайшие регрессии; WATER_LEVEL_CONTRACT.md. AB: water/oil и обе модели; stock/color/ledger для пористых, отсутствие запаса для остальных.","Контракт записан; полная приёмка пары не выполнена; LT01–LT04 выбранные проверки PASS, полный паспорт не принят; WL выбранные проверки PASS2026-10-05, полная пара не принята; AB впитываемость PASS2026-10-05, не полная приёмка пары",../water/PASSPORT.md; ../water/PASSPORT.md; SOURCES.md; LIQUID_TEMPERATURE_CONTRACT.md; ../../LIQUID_TEMPERATURE_RESULTS.md; WATER_LEVEL_CONTRACT.md; ../water/WATER_LEVEL_RESULTS.md; ABSORPTION_CONTRACT.md; ../../ABSORPTION_RESULTS.md,5
core:water__core:ice,core:water,core:ice,H+S+F+WL+AB,Обратимый цикл0°C/L333.4 с единой энтальпией; Mass и отрицательный прогресс жидкости сохраняются. FB: свободные компактные тела движутся по Density независимо от гравитации построек; не привариваются к сосуду. BB: свободные куски независимы от гравитации построек; наклон по массе/опоре/вытеснению.. WL: горизонт вне круглого плавающего льда; воздух60Гц/погружение15Гц; продолжающееся таяние создаёт капли. AB2026-10-05: объёмное впитывание water/oil не включено; отдельный поровый запас не возникает.,"Контактный теплообмен: одинаковый учёт Q на обеих сторонах; если k=0 или контакт закрыт, обмена нет. Контакт с solid: непроницаемость, опора/система тел согласно flags; тепло не требует прохождения вещества через стенку. Связанный фазовый цикл: оплачивать переход единой энтальпией и сохранять Mass; конкретные пороги в паспорте.",Базовые контакт/тепло/фазы сохраняются; доступный кислород не ограничивает горение.,"Базовые контакт/тепло/фазы сохраняются; обычное горение учитывает доступный окислитель, self-oxidizing исключён.","T01: изолированная пара разных T; Q обоих участников и сумма энергии с учётом внешних источников. M01: непроницаемая стенка1/2/4 клеток и опора; смещения относительно air-сетки, сохранение геометрии/массы. T02: замкнутый цикл фаз и частичный переход; Mass, единая энтальпия, избыток Q и reload. FB01–FB06: плавание/оседание, тонкий кусок, препятствия, платное плавление/застывание, сохранение; выбранная область. BB01–BB04: выбранные баланс/опора/перенос/пауза/reload, без угловой инерции. WL: выбранные поверхности/локальность/скорости и ближайшие регрессии; WATER_LEVEL_CONTRACT.md. AB: water/oil и обе модели; stock/color/ledger для пористых, отсутствие запаса для остальных.","Тепловой контракт I01–I06 PASS; расширение/плавучесть и полная пространственная приёмка не выполнены; FB выбранные механические/фазовые сценарии PASS2026-10-04, не полная приёмка пары; BB выбранные механические проверки PASS, полная пара не принята; WL выбранные проверки PASS2026-10-05, полная пара не принята; AB впитываемость PASS2026-10-05, не полная приёмка пары",../water/PASSPORT.md; ../ice/PASSPORT.md; SOURCES.md; ../../ICE_FUSION_RESULTS.md; FROZEN_BODY_CONTRACT.md; ../../FROZEN_BODY_RESULTS.md; BODY_BALANCE_CONTRACT.md; ../../BODY_BALANCE_RESULTS.md; WATER_LEVEL_CONTRACT.md; ../water/WATER_LEVEL_RESULTS.md; ABSORPTION_CONTRACT.md; ../../ABSORPTION_RESULTS.md,1
core:water__core:steam,core:water,core:steam,H+L+G+F+AB,"Вода↔пар имеет проверенный энергетический контракт; лёд↔вода и металл↔расплав теперь также имеют проверенные фазовые энергетические контракты. Газ занимает отдельные клетки; перенос и тепло через общие решатели, не растворённая смесь. CW: общий wall-visible carrier, касательный обход, ограниченная поперечная дисперсия; не отдельная химия этой пары. FW: дополнительная CW-дисперсия у твёрдой поперечной границы; собственные свойства/реакции прежние. AB2026-10-05: объёмное впитывание water/oil не включено; отдельный поровый запас не возникает.","Контактный теплообмен: одинаковый учёт Q на обеих сторонах; если k=0 или контакт закрыт, обмена нет. Liquid/granular контакт: течение, плотностный обмен/вытеснение и сохранение переносимых полей; не растворение по умолчанию. Газовый контакт/поток: перенос массы и тепла, границы и столкновения; единой многокомпонентной клетки пока нет. Связанный фазовый цикл: оплачивать переход единой энтальпией и сохранять Mass; конкретные пороги в паспорте.",Базовые контакт/тепло/фазы сохраняются; доступный кислород не ограничивает горение.,"Базовые контакт/тепло/фазы сохраняются; обычное горение учитывает доступный окислитель, self-oxidizing исключён.","T01: изолированная пара разных T; Q обоих участников и сумма энергии с учётом внешних источников. M02: закрытый сосуд/куча/склон; выравнивание и оседание, нет ухода массы через преграду. G01: облако и канал с холодным/горячим участком; поток/масса/температура и нулевые пересечения стен. T02: замкнутый цикл фаз и частичный переход; Mass, единая энтальпия, избыток Q и reload. AB: water/oil и обе модели; stock/color/ledger для пористых, отсутствие запаса для остальных.","Контракт записан; полная приёмка пары не выполнена; CW выбранный общий перенос/балансы PASS2026-10-04, не полная приёмка пары; старый FireObstacle Simulation FAIL отдельно; FW общий перенос/ширина/балансы PASS2026-10-04, не полная приёмка пары; AB впитываемость PASS2026-10-05, не полная приёмка пары",../water/PASSPORT.md; ../steam/PASSPORT.md; SOURCES.md; CHIMNEY_WIDTH_CONTRACT.md; ../../CHIMNEY_WIDTH_RESULTS.md; FREE_FLAME_CONTRACT.md; ../../FREE_FLAME_RESULTS.md; ABSORPTION_CONTRACT.md; ../../ABSORPTION_RESULTS.md,1
core:water__core:metal,core:water,core:metal,H+S+AB+BW,Общие контакт/перенос/тепло по классу реализованы; специальная реакция не объявлена. AB2026-10-05: объёмное впитывание water/oil не включено; отдельный поровый запас не возникает. BH2026-10-06: ограниченный симметричный лучевой обмен gas Flame/Smoke↔проводящий solid через видимый зазор; вода получает Q контактно и закрывает луч. BW: ограниченный внутренний Q в однородном высокопроводящем твёрдом теле; поверхностный контакт и химия прежние.,"Контактный теплообмен: одинаковый учёт Q на обеих сторонах; если k=0 или контакт закрыт, обмена нет. Контакт с solid: непроницаемость, опора/система тел согласно flags; тепло не требует прохождения вещества через стенку.",Базовые контакт/тепло/фазы сохраняются; доступный кислород не ограничивает горение.,"Базовые контакт/тепло/фазы сохраняются; обычное горение учитывает доступный окислитель, self-oxidizing исключён.","T01: изолированная пара разных T; Q обоих участников и сумма энергии с учётом внешних источников. M01: непроницаемая стенка1/2/4 клеток и опора; смещения относительно air-сетки, сохранение геометрии/массы. AB: water/oil и обе модели; stock/color/ledger для пористых, отсутствие запаса для остальных. FD: общий перенос воздуха, крыша/закрытый контроль, сохранённая печь и пороховый всплеск; это не новая химия пары. BH01–BH05: GPU gap/shield/energy/phase/pore, печь40с оба режима30/60/100FPS, pause/save/load. BW01–BW05: внутреннее проведение, преграды, фазы, котёл/тяга, мощность устройства и save/load; выбранные общие сценарии.","Контракт записан; полная приёмка пары не выполнена; AB впитываемость PASS2026-10-05, не полная приёмка пары; FD выбранные общие механизмы PASS2026-10-06, наружное плавление отдельно не подтверждено; BH выбранные сценарии PASS2026-10-06, полный паспорт пары не принят BW: выбранные тепловые проверки PASS; полной приёмки пары нет.",../water/PASSPORT.md; ../metal/PASSPORT.md; SOURCES.md; ABSORPTION_CONTRACT.md; ../../ABSORPTION_RESULTS.md; FURNACE_DRAFT_CONTRACT.md; ../../FURNACE_DRAFT_RESULTS.md; FURNACE_SURFACE_HEAT_CONTRACT.md; ../../FURNACE_SURFACE_HEAT_RESULTS.md; BOILER_HEAT_CONTRACT.md; ../../BOILER_HEAT_RESULTS.md,5
core:water__core:molten_metal,core:water,core:molten_metal,H+L+AB,Общие контакт/перенос/тепло по классу реализованы; специальная реакция не объявлена. AB2026-10-05: объёмное впитывание water/oil не включено; отдельный поровый запас не возникает.,"Контактный теплообмен: одинаковый учёт Q на обеих сторонах; если k=0 или контакт закрыт, обмена нет. Liquid/granular контакт: течение, плотностный обмен/вытеснение и сохранение переносимых полей; не растворение по умолчанию.",Базовые контакт/тепло/фазы сохраняются; доступный кислород не ограничивает горение.,"Базовые контакт/тепло/фазы сохраняются; обычное горение учитывает доступный окислитель, self-oxidizing исключён.","T01: изолированная пара разных T; Q обоих участников и сумма энергии с учётом внешних источников. M02: закрытый сосуд/куча/склон; выравнивание и оседание, нет ухода массы через преграду. AB: water/oil и обе модели; stock/color/ledger для пористых, отсутствие запаса для остальных.","Контракт записан; полная приёмка пары не выполнена; AB впитываемость PASS2026-10-05, не полная приёмка пары",../water/PASSPORT.md; ../molten_metal/PASSPORT.md; SOURCES.md; ABSORPTION_CONTRACT.md; ../../ABSORPTION_RESULTS.md,5
core:water__core:stone,core:water,core:stone,H+S+AB,Общие контакт/перенос/тепло по классу реализованы; специальная реакция не объявлена. AB2026-10-05: объёмное впитывание water/oil не включено; отдельный поровый запас не возникает.,"Контактный теплообмен: одинаковый учёт Q на обеих сторонах; если k=0 или контакт закрыт, обмена нет. Контакт с solid: непроницаемость, опора/система тел согласно flags; тепло не требует прохождения вещества через стенку.",Базовые контакт/тепло/фазы сохраняются; доступный кислород не ограничивает горение.,"Базовые контакт/тепло/фазы сохраняются; обычное горение учитывает доступный окислитель, self-oxidizing исключён.","T01: изолированная пара разных T; Q обоих участников и сумма энергии с учётом внешних источников. M01: непроницаемая стенка1/2/4 клеток и опора; смещения относительно air-сетки, сохранение геометрии/массы. AB: water/oil и обе модели; stock/color/ledger для пористых, отсутствие запаса для остальных.","Контракт записан; полная приёмка пары не выполнена; AB впитываемость PASS2026-10-05, не полная приёмка пары",../water/PASSPORT.md; ../stone/PASSPORT.md; SOURCES.md; ABSORPTION_CONTRACT.md; ../../ABSORPTION_RESULTS.md,5
core:water__core:fixture,core:water,core:fixture,H+S+AB,Общие контакт/перенос/тепло по классу реализованы; специальная реакция не объявлена. AB2026-10-05: объёмное впитывание water/oil не включено; отдельный поровый запас не возникает.,"Контактный теплообмен: одинаковый учёт Q на обеих сторонах; если k=0 или контакт закрыт, обмена нет. Контакт с solid: непроницаемость, опора/система тел согласно flags; тепло не требует прохождения вещества через стенку.",Базовые контакт/тепло/фазы сохраняются; доступный кислород не ограничивает горение.,"Базовые контакт/тепло/фазы сохраняются; обычное горение учитывает доступный окислитель, self-oxidizing исключён.","T01: изолированная пара разных T; Q обоих участников и сумма энергии с учётом внешних источников. M01: непроницаемая стенка1/2/4 клеток и опора; смещения относительно air-сетки, сохранение геометрии/массы. AB: water/oil и обе модели; stock/color/ledger для пористых, отсутствие запаса для остальных.","Контракт записан; полная приёмка пары не выполнена; AB впитываемость PASS2026-10-05, не полная приёмка пары",../water/PASSPORT.md; ../fixture/PASSPORT.md; SOURCES.md; ABSORPTION_CONTRACT.md; ../../ABSORPTION_RESULTS.md,5
core:water__core:wood,core:water,core:wood,H+S+W+AB,"Водная скорость wood.25; сохранение массы/энтальпии и цвет настоящей влаги. ME: Продольный подъём воды внутри непрерывного wood; rate1, stock/Q/разрыв/профиль/thick stem PASS. AB2026-10-05: контактная пропитка сохраняет вид, массу/Q и общий предел пор; вода и иной вид передаются без взаимного голодания.","Контактный теплообмен: одинаковый учёт Q на обеих сторонах; если k=0 или контакт закрыт, обмена нет. Контакт с solid: непроницаемость, опора/система тел согласно flags; тепло не требует прохождения вещества через стенку. Контакт жидкость/топливо: сначала охлаждение; впитывание, допустимые жидкости, вода и сушка определяются отдельно по каждому топливу.",Базовые контакт/тепло/фазы сохраняются; доступный кислород не ограничивает горение.,"Базовые контакт/тепло/фазы сохраняются; обычное горение учитывает доступный окислитель, self-oxidizing исключён.","T01: изолированная пара разных T; Q обоих участников и сумма энергии с учётом внешних источников. M01: непроницаемая стенка1/2/4 клеток и опора; смещения относительно air-сетки, сохранение геометрии/массы. W01: жидкость у топлива, затем нагрев; масса воды/топлива, доступная горючесть и Q сушки; контроль с расплавом. WD01/02,WD04–WD07: выбранный водный/сушильный/угольный цикл по контракту. WO01–WO05: выбранный объём wood, не вся пара. AB: water/oil и обе модели; stock/color/ledger для пористых, отсутствие запаса для остальных.","WO выбранные сценарии PASS; полная пара не принята; AB впитываемость PASS2026-10-05, не полная приёмка пары",../water/PASSPORT.md; ../wood/PASSPORT.md; SOURCES.md; ../wood/WOOD_CYCLE_CONTRACT.md; ../wood/WOOD_CYCLE_RESULTS.md; ../wood/WOOD_OIL_CONTRACT.md; ../wood/WOOD_OIL_RESULTS.md; MATERIAL_ENVIRONMENT_CONTRACT.md; ../../MATERIAL_ENVIRONMENT_RESULTS.md; ABSORPTION_CONTRACT.md; ../../ABSORPTION_RESULTS.md,2
core:water__core:coal,core:water,core:coal,H+L+W+AB,"WC02/G08: fuel поглощает реальную массу/энтальпию core:water; ёмкость .35 угля/.30 пороха. Влажное топливо не реагирует; оплаченная сушка возвращает пар и сухую горючесть. Заливка: мокрое топливо T≤100°C с сохранением избыточного Q, сушка в соседний steam; плотный слой не пробивается прямым liquid/granular обменом. Плавучесть absorbent-зерна определяется насыщенностью dry/wet Density и плотностью конкретной жидкости, не одной сменой wet ID. Подводное осыпание по свободной грани/локальная нагрузка тяжёлого покрытия на плавучий слой; без dry powder↔powder сортировки. LF: плотностный подъём требует ту же жидкость снизу/с обеих сторон; падающая струя не поднимает зерно по отверстию в бак. OA: водный и масляный запасы разделены и делят поры; водное тушение/оплаченная сушка сохранены. AB2026-10-05: контактная пропитка сохраняет вид, массу/Q и общий предел пор; вода и иной вид передаются без взаимного голодания.","Контактный теплообмен: одинаковый учёт Q на обеих сторонах; если k=0 или контакт закрыт, обмена нет. Liquid/granular контакт: течение, плотностный обмен/вытеснение и сохранение переносимых полей; не растворение по умолчанию. Контакт жидкость/топливо: сначала охлаждение; впитывание, допустимые жидкости, вода и сушка определяются отдельно по каждому топливу.",Базовые контакт/тепло/фазы сохраняются; доступный кислород не ограничивает горение.,"Базовые контакт/тепло/фазы сохраняются; обычное горение учитывает доступный окислитель, self-oxidizing исключён.","T01: изолированная пара разных T; Q обоих участников и сумма энергии с учётом внешних источников. M02: закрытый сосуд/куча/склон; выравнивание и оседание, нет ухода массы через преграду. W01: жидкость у топлива, затем нагрев; масса воды/топлива, доступная горючесть и Q сушки; контроль с расплавом. WC02/G08: изолированный баланс/поджиг/сушка/пауза/reload, режимы×Air×30/60/100FPS. SH01: подводная колонна/реальная кисть; SH02: плавающая смесь и уровни воды; SH03: сухая нагрузка до впитывания и сухая опора. LF01–LF03: подача через отверстие, оба режима30/60/100FPS, contact/гидравлика, горячий oil и сухой контроль. OA01–OA06: только применимые контакт/поры/горение/перенос/reload сценарии. AB: water/oil и обе модели; stock/color/ledger для пористых, отсутствие запаса для остальных.","WC02/G08 выбранная связь PASS; вся пара не принята; SH выбранные сценарии PASS2026-10-03, не полная приёмка пары; LF выбранные272 checks PASS, не полная приёмка пары; OA выбранные сценарии PASS2026-10-04, не полная приёмка пары; AB впитываемость PASS2026-10-05, не полная приёмка пары",../water/PASSPORT.md; ../coal/PASSPORT.md; SOURCES.md; ../../WETTING_CONTACT_RESULTS.md; ../../FUEL_MOISTURE_RESULTS.md; ../../MOISTURE_POUR_RESULTS.md; ../../MOISTURE_WICKING_RESULTS.md; SUBMERGED_HEAPS_CONTRACT.md; ../../SUBMERGED_HEAPS_RESULTS.md; LIQUID_FEED_CONTRACT.md; ../../LIQUID_FEED_RESULTS.md; OIL_ABSORPTION_CONTRACT.md; ../../OIL_ABSORPTION_RESULTS.md; ABSORPTION_CONTRACT.md; ../../ABSORPTION_RESULTS.md,2
core:water__core:wet_charcoal,core:water,core:wet_charcoal,H+L+W+AB,"WC02/G08: fuel поглощает реальную массу/энтальпию core:water; ёмкость .35 угля/.30 пороха. Влажное топливо не реагирует; оплаченная сушка возвращает пар и сухую горючесть. Заливка: мокрое топливо T≤100°C с сохранением избыточного Q, сушка в соседний steam; плотный слой не пробивается прямым liquid/granular обменом. Плавучесть absorbent-зерна определяется насыщенностью dry/wet Density и плотностью конкретной жидкости, не одной сменой wet ID. Подводное осыпание по свободной грани/локальная нагрузка тяжёлого покрытия на плавучий слой; без dry powder↔powder сортировки. LF: плотностный подъём требует ту же жидкость снизу/с обеих сторон; падающая струя не поднимает зерно по отверстию в бак. OA: водный и масляный запасы разделены и делят поры; водное тушение/оплаченная сушка сохранены. AB2026-10-05: контактная пропитка сохраняет вид, массу/Q и общий предел пор; вода и иной вид передаются без взаимного голодания.","Контактный теплообмен: одинаковый учёт Q на обеих сторонах; если k=0 или контакт закрыт, обмена нет. Liquid/granular контакт: течение, плотностный обмен/вытеснение и сохранение переносимых полей; не растворение по умолчанию. Контакт жидкость/топливо: сначала охлаждение; впитывание, допустимые жидкости, вода и сушка определяются отдельно по каждому топливу.",Базовые контакт/тепло/фазы сохраняются; доступный кислород не ограничивает горение.,"Базовые контакт/тепло/фазы сохраняются; обычное горение учитывает доступный окислитель, self-oxidizing исключён.","T01: изолированная пара разных T; Q обоих участников и сумма энергии с учётом внешних источников. M02: закрытый сосуд/куча/склон; выравнивание и оседание, нет ухода массы через преграду. W01: жидкость у топлива, затем нагрев; масса воды/топлива, доступная горючесть и Q сушки; контроль с расплавом. WC02/G08: изолированный баланс/поджиг/сушка/пауза/reload, режимы×Air×30/60/100FPS. SH01: подводная колонна/реальная кисть; SH02: плавающая смесь и уровни воды; SH03: сухая нагрузка до впитывания и сухая опора. LF01–LF03: подача через отверстие, оба режима30/60/100FPS, contact/гидравлика, горячий oil и сухой контроль. OA01–OA06: только применимые контакт/поры/горение/перенос/reload сценарии. AB: water/oil и обе модели; stock/color/ledger для пористых, отсутствие запаса для остальных.","WC02/G08 выбранная связь PASS; вся пара не принята; SH выбранные сценарии PASS2026-10-03, не полная приёмка пары; LF выбранные272 checks PASS, не полная приёмка пары; OA выбранные сценарии PASS2026-10-04, не полная приёмка пары; AB впитываемость PASS2026-10-05, не полная приёмка пары",../water/PASSPORT.md; ../wet_charcoal/PASSPORT.md; SOURCES.md; ../../FUEL_MOISTURE_RESULTS.md; ../../MOISTURE_POUR_RESULTS.md; ../../MOISTURE_WICKING_RESULTS.md; SUBMERGED_HEAPS_CONTRACT.md; ../../SUBMERGED_HEAPS_RESULTS.md; LIQUID_FEED_CONTRACT.md; ../../LIQUID_FEED_RESULTS.md; OIL_ABSORPTION_CONTRACT.md; ../../OIL_ABSORPTION_RESULTS.md; ABSORPTION_CONTRACT.md; ../../ABSORPTION_RESULTS.md,2
core:water__core:stone_coal,core:water,core:stone_coal,H+L+W+AB,Сохраняемой влажности/сушки этого топлива нет; мокрый уголь отдельный ID. Свободный каменный уголь1.4 тонет в воде1; тестовая жидкая среда1.6 удерживает зерно. Впитывание не введено. Подводное осыпание по свободной грани/локальная нагрузка тяжёлого покрытия на плавучий слой; без dry powder↔powder сортировки. AB2026-10-05: объёмное впитывание water/oil не включено; отдельный поровый запас не возникает.,"Контактный теплообмен: одинаковый учёт Q на обеих сторонах; если k=0 или контакт закрыт, обмена нет. Liquid/granular контакт: течение, плотностный обмен/вытеснение и сохранение переносимых полей; не растворение по умолчанию. Контакт жидкость/топливо: сначала охлаждение; впитывание, допустимые жидкости, вода и сушка определяются отдельно по каждому топливу.",Базовые контакт/тепло/фазы сохраняются; доступный кислород не ограничивает горение.,"Базовые контакт/тепло/фазы сохраняются; обычное горение учитывает доступный окислитель, self-oxidizing исключён.","T01: изолированная пара разных T; Q обоих участников и сумма энергии с учётом внешних источников. M02: закрытый сосуд/куча/склон; выравнивание и оседание, нет ухода массы через преграду. W01: жидкость у топлива, затем нагрев; масса воды/топлива, доступная горючесть и Q сушки; контроль с расплавом. SH01: подводная колонна/реальная кисть; SH02: плавающая смесь и уровни воды; SH03: сухая нагрузка до впитывания и сухая опора. AB: water/oil и обе модели; stock/color/ledger для пористых, отсутствие запаса для остальных.","Контракт записан; полная приёмка пары не выполнена; SH выбранные сценарии PASS2026-10-03, не полная приёмка пары; AB впитываемость PASS2026-10-05, не полная приёмка пары",../water/PASSPORT.md; ../stone_coal/PASSPORT.md; SOURCES.md; ../../MOISTURE_WICKING_RESULTS.md; SUBMERGED_HEAPS_CONTRACT.md; ../../SUBMERGED_HEAPS_RESULTS.md; ABSORPTION_CONTRACT.md; ../../ABSORPTION_RESULTS.md,2
core:water__core:gunpowder,core:water,core:gunpowder,H+L+W+P+AB,"WC02/G08: fuel поглощает реальную массу/энтальпию core:water; ёмкость .35 угля/.30 пороха. Влажное топливо не реагирует; оплаченная сушка возвращает пар и сухую горючесть. Заливка: мокрое топливо T≤100°C с сохранением избыточного Q, сушка в соседний steam; плотный слой не пробивается прямым liquid/granular обменом. Плавучесть absorbent-зерна определяется насыщенностью dry/wet Density и плотностью конкретной жидкости, не одной сменой wet ID. AB2026-10-05: контактная пропитка сохраняет вид, массу/Q и общий предел пор; вода и иной вид передаются без взаимного голодания.","Контактный теплообмен: одинаковый учёт Q на обеих сторонах; если k=0 или контакт закрыт, обмена нет. Liquid/granular контакт: течение, плотностный обмен/вытеснение и сохранение переносимых полей; не растворение по умолчанию. Контакт жидкость/топливо: сначала охлаждение; впитывание, допустимые жидкости, вода и сушка определяются отдельно по каждому топливу. Пороховой источник/окружение: тепло и давление при горении, реакция однократна; отклик зависит от геометрии камеры, не от произвольной реакции каждого соседа.",Базовые контакт/тепло/фазы сохраняются; доступный кислород не ограничивает горение.,"Базовые контакт/тепло/фазы сохраняются; обычное горение учитывает доступный окислитель, self-oxidizing исключён.","T01: изолированная пара разных T; Q обоих участников и сумма энергии с учётом внешних источников. M02: закрытый сосуд/куча/склон; выравнивание и оседание, нет ухода массы через преграду. W01: жидкость у топлива, затем нагрев; масса воды/топлива, доступная горючесть и Q сушки; контроль с расплавом. P01: открытая вспышка, герметичная и вентилируемая камера; однократные P/E/C, выброс, повтор/reload. WC02/G08: изолированный баланс/поджиг/сушка/пауза/reload, режимы×Air×30/60/100FPS. AB: water/oil и обе модели; stock/color/ledger для пористых, отсутствие запаса для остальных.","WC02/G08 выбранная связь PASS; вся пара не принята; AB впитываемость PASS2026-10-05, не полная приёмка пары",../water/PASSPORT.md; ../gunpowder/PASSPORT.md; SOURCES.md; ../../FUEL_MOISTURE_RESULTS.md; ../../MOISTURE_POUR_RESULTS.md; ../../MOISTURE_WICKING_RESULTS.md; ABSORPTION_CONTRACT.md; ../../ABSORPTION_RESULTS.md,2
core:water__core:fire,core:water,core:fire,H+L+G+AB,"Газ занимает отдельные клетки; перенос и тепло через общие решатели, не растворённая смесь. CW: общий wall-visible carrier, касательный обход, ограниченная поперечная дисперсия; не отдельная химия этой пары. FW: дополнительная CW-дисперсия у твёрдой поперечной границы; собственные свойства/реакции прежние. AB2026-10-05: объёмное впитывание water/oil не включено; отдельный поровый запас не возникает.","Контактный теплообмен: одинаковый учёт Q на обеих сторонах; если k=0 или контакт закрыт, обмена нет. Liquid/granular контакт: течение, плотностный обмен/вытеснение и сохранение переносимых полей; не растворение по умолчанию. Газовый контакт/поток: перенос массы и тепла, границы и столкновения; единой многокомпонентной клетки пока нет.",Базовые контакт/тепло/фазы сохраняются; доступный кислород не ограничивает горение.,"Базовые контакт/тепло/фазы сохраняются; обычное горение учитывает доступный окислитель, self-oxidizing исключён.","T01: изолированная пара разных T; Q обоих участников и сумма энергии с учётом внешних источников. M02: закрытый сосуд/куча/склон; выравнивание и оседание, нет ухода массы через преграду. G01: облако и канал с холодным/горячим участком; поток/масса/температура и нулевые пересечения стен. AB: water/oil и обе модели; stock/color/ledger для пористых, отсутствие запаса для остальных.","Контракт записан; полная приёмка пары не выполнена; CW выбранный общий перенос/балансы PASS2026-10-04, не полная приёмка пары; старый FireObstacle Simulation FAIL отдельно; FW общий перенос/ширина/балансы PASS2026-10-04, не полная приёмка пары; AB впитываемость PASS2026-10-05, не полная приёмка пары",../water/PASSPORT.md; ../fire/PASSPORT.md; SOURCES.md; CHIMNEY_WIDTH_CONTRACT.md; ../../CHIMNEY_WIDTH_RESULTS.md; FREE_FLAME_CONTRACT.md; ../../FREE_FLAME_RESULTS.md; ABSORPTION_CONTRACT.md; ../../ABSORPTION_RESULTS.md,4
core:water__core:smoke,core:water,core:smoke,H+L+G+AB,"Газ занимает отдельные клетки; перенос и тепло через общие решатели, не растворённая смесь. CW: общий wall-visible carrier, касательный обход, ограниченная поперечная дисперсия; не отдельная химия этой пары. FW: дополнительная CW-дисперсия у твёрдой поперечной границы; собственные свойства/реакции прежние. AB2026-10-05: объёмное впитывание water/oil не включено; отдельный поровый запас не возникает.","Контактный теплообмен: одинаковый учёт Q на обеих сторонах; если k=0 или контакт закрыт, обмена нет. Liquid/granular контакт: течение, плотностный обмен/вытеснение и сохранение переносимых полей; не растворение по умолчанию. Газовый контакт/поток: перенос массы и тепла, границы и столкновения; единой многокомпонентной клетки пока нет.",Базовые контакт/тепло/фазы сохраняются; доступный кислород не ограничивает горение.,"Базовые контакт/тепло/фазы сохраняются; обычное горение учитывает доступный окислитель, self-oxidizing исключён.","T01: изолированная пара разных T; Q обоих участников и сумма энергии с учётом внешних источников. M02: закрытый сосуд/куча/склон; выравнивание и оседание, нет ухода массы через преграду. G01: облако и канал с холодным/горячим участком; поток/масса/температура и нулевые пересечения стен. AB: water/oil и обе модели; stock/color/ledger для пористых, отсутствие запаса для остальных.","Контракт записан; полная приёмка пары не выполнена; CW выбранный общий перенос/балансы PASS2026-10-04, не полная приёмка пары; старый FireObstacle Simulation FAIL отдельно; FW общий перенос/ширина/балансы PASS2026-10-04, не полная приёмка пары; AB впитываемость PASS2026-10-05, не полная приёмка пары",../water/PASSPORT.md; ../smoke/PASSPORT.md; SOURCES.md; CHIMNEY_WIDTH_CONTRACT.md; ../../CHIMNEY_WIDTH_RESULTS.md; FREE_FLAME_CONTRACT.md; ../../FREE_FLAME_RESULTS.md; ABSORPTION_CONTRACT.md; ../../ABSORPTION_RESULTS.md,4
core:water__core:co2,core:water,core:co2,H+L+G+AB,"Газ занимает отдельные клетки; перенос и тепло через общие решатели, не растворённая смесь. Растворения CO₂/карбонизации нет; обязательный базовый контракт — газ над поверхностью и обмен теплом, растворение отдельное расширение. CW: общий wall-visible carrier, касательный обход, ограниченная поперечная дисперсия; не отдельная химия этой пары. FW: дополнительная CW-дисперсия у твёрдой поперечной границы; собственные свойства/реакции прежние. AB2026-10-05: объёмное впитывание water/oil не включено; отдельный поровый запас не возникает.","Контактный теплообмен: одинаковый учёт Q на обеих сторонах; если k=0 или контакт закрыт, обмена нет. Liquid/granular контакт: течение, плотностный обмен/вытеснение и сохранение переносимых полей; не растворение по умолчанию. Газовый контакт/поток: перенос массы и тепла, границы и столкновения; единой многокомпонентной клетки пока нет.",Базовые контакт/тепло/фазы сохраняются; доступный кислород не ограничивает горение.,"Базовые контакт/тепло/фазы сохраняются; обычное горение учитывает доступный окислитель, self-oxidizing исключён.","T01: изолированная пара разных T; Q обоих участников и сумма энергии с учётом внешних источников. M02: закрытый сосуд/куча/склон; выравнивание и оседание, нет ухода массы через преграду. G01: облако и канал с холодным/горячим участком; поток/масса/температура и нулевые пересечения стен. AB: water/oil и обе модели; stock/color/ledger для пористых, отсутствие запаса для остальных.","Контракт записан; полная приёмка пары не выполнена; CW выбранный общий перенос/балансы PASS2026-10-04, не полная приёмка пары; старый FireObstacle Simulation FAIL отдельно; FW общий перенос/ширина/балансы PASS2026-10-04, не полная приёмка пары; AB впитываемость PASS2026-10-05, не полная приёмка пары",../water/PASSPORT.md; ../co2/PASSPORT.md; SOURCES.md; CHIMNEY_WIDTH_CONTRACT.md; ../../CHIMNEY_WIDTH_RESULTS.md; FREE_FLAME_CONTRACT.md; ../../FREE_FLAME_RESULTS.md; ABSORPTION_CONTRACT.md; ../../ABSORPTION_RESULTS.md,4
core:water__core:heater,core:water,core:heater,H+S+Q+AB+BW,"Регулятор реализован; ограниченный внешний Q, конфигурация в Pressure/Lifetime. AB2026-10-05: объёмное впитывание water/oil не включено; отдельный поровый запас не возникает. BW: ограниченный внутренний Q в однородном высокопроводящем твёрдом теле; поверхностный контакт и химия прежние.","Контактный теплообмен: одинаковый учёт Q на обеих сторонах; если k=0 или контакт закрыт, обмена нет. Контакт с solid: непроницаемость, опора/система тел согласно flags; тепло не требует прохождения вещества через стенку. Нагреватель/охладитель: ограниченное внешнее Q, соблюдение знака/target/power, не мгновенная установка температуры.",Базовые контакт/тепло/фазы сохраняются; доступный кислород не ограничивает горение.,"Базовые контакт/тепло/фазы сохраняются; обычное горение учитывает доступный окислитель, self-oxidizing исключён.","T01: изолированная пара разных T; Q обоих участников и сумма энергии с учётом внешних источников. M01: непроницаемая стенка1/2/4 клеток и опора; смещения относительно air-сетки, сохранение геометрии/массы. T03: target/power/on/off и настройка на паузе; внешний Q, отсутствие скачка T при настройке. AB: water/oil и обе модели; stock/color/ledger для пористых, отсутствие запаса для остальных. BW01–BW05: внутреннее проведение, преграды, фазы, котёл/тяга, мощность устройства и save/load; выбранные общие сценарии.","Контракт записан; полная приёмка пары не выполнена; AB впитываемость PASS2026-10-05, не полная приёмка пары BW: выбранные тепловые проверки PASS; полной приёмки пары нет.",../water/PASSPORT.md; ../heater/PASSPORT.md; SOURCES.md; ABSORPTION_CONTRACT.md; ../../ABSORPTION_RESULTS.md; BOILER_HEAT_CONTRACT.md; ../../BOILER_HEAT_RESULTS.md,1
core:water__core:cooler,core:water,core:cooler,H+S+Q+AB+BW,"Регулятор реализован; ограниченный внешний Q, конфигурация в Pressure/Lifetime. AB2026-10-05: объёмное впитывание water/oil не включено; отдельный поровый запас не возникает. BW: ограниченный внутренний Q в однородном высокопроводящем твёрдом теле; поверхностный контакт и химия прежние.","Контактный теплообмен: одинаковый учёт Q на обеих сторонах; если k=0 или контакт закрыт, обмена нет. Контакт с solid: непроницаемость, опора/система тел согласно flags; тепло не требует прохождения вещества через стенку. Нагреватель/охладитель: ограниченное внешнее Q, соблюдение знака/target/power, не мгновенная установка температуры.",Базовые контакт/тепло/фазы сохраняются; доступный кислород не ограничивает горение.,"Базовые контакт/тепло/фазы сохраняются; обычное горение учитывает доступный окислитель, self-oxidizing исключён.","T01: изолированная пара разных T; Q обоих участников и сумма энергии с учётом внешних источников. M01: непроницаемая стенка1/2/4 клеток и опора; смещения относительно air-сетки, сохранение геометрии/массы. T03: target/power/on/off и настройка на паузе; внешний Q, отсутствие скачка T при настройке. AB: water/oil и обе модели; stock/color/ledger для пористых, отсутствие запаса для остальных. BW01–BW05: внутреннее проведение, преграды, фазы, котёл/тяга, мощность устройства и save/load; выбранные общие сценарии.","Контракт записан; полная приёмка пары не выполнена; AB впитываемость PASS2026-10-05, не полная приёмка пары BW: выбранные тепловые проверки PASS; полной приёмки пары нет.",../water/PASSPORT.md; ../cooler/PASSPORT.md; SOURCES.md; ABSORPTION_CONTRACT.md; ../../ABSORPTION_RESULTS.md; BOILER_HEAT_CONTRACT.md; ../../BOILER_HEAT_RESULTS.md,1
core:water__core:empty,core:water,core:empty,B+AB,Grid empty и воздух/тепло/O₂ хранятся отдельно; удаление газа не даёт свежий воздух. ME: Поверхностное воздушное Q учитывает кипящее плато; нет двойной траты Q. AB2026-10-05: объёмное впитывание water/oil не включено; отдельный поровый запас не возникает.,Пустое место и отдельный фоновый воздух: допустимое размещение/граничный обмен; empty не вакуум и не источник свежего O₂.,Базовые контакт/тепло/фазы сохраняются; доступный кислород не ограничивает горение.,"Базовые контакт/тепло/фазы сохраняются; обычное горение учитывает доступный окислитель, self-oxidizing исключён.","E01: истощённая пустая камера и удаление/размещение вещества; нет самопополнения запасов. AB: water/oil и обе модели; stock/color/ledger для пористых, отсутствие запаса для остальных.","Контракт записан; полная приёмка пары не выполнена; AB впитываемость PASS2026-10-05, не полная приёмка пары",../water/PASSPORT.md; ../empty/PASSPORT.md; SOURCES.md; MATERIAL_ENVIRONMENT_CONTRACT.md; ../../MATERIAL_ENVIRONMENT_RESULTS.md; ABSORPTION_CONTRACT.md; ../../ABSORPTION_RESULTS.md,7
core:water__core:eraser,core:water,core:eraser,R+AB,Brush стирает GridCell; очистку/сохранность отдельных pending-полей проверить отдельно. AB2026-10-05: объёмное впитывание water/oil не включено; отдельный поровый запас не возникает.,Ластик: внешнее удаление материальной клетки и обновление геометрии/эффектов; не химическая реакция.,Базовые контакт/тепло/фазы сохраняются; доступный кислород не ограничивает горение.,"Базовые контакт/тепло/фазы сохраняются; обычное горение учитывает доступный окислитель, self-oxidizing исключён.","E02: стирание на паузе/при реакции, затем reload; материя/топология/эффекты и pending-поля. AB: water/oil и обе модели; stock/color/ledger для пористых, отсутствие запаса для остальных.","Контракт записан; полная приёмка пары не выполнена; AB впитываемость PASS2026-10-05, не полная приёмка пары",../water/PASSPORT.md; ../eraser/PASSPORT.md; SOURCES.md; ABSORPTION_CONTRACT.md; ../../ABSORPTION_RESULTS.md,7
core:ice__core:ice,core:ice,core:ice,H+S,Общие контакт/перенос/тепло по классу реализованы; специальная реакция не объявлена.,"Контактный теплообмен: одинаковый учёт Q на обеих сторонах; если k=0 или контакт закрыт, обмена нет. Контакт с solid: непроницаемость, опора/система тел согласно flags; тепло не требует прохождения вещества через стенку.",Базовые контакт/тепло/фазы сохраняются; доступный кислород не ограничивает горение.,"Базовые контакт/тепло/фазы сохраняются; обычное горение учитывает доступный окислитель, self-oxidizing исключён.","T01: изолированная пара разных T; Q обоих участников и сумма энергии с учётом внешних источников. M01: непроницаемая стенка1/2/4 клеток и опора; смещения относительно air-сетки, сохранение геометрии/массы.",Контракт записан; полная приёмка пары не выполнена,../ice/PASSPORT.md; ../ice/PASSPORT.md; SOURCES.md,5
core:ice__core:steam,core:ice,core:steam,H+S+G,"Газ занимает отдельные клетки; перенос и тепло через общие решатели, не растворённая смесь.","Контактный теплообмен: одинаковый учёт Q на обеих сторонах; если k=0 или контакт закрыт, обмена нет. Контакт с solid: непроницаемость, опора/система тел согласно flags; тепло не требует прохождения вещества через стенку. Газовый контакт/поток: перенос массы и тепла, границы и столкновения; единой многокомпонентной клетки пока нет.",Базовые контакт/тепло/фазы сохраняются; доступный кислород не ограничивает горение.,"Базовые контакт/тепло/фазы сохраняются; обычное горение учитывает доступный окислитель, self-oxidizing исключён.","T01: изолированная пара разных T; Q обоих участников и сумма энергии с учётом внешних источников. M01: непроницаемая стенка1/2/4 клеток и опора; смещения относительно air-сетки, сохранение геометрии/массы. G01: облако и канал с холодным/горячим участком; поток/масса/температура и нулевые пересечения стен.",Контракт записан; полная приёмка пары не выполнена,../ice/PASSPORT.md; ../steam/PASSPORT.md; SOURCES.md,4
core:ice__core:metal,core:ice,core:metal,H+S,Общие контакт/перенос/тепло по классу реализованы; специальная реакция не объявлена. FB: свободные компактные тела движутся по Density независимо от гравитации построек; не привариваются к сосуду. BB: свободные куски независимы от гравитации построек; наклон по массе/опоре/вытеснению.,"Контактный теплообмен: одинаковый учёт Q на обеих сторонах; если k=0 или контакт закрыт, обмена нет. Контакт с solid: непроницаемость, опора/система тел согласно flags; тепло не требует прохождения вещества через стенку.",Базовые контакт/тепло/фазы сохраняются; доступный кислород не ограничивает горение.,"Базовые контакт/тепло/фазы сохраняются; обычное горение учитывает доступный окислитель, self-oxidizing исключён.","T01: изолированная пара разных T; Q обоих участников и сумма энергии с учётом внешних источников. M01: непроницаемая стенка1/2/4 клеток и опора; смещения относительно air-сетки, сохранение геометрии/массы. FB01–FB06: плавание/оседание, тонкий кусок, препятствия, платное плавление/застывание, сохранение; выбранная область. BB01–BB04: выбранные баланс/опора/перенос/пауза/reload, без угловой инерции.","Контракт записан; полная приёмка пары не выполнена; FB выбранные механические/фазовые сценарии PASS2026-10-04, не полная приёмка пары; BB выбранные механические проверки PASS, полная пара не принята",../ice/PASSPORT.md; ../metal/PASSPORT.md; SOURCES.md; FROZEN_BODY_CONTRACT.md; ../../FROZEN_BODY_RESULTS.md; BODY_BALANCE_CONTRACT.md; ../../BODY_BALANCE_RESULTS.md,5
core:ice__core:molten_metal,core:ice,core:molten_metal,H+S,Общие контакт/перенос/тепло по классу реализованы; специальная реакция не объявлена.,"Контактный теплообмен: одинаковый учёт Q на обеих сторонах; если k=0 или контакт закрыт, обмена нет. Контакт с solid: непроницаемость, опора/система тел согласно flags; тепло не требует прохождения вещества через стенку.",Базовые контакт/тепло/фазы сохраняются; доступный кислород не ограничивает горение.,"Базовые контакт/тепло/фазы сохраняются; обычное горение учитывает доступный окислитель, self-oxidizing исключён.","T01: изолированная пара разных T; Q обоих участников и сумма энергии с учётом внешних источников. M01: непроницаемая стенка1/2/4 клеток и опора; смещения относительно air-сетки, сохранение геометрии/массы.",Контракт записан; полная приёмка пары не выполнена,../ice/PASSPORT.md; ../molten_metal/PASSPORT.md; SOURCES.md,5
core:ice__core:stone,core:ice,core:stone,H+S,Общие контакт/перенос/тепло по классу реализованы; специальная реакция не объявлена.,"Контактный теплообмен: одинаковый учёт Q на обеих сторонах; если k=0 или контакт закрыт, обмена нет. Контакт с solid: непроницаемость, опора/система тел согласно flags; тепло не требует прохождения вещества через стенку.",Базовые контакт/тепло/фазы сохраняются; доступный кислород не ограничивает горение.,"Базовые контакт/тепло/фазы сохраняются; обычное горение учитывает доступный окислитель, self-oxidizing исключён.","T01: изолированная пара разных T; Q обоих участников и сумма энергии с учётом внешних источников. M01: непроницаемая стенка1/2/4 клеток и опора; смещения относительно air-сетки, сохранение геометрии/массы.",Контракт записан; полная приёмка пары не выполнена,../ice/PASSPORT.md; ../stone/PASSPORT.md; SOURCES.md,5
core:ice__core:fixture,core:ice,core:fixture,H+S,Общие контакт/перенос/тепло по классу реализованы; специальная реакция не объявлена.,"Контактный теплообмен: одинаковый учёт Q на обеих сторонах; если k=0 или контакт закрыт, обмена нет. Контакт с solid: непроницаемость, опора/система тел согласно flags; тепло не требует прохождения вещества через стенку.",Базовые контакт/тепло/фазы сохраняются; доступный кислород не ограничивает горение.,"Базовые контакт/тепло/фазы сохраняются; обычное горение учитывает доступный окислитель, self-oxidizing исключён.","T01: изолированная пара разных T; Q обоих участников и сумма энергии с учётом внешних источников. M01: непроницаемая стенка1/2/4 клеток и опора; смещения относительно air-сетки, сохранение геометрии/массы.",Контракт записан; полная приёмка пары не выполнена,../ice/PASSPORT.md; ../fixture/PASSPORT.md; SOURCES.md,5
core:ice__core:wood,core:ice,core:wood,H+S,Общие контакт/перенос/тепло по классу реализованы; специальная реакция не объявлена.,"Контактный теплообмен: одинаковый учёт Q на обеих сторонах; если k=0 или контакт закрыт, обмена нет. Контакт с solid: непроницаемость, опора/система тел согласно flags; тепло не требует прохождения вещества через стенку.",Базовые контакт/тепло/фазы сохраняются; доступный кислород не ограничивает горение.,"Базовые контакт/тепло/фазы сохраняются; обычное горение учитывает доступный окислитель, self-oxidizing исключён.","T01: изолированная пара разных T; Q обоих участников и сумма энергии с учётом внешних источников. M01: непроницаемая стенка1/2/4 клеток и опора; смещения относительно air-сетки, сохранение геометрии/массы.",Контракт записан; полная приёмка пары не выполнена,../ice/PASSPORT.md; ../wood/PASSPORT.md; SOURCES.md,5
core:ice__core:coal,core:ice,core:coal,H+S,Общие контакт/перенос/тепло по классу реализованы; специальная реакция не объявлена.,"Контактный теплообмен: одинаковый учёт Q на обеих сторонах; если k=0 или контакт закрыт, обмена нет. Контакт с solid: непроницаемость, опора/система тел согласно flags; тепло не требует прохождения вещества через стенку.",Базовые контакт/тепло/фазы сохраняются; доступный кислород не ограничивает горение.,"Базовые контакт/тепло/фазы сохраняются; обычное горение учитывает доступный окислитель, self-oxidizing исключён.","T01: изолированная пара разных T; Q обоих участников и сумма энергии с учётом внешних источников. M01: непроницаемая стенка1/2/4 клеток и опора; смещения относительно air-сетки, сохранение геометрии/массы.",Контракт записан; полная приёмка пары не выполнена,../ice/PASSPORT.md; ../coal/PASSPORT.md; SOURCES.md,5
core:ice__core:wet_charcoal,core:ice,core:wet_charcoal,H+S,Общие контакт/перенос/тепло по классу реализованы; специальная реакция не объявлена.,"Контактный теплообмен: одинаковый учёт Q на обеих сторонах; если k=0 или контакт закрыт, обмена нет. Контакт с solid: непроницаемость, опора/система тел согласно flags; тепло не требует прохождения вещества через стенку.",Базовые контакт/тепло/фазы сохраняются; доступный кислород не ограничивает горение.,"Базовые контакт/тепло/фазы сохраняются; обычное горение учитывает доступный окислитель, self-oxidizing исключён.","T01: изолированная пара разных T; Q обоих участников и сумма энергии с учётом внешних источников. M01: непроницаемая стенка1/2/4 клеток и опора; смещения относительно air-сетки, сохранение геометрии/массы.",Контракт записан; полная приёмка пары не выполнена,../ice/PASSPORT.md; ../wet_charcoal/PASSPORT.md; SOURCES.md,5
core:ice__core:stone_coal,core:ice,core:stone_coal,H+S,Общие контакт/перенос/тепло по классу реализованы; специальная реакция не объявлена.,"Контактный теплообмен: одинаковый учёт Q на обеих сторонах; если k=0 или контакт закрыт, обмена нет. Контакт с solid: непроницаемость, опора/система тел согласно flags; тепло не требует прохождения вещества через стенку.",Базовые контакт/тепло/фазы сохраняются; доступный кислород не ограничивает горение.,"Базовые контакт/тепло/фазы сохраняются; обычное горение учитывает доступный окислитель, self-oxidizing исключён.","T01: изолированная пара разных T; Q обоих участников и сумма энергии с учётом внешних источников. M01: непроницаемая стенка1/2/4 клеток и опора; смещения относительно air-сетки, сохранение геометрии/массы.",Контракт записан; полная приёмка пары не выполнена,../ice/PASSPORT.md; ../stone_coal/PASSPORT.md; SOURCES.md,5
core:ice__core:gunpowder,core:ice,core:gunpowder,H+S+P,Пороховой pulse реализован; разрушение стен/полная химия не реализованы.,"Контактный теплообмен: одинаковый учёт Q на обеих сторонах; если k=0 или контакт закрыт, обмена нет. Контакт с solid: непроницаемость, опора/система тел согласно flags; тепло не требует прохождения вещества через стенку. Пороховой источник/окружение: тепло и давление при горении, реакция однократна; отклик зависит от геометрии камеры, не от произвольной реакции каждого соседа.",Базовые контакт/тепло/фазы сохраняются; доступный кислород не ограничивает горение.,"Базовые контакт/тепло/фазы сохраняются; обычное горение учитывает доступный окислитель, self-oxidizing исключён.","T01: изолированная пара разных T; Q обоих участников и сумма энергии с учётом внешних источников. M01: непроницаемая стенка1/2/4 клеток и опора; смещения относительно air-сетки, сохранение геометрии/массы. P01: открытая вспышка, герметичная и вентилируемая камера; однократные P/E/C, выброс, повтор/reload.",Контракт записан; полная приёмка пары не выполнена,../ice/PASSPORT.md; ../gunpowder/PASSPORT.md; SOURCES.md,6
core:ice__core:fire,core:ice,core:fire,H+S+G,"Газ занимает отдельные клетки; перенос и тепло через общие решатели, не растворённая смесь.","Контактный теплообмен: одинаковый учёт Q на обеих сторонах; если k=0 или контакт закрыт, обмена нет. Контакт с solid: непроницаемость, опора/система тел согласно flags; тепло не требует прохождения вещества через стенку. Газовый контакт/поток: перенос массы и тепла, границы и столкновения; единой многокомпонентной клетки пока нет.",Базовые контакт/тепло/фазы сохраняются; доступный кислород не ограничивает горение.,"Базовые контакт/тепло/фазы сохраняются; обычное горение учитывает доступный окислитель, self-oxidizing исключён.","T01: изолированная пара разных T; Q обоих участников и сумма энергии с учётом внешних источников. M01: непроницаемая стенка1/2/4 клеток и опора; смещения относительно air-сетки, сохранение геометрии/массы. G01: облако и канал с холодным/горячим участком; поток/масса/температура и нулевые пересечения стен.",Контракт записан; полная приёмка пары не выполнена,../ice/PASSPORT.md; ../fire/PASSPORT.md; SOURCES.md,4
core:ice__core:smoke,core:ice,core:smoke,H+S+G,"Газ занимает отдельные клетки; перенос и тепло через общие решатели, не растворённая смесь.","Контактный теплообмен: одинаковый учёт Q на обеих сторонах; если k=0 или контакт закрыт, обмена нет. Контакт с solid: непроницаемость, опора/система тел согласно flags; тепло не требует прохождения вещества через стенку. Газовый контакт/поток: перенос массы и тепла, границы и столкновения; единой многокомпонентной клетки пока нет.",Базовые контакт/тепло/фазы сохраняются; доступный кислород не ограничивает горение.,"Базовые контакт/тепло/фазы сохраняются; обычное горение учитывает доступный окислитель, self-oxidizing исключён.","T01: изолированная пара разных T; Q обоих участников и сумма энергии с учётом внешних источников. M01: непроницаемая стенка1/2/4 клеток и опора; смещения относительно air-сетки, сохранение геометрии/массы. G01: облако и канал с холодным/горячим участком; поток/масса/температура и нулевые пересечения стен.",Контракт записан; полная приёмка пары не выполнена,../ice/PASSPORT.md; ../smoke/PASSPORT.md; SOURCES.md,4
core:ice__core:co2,core:ice,core:co2,H+S+G,"Газ занимает отдельные клетки; перенос и тепло через общие решатели, не растворённая смесь.","Контактный теплообмен: одинаковый учёт Q на обеих сторонах; если k=0 или контакт закрыт, обмена нет. Контакт с solid: непроницаемость, опора/система тел согласно flags; тепло не требует прохождения вещества через стенку. Газовый контакт/поток: перенос массы и тепла, границы и столкновения; единой многокомпонентной клетки пока нет.",Базовые контакт/тепло/фазы сохраняются; доступный кислород не ограничивает горение.,"Базовые контакт/тепло/фазы сохраняются; обычное горение учитывает доступный окислитель, self-oxidizing исключён.","T01: изолированная пара разных T; Q обоих участников и сумма энергии с учётом внешних источников. M01: непроницаемая стенка1/2/4 клеток и опора; смещения относительно air-сетки, сохранение геометрии/массы. G01: облако и канал с холодным/горячим участком; поток/масса/температура и нулевые пересечения стен.",Контракт записан; полная приёмка пары не выполнена,../ice/PASSPORT.md; ../co2/PASSPORT.md; SOURCES.md,4
core:ice__core:heater,core:ice,core:heater,H+S+Q,"Регулятор реализован; ограниченный внешний Q, конфигурация в Pressure/Lifetime.","Контактный теплообмен: одинаковый учёт Q на обеих сторонах; если k=0 или контакт закрыт, обмена нет. Контакт с solid: непроницаемость, опора/система тел согласно flags; тепло не требует прохождения вещества через стенку. Нагреватель/охладитель: ограниченное внешнее Q, соблюдение знака/target/power, не мгновенная установка температуры.",Базовые контакт/тепло/фазы сохраняются; доступный кислород не ограничивает горение.,"Базовые контакт/тепло/фазы сохраняются; обычное горение учитывает доступный окислитель, self-oxidizing исключён.","T01: изолированная пара разных T; Q обоих участников и сумма энергии с учётом внешних источников. M01: непроницаемая стенка1/2/4 клеток и опора; смещения относительно air-сетки, сохранение геометрии/массы. T03: target/power/on/off и настройка на паузе; внешний Q, отсутствие скачка T при настройке.",Контракт записан; полная приёмка пары не выполнена,../ice/PASSPORT.md; ../heater/PASSPORT.md; SOURCES.md,1
core:ice__core:cooler,core:ice,core:cooler,H+S+Q,"Регулятор реализован; ограниченный внешний Q, конфигурация в Pressure/Lifetime.","Контактный теплообмен: одинаковый учёт Q на обеих сторонах; если k=0 или контакт закрыт, обмена нет. Контакт с solid: непроницаемость, опора/система тел согласно flags; тепло не требует прохождения вещества через стенку. Нагреватель/охладитель: ограниченное внешнее Q, соблюдение знака/target/power, не мгновенная установка температуры.",Базовые контакт/тепло/фазы сохраняются; доступный кислород не ограничивает горение.,"Базовые контакт/тепло/фазы сохраняются; обычное горение учитывает доступный окислитель, self-oxidizing исключён.","T01: изолированная пара разных T; Q обоих участников и сумма энергии с учётом внешних источников. M01: непроницаемая стенка1/2/4 клеток и опора; смещения относительно air-сетки, сохранение геометрии/массы. T03: target/power/on/off и настройка на паузе; внешний Q, отсутствие скачка T при настройке.",Контракт записан; полная приёмка пары не выполнена,../ice/PASSPORT.md; ../cooler/PASSPORT.md; SOURCES.md,1
core:ice__core:empty,core:ice,core:empty,B,Grid empty и воздух/тепло/O₂ хранятся отдельно; удаление газа не даёт свежий воздух.,Пустое место и отдельный фоновый воздух: допустимое размещение/граничный обмен; empty не вакуум и не источник свежего O₂.,Базовые контакт/тепло/фазы сохраняются; доступный кислород не ограничивает горение.,"Базовые контакт/тепло/фазы сохраняются; обычное горение учитывает доступный окислитель, self-oxidizing исключён.",E01: истощённая пустая камера и удаление/размещение вещества; нет самопополнения запасов.,Контракт записан; полная приёмка пары не выполнена,../ice/PASSPORT.md; ../empty/PASSPORT.md; SOURCES.md,7
core:ice__core:eraser,core:ice,core:eraser,R,Brush стирает GridCell; очистку/сохранность отдельных pending-полей проверить отдельно.,Ластик: внешнее удаление материальной клетки и обновление геометрии/эффектов; не химическая реакция.,Базовые контакт/тепло/фазы сохраняются; доступный кислород не ограничивает горение.,"Базовые контакт/тепло/фазы сохраняются; обычное горение учитывает доступный окислитель, self-oxidizing исключён.","E02: стирание на паузе/при реакции, затем reload; материя/топология/эффекты и pending-поля.",Контракт записан; полная приёмка пары не выполнена,../ice/PASSPORT.md; ../eraser/PASSPORT.md; SOURCES.md,7
core:steam__core:steam,core:steam,core:steam,H+G,"Газ занимает отдельные клетки; перенос и тепло через общие решатели, не растворённая смесь. CW: общий wall-visible carrier, касательный обход, ограниченная поперечная дисперсия; не отдельная химия этой пары. FW: дополнительная CW-дисперсия у твёрдой поперечной границы; собственные свойства/реакции прежние.","Контактный теплообмен: одинаковый учёт Q на обеих сторонах; если k=0 или контакт закрыт, обмена нет. Газовый контакт/поток: перенос массы и тепла, границы и столкновения; единой многокомпонентной клетки пока нет.",Базовые контакт/тепло/фазы сохраняются; доступный кислород не ограничивает горение.,"Базовые контакт/тепло/фазы сохраняются; обычное горение учитывает доступный окислитель, self-oxidizing исключён.",T01: изолированная пара разных T; Q обоих участников и сумма энергии с учётом внешних источников. G01: облако и канал с холодным/горячим участком; поток/масса/температура и нулевые пересечения стен.,"Контракт записан; полная приёмка пары не выполнена; CW выбранный общий перенос/балансы PASS2026-10-04, не полная приёмка пары; старый FireObstacle Simulation FAIL отдельно; FW общий перенос/ширина/балансы PASS2026-10-04, не полная приёмка пары",../steam/PASSPORT.md; ../steam/PASSPORT.md; SOURCES.md; CHIMNEY_WIDTH_CONTRACT.md; ../../CHIMNEY_WIDTH_RESULTS.md; FREE_FLAME_CONTRACT.md; ../../FREE_FLAME_RESULTS.md,4
core:steam__core:metal,core:steam,core:metal,H+S+G,"Газ занимает отдельные клетки; перенос и тепло через общие решатели, не растворённая смесь. CW: общий wall-visible carrier, касательный обход, ограниченная поперечная дисперсия; не отдельная химия этой пары. FW: дополнительная CW-дисперсия у твёрдой поперечной границы; собственные свойства/реакции прежние.","Контактный теплообмен: одинаковый учёт Q на обеих сторонах; если k=0 или контакт закрыт, обмена нет. Контакт с solid: непроницаемость, опора/система тел согласно flags; тепло не требует прохождения вещества через стенку. Газовый контакт/поток: перенос массы и тепла, границы и столкновения; единой многокомпонентной клетки пока нет.",Базовые контакт/тепло/фазы сохраняются; доступный кислород не ограничивает горение.,"Базовые контакт/тепло/фазы сохраняются; обычное горение учитывает доступный окислитель, self-oxidizing исключён.","T01: изолированная пара разных T; Q обоих участников и сумма энергии с учётом внешних источников. M01: непроницаемая стенка1/2/4 клеток и опора; смещения относительно air-сетки, сохранение геометрии/массы. G01: облако и канал с холодным/горячим участком; поток/масса/температура и нулевые пересечения стен.","Контракт записан; полная приёмка пары не выполнена; CW выбранный общий перенос/балансы PASS2026-10-04, не полная приёмка пары; старый FireObstacle Simulation FAIL отдельно; FW общий перенос/ширина/балансы PASS2026-10-04, не полная приёмка пары",../steam/PASSPORT.md; ../metal/PASSPORT.md; SOURCES.md; CHIMNEY_WIDTH_CONTRACT.md; ../../CHIMNEY_WIDTH_RESULTS.md; FREE_FLAME_CONTRACT.md; ../../FREE_FLAME_RESULTS.md,4
core:steam__core:molten_metal,core:steam,core:molten_metal,H+L+G,"Газ занимает отдельные клетки; перенос и тепло через общие решатели, не растворённая смесь.","Контактный теплообмен: одинаковый учёт Q на обеих сторонах; если k=0 или контакт закрыт, обмена нет. Liquid/granular контакт: течение, плотностный обмен/вытеснение и сохранение переносимых полей; не растворение по умолчанию. Газовый контакт/поток: перенос массы и тепла, границы и столкновения; единой многокомпонентной клетки пока нет.",Базовые контакт/тепло/фазы сохраняются; доступный кислород не ограничивает горение.,"Базовые контакт/тепло/фазы сохраняются; обычное горение учитывает доступный окислитель, self-oxidizing исключён.","T01: изолированная пара разных T; Q обоих участников и сумма энергии с учётом внешних источников. M02: закрытый сосуд/куча/склон; выравнивание и оседание, нет ухода массы через преграду. G01: облако и канал с холодным/горячим участком; поток/масса/температура и нулевые пересечения стен.",Контракт записан; полная приёмка пары не выполнена,../steam/PASSPORT.md; ../molten_metal/PASSPORT.md; SOURCES.md,4
core:steam__core:stone,core:steam,core:stone,H+S+G,"Газ занимает отдельные клетки; перенос и тепло через общие решатели, не растворённая смесь.","Контактный теплообмен: одинаковый учёт Q на обеих сторонах; если k=0 или контакт закрыт, обмена нет. Контакт с solid: непроницаемость, опора/система тел согласно flags; тепло не требует прохождения вещества через стенку. Газовый контакт/поток: перенос массы и тепла, границы и столкновения; единой многокомпонентной клетки пока нет.",Базовые контакт/тепло/фазы сохраняются; доступный кислород не ограничивает горение.,"Базовые контакт/тепло/фазы сохраняются; обычное горение учитывает доступный окислитель, self-oxidizing исключён.","T01: изолированная пара разных T; Q обоих участников и сумма энергии с учётом внешних источников. M01: непроницаемая стенка1/2/4 клеток и опора; смещения относительно air-сетки, сохранение геометрии/массы. G01: облако и канал с холодным/горячим участком; поток/масса/температура и нулевые пересечения стен.",Контракт записан; полная приёмка пары не выполнена,../steam/PASSPORT.md; ../stone/PASSPORT.md; SOURCES.md,4
core:steam__core:fixture,core:steam,core:fixture,H+S+G,"Газ занимает отдельные клетки; перенос и тепло через общие решатели, не растворённая смесь.","Контактный теплообмен: одинаковый учёт Q на обеих сторонах; если k=0 или контакт закрыт, обмена нет. Контакт с solid: непроницаемость, опора/система тел согласно flags; тепло не требует прохождения вещества через стенку. Газовый контакт/поток: перенос массы и тепла, границы и столкновения; единой многокомпонентной клетки пока нет.",Базовые контакт/тепло/фазы сохраняются; доступный кислород не ограничивает горение.,"Базовые контакт/тепло/фазы сохраняются; обычное горение учитывает доступный окислитель, self-oxidizing исключён.","T01: изолированная пара разных T; Q обоих участников и сумма энергии с учётом внешних источников. M01: непроницаемая стенка1/2/4 клеток и опора; смещения относительно air-сетки, сохранение геометрии/массы. G01: облако и канал с холодным/горячим участком; поток/масса/температура и нулевые пересечения стен.",Контракт записан; полная приёмка пары не выполнена,../steam/PASSPORT.md; ../fixture/PASSPORT.md; SOURCES.md,4
core:steam__core:wood,core:steam,core:wood,H+S+G+O,"Запас/вытеснение окислителя реализованы; self-oxidizing gunpowder не расходует фоновый запас. Газ занимает отдельные клетки; перенос и тепло через общие решатели, не растворённая смесь. WD: оплаченная сушка/пар, закрытая пора.","Контактный теплообмен: одинаковый учёт Q на обеих сторонах; если k=0 или контакт закрыт, обмена нет. Контакт с solid: непроницаемость, опора/система тел согласно flags; тепло не требует прохождения вещества через стенку. Газовый контакт/поток: перенос массы и тепла, границы и столкновения; единой многокомпонентной клетки пока нет. Доступ воздуха: в Симуляции топливо зависит от запаса/ёмкости; в Песочнице кислородный бюджет не ограничивает реакцию. Порох self-oxidizing — исключение.",Базовые контакт/тепло/фазы сохраняются; доступный кислород не ограничивает горение.,"Базовые контакт/тепло/фазы сохраняются; обычное горение учитывает доступный окислитель, self-oxidizing исключён.","T01: изолированная пара разных T; Q обоих участников и сумма энергии с учётом внешних источников. M01: непроницаемая стенка1/2/4 клеток и опора; смещения относительно air-сетки, сохранение геометрии/массы. G01: облако и канал с холодным/горячим участком; поток/масса/температура и нулевые пересечения стен. C02: открытый/закрытый и истощённый мир; сравнение двух режимов, ledger окислителя. WD01/02,WD04–WD07: выбранный водный/сушильный/угольный цикл по контракту.","Контракт записан; полная приёмка пары не выполнена; WD выбранные сценарии PASS, полная пара не принята",../steam/PASSPORT.md; ../wood/PASSPORT.md; SOURCES.md; ../wood/WOOD_CYCLE_CONTRACT.md; ../wood/WOOD_CYCLE_RESULTS.md,3
core:steam__core:coal,core:steam,core:coal,H+L+G+O,"Запас/вытеснение окислителя реализованы; self-oxidizing gunpowder не расходует фоновый запас. Газ занимает отдельные клетки; перенос и тепло через общие решатели, не растворённая смесь. WC02/G08: оплаченная вода топлива выходит паром в свободную клетку; прямое соседство steam не создаёт влагу. Заливка: мокрое топливо T≤100°C с сохранением избыточного Q, сушка в соседний steam; плотный слой не пробивается прямым liquid/granular обменом.","Контактный теплообмен: одинаковый учёт Q на обеих сторонах; если k=0 или контакт закрыт, обмена нет. Liquid/granular контакт: течение, плотностный обмен/вытеснение и сохранение переносимых полей; не растворение по умолчанию. Газовый контакт/поток: перенос массы и тепла, границы и столкновения; единой многокомпонентной клетки пока нет. Доступ воздуха: в Симуляции топливо зависит от запаса/ёмкости; в Песочнице кислородный бюджет не ограничивает реакцию. Порох self-oxidizing — исключение.",Базовые контакт/тепло/фазы сохраняются; доступный кислород не ограничивает горение.,"Базовые контакт/тепло/фазы сохраняются; обычное горение учитывает доступный окислитель, self-oxidizing исключён.","T01: изолированная пара разных T; Q обоих участников и сумма энергии с учётом внешних источников. M02: закрытый сосуд/куча/склон; выравнивание и оседание, нет ухода массы через преграду. G01: облако и канал с холодным/горячим участком; поток/масса/температура и нулевые пересечения стен. C02: открытый/закрытый и истощённый мир; сравнение двух режимов, ledger окислителя. WC02/G08: изолированный баланс/поджиг/сушка/пауза/reload, режимы×Air×30/60/100FPS.",WC02/G08 выбранная связь PASS; вся пара не принята,../steam/PASSPORT.md; ../coal/PASSPORT.md; SOURCES.md; ../../FUEL_MOISTURE_RESULTS.md; ../../MOISTURE_POUR_RESULTS.md,3
core:steam__core:wet_charcoal,core:steam,core:wet_charcoal,H+L+G,"Газ занимает отдельные клетки; перенос и тепло через общие решатели, не растворённая смесь. WC02/G08: оплаченная вода топлива выходит паром в свободную клетку; прямое соседство steam не создаёт влагу. Заливка: мокрое топливо T≤100°C с сохранением избыточного Q, сушка в соседний steam; плотный слой не пробивается прямым liquid/granular обменом.","Контактный теплообмен: одинаковый учёт Q на обеих сторонах; если k=0 или контакт закрыт, обмена нет. Liquid/granular контакт: течение, плотностный обмен/вытеснение и сохранение переносимых полей; не растворение по умолчанию. Газовый контакт/поток: перенос массы и тепла, границы и столкновения; единой многокомпонентной клетки пока нет.",Базовые контакт/тепло/фазы сохраняются; доступный кислород не ограничивает горение.,"Базовые контакт/тепло/фазы сохраняются; обычное горение учитывает доступный окислитель, self-oxidizing исключён.","T01: изолированная пара разных T; Q обоих участников и сумма энергии с учётом внешних источников. M02: закрытый сосуд/куча/склон; выравнивание и оседание, нет ухода массы через преграду. G01: облако и канал с холодным/горячим участком; поток/масса/температура и нулевые пересечения стен. WC02/G08: изолированный баланс/поджиг/сушка/пауза/reload, режимы×Air×30/60/100FPS.",WC02/G08 выбранная связь PASS; вся пара не принята,../steam/PASSPORT.md; ../wet_charcoal/PASSPORT.md; SOURCES.md; ../../FUEL_MOISTURE_RESULTS.md; ../../MOISTURE_POUR_RESULTS.md,4
core:steam__core:stone_coal,core:steam,core:stone_coal,H+L+G+O,"Запас/вытеснение окислителя реализованы; self-oxidizing gunpowder не расходует фоновый запас. Газ занимает отдельные клетки; перенос и тепло через общие решатели, не растворённая смесь.","Контактный теплообмен: одинаковый учёт Q на обеих сторонах; если k=0 или контакт закрыт, обмена нет. Liquid/granular контакт: течение, плотностный обмен/вытеснение и сохранение переносимых полей; не растворение по умолчанию. Газовый контакт/поток: перенос массы и тепла, границы и столкновения; единой многокомпонентной клетки пока нет. Доступ воздуха: в Симуляции топливо зависит от запаса/ёмкости; в Песочнице кислородный бюджет не ограничивает реакцию. Порох self-oxidizing — исключение.",Базовые контакт/тепло/фазы сохраняются; доступный кислород не ограничивает горение.,"Базовые контакт/тепло/фазы сохраняются; обычное горение учитывает доступный окислитель, self-oxidizing исключён.","T01: изолированная пара разных T; Q обоих участников и сумма энергии с учётом внешних источников. M02: закрытый сосуд/куча/склон; выравнивание и оседание, нет ухода массы через преграду. G01: облако и канал с холодным/горячим участком; поток/масса/температура и нулевые пересечения стен. C02: открытый/закрытый и истощённый мир; сравнение двух режимов, ledger окислителя.",Контракт записан; полная приёмка пары не выполнена,../steam/PASSPORT.md; ../stone_coal/PASSPORT.md; SOURCES.md,3
core:steam__core:gunpowder,core:steam,core:gunpowder,H+L+G+O+P,"Запас/вытеснение окислителя реализованы; self-oxidizing gunpowder не расходует фоновый запас. Пороховой pulse реализован; разрушение стен/полная химия не реализованы. Газ занимает отдельные клетки; перенос и тепло через общие решатели, не растворённая смесь. WC02/G08: оплаченная вода топлива выходит паром в свободную клетку; прямое соседство steam не создаёт влагу. Заливка: мокрое топливо T≤100°C с сохранением избыточного Q, сушка в соседний steam; плотный слой не пробивается прямым liquid/granular обменом.","Контактный теплообмен: одинаковый учёт Q на обеих сторонах; если k=0 или контакт закрыт, обмена нет. Liquid/granular контакт: течение, плотностный обмен/вытеснение и сохранение переносимых полей; не растворение по умолчанию. Газовый контакт/поток: перенос массы и тепла, границы и столкновения; единой многокомпонентной клетки пока нет. Доступ воздуха: в Симуляции топливо зависит от запаса/ёмкости; в Песочнице кислородный бюджет не ограничивает реакцию. Порох self-oxidizing — исключение. Пороховой источник/окружение: тепло и давление при горении, реакция однократна; отклик зависит от геометрии камеры, не от произвольной реакции каждого соседа.",Базовые контакт/тепло/фазы сохраняются; доступный кислород не ограничивает горение.,"Базовые контакт/тепло/фазы сохраняются; обычное горение учитывает доступный окислитель, self-oxidizing исключён.","T01: изолированная пара разных T; Q обоих участников и сумма энергии с учётом внешних источников. M02: закрытый сосуд/куча/склон; выравнивание и оседание, нет ухода массы через преграду. G01: облако и канал с холодным/горячим участком; поток/масса/температура и нулевые пересечения стен. C02: открытый/закрытый и истощённый мир; сравнение двух режимов, ledger окислителя. P01: открытая вспышка, герметичная и вентилируемая камера; однократные P/E/C, выброс, повтор/reload. WC02/G08: изолированный баланс/поджиг/сушка/пауза/reload, режимы×Air×30/60/100FPS.",WC02/G08 выбранная связь PASS; вся пара не принята,../steam/PASSPORT.md; ../gunpowder/PASSPORT.md; SOURCES.md; ../../FUEL_MOISTURE_RESULTS.md; ../../MOISTURE_POUR_RESULTS.md,3
core:steam__core:fire,core:steam,core:fire,H+G,"Газ занимает отдельные клетки; перенос и тепло через общие решатели, не растворённая смесь. CW: общий wall-visible carrier, касательный обход, ограниченная поперечная дисперсия; не отдельная химия этой пары. FW: дополнительная CW-дисперсия у твёрдой поперечной границы; собственные свойства/реакции прежние.","Контактный теплообмен: одинаковый учёт Q на обеих сторонах; если k=0 или контакт закрыт, обмена нет. Газовый контакт/поток: перенос массы и тепла, границы и столкновения; единой многокомпонентной клетки пока нет.",Базовые контакт/тепло/фазы сохраняются; доступный кислород не ограничивает горение.,"Базовые контакт/тепло/фазы сохраняются; обычное горение учитывает доступный окислитель, self-oxidizing исключён.",T01: изолированная пара разных T; Q обоих участников и сумма энергии с учётом внешних источников. G01: облако и канал с холодным/горячим участком; поток/масса/температура и нулевые пересечения стен.,"Контракт записан; полная приёмка пары не выполнена; CW выбранный общий перенос/балансы PASS2026-10-04, не полная приёмка пары; старый FireObstacle Simulation FAIL отдельно; FW общий перенос/ширина/балансы PASS2026-10-04, не полная приёмка пары",../steam/PASSPORT.md; ../fire/PASSPORT.md; SOURCES.md; CHIMNEY_WIDTH_CONTRACT.md; ../../CHIMNEY_WIDTH_RESULTS.md; FREE_FLAME_CONTRACT.md; ../../FREE_FLAME_RESULTS.md,4
core:steam__core:smoke,core:steam,core:smoke,H+G,"Газ занимает отдельные клетки; перенос и тепло через общие решатели, не растворённая смесь. CW: общий wall-visible carrier, касательный обход, ограниченная поперечная дисперсия; не отдельная химия этой пары. FW: дополнительная CW-дисперсия у твёрдой поперечной границы; собственные свойства/реакции прежние.","Контактный теплообмен: одинаковый учёт Q на обеих сторонах; если k=0 или контакт закрыт, обмена нет. Газовый контакт/поток: перенос массы и тепла, границы и столкновения; единой многокомпонентной клетки пока нет.",Базовые контакт/тепло/фазы сохраняются; доступный кислород не ограничивает горение.,"Базовые контакт/тепло/фазы сохраняются; обычное горение учитывает доступный окислитель, self-oxidizing исключён.",T01: изолированная пара разных T; Q обоих участников и сумма энергии с учётом внешних источников. G01: облако и канал с холодным/горячим участком; поток/масса/температура и нулевые пересечения стен.,"Контракт записан; полная приёмка пары не выполнена; CW выбранный общий перенос/балансы PASS2026-10-04, не полная приёмка пары; старый FireObstacle Simulation FAIL отдельно; FW общий перенос/ширина/балансы PASS2026-10-04, не полная приёмка пары",../steam/PASSPORT.md; ../smoke/PASSPORT.md; SOURCES.md; CHIMNEY_WIDTH_CONTRACT.md; ../../CHIMNEY_WIDTH_RESULTS.md; FREE_FLAME_CONTRACT.md; ../../FREE_FLAME_RESULTS.md,4
core:steam__core:co2,core:steam,core:co2,H+G,"Газ занимает отдельные клетки; перенос и тепло через общие решатели, не растворённая смесь. CW: общий wall-visible carrier, касательный обход, ограниченная поперечная дисперсия; не отдельная химия этой пары. FW: дополнительная CW-дисперсия у твёрдой поперечной границы; собственные свойства/реакции прежние.","Контактный теплообмен: одинаковый учёт Q на обеих сторонах; если k=0 или контакт закрыт, обмена нет. Газовый контакт/поток: перенос массы и тепла, границы и столкновения; единой многокомпонентной клетки пока нет.",Базовые контакт/тепло/фазы сохраняются; доступный кислород не ограничивает горение.,"Базовые контакт/тепло/фазы сохраняются; обычное горение учитывает доступный окислитель, self-oxidizing исключён.",T01: изолированная пара разных T; Q обоих участников и сумма энергии с учётом внешних источников. G01: облако и канал с холодным/горячим участком; поток/масса/температура и нулевые пересечения стен.,"Контракт записан; полная приёмка пары не выполнена; CW выбранный общий перенос/балансы PASS2026-10-04, не полная приёмка пары; старый FireObstacle Simulation FAIL отдельно; FW общий перенос/ширина/балансы PASS2026-10-04, не полная приёмка пары",../steam/PASSPORT.md; ../co2/PASSPORT.md; SOURCES.md; CHIMNEY_WIDTH_CONTRACT.md; ../../CHIMNEY_WIDTH_RESULTS.md; FREE_FLAME_CONTRACT.md; ../../FREE_FLAME_RESULTS.md,4
core:steam__core:heater,core:steam,core:heater,H+S+G+Q,"Регулятор реализован; ограниченный внешний Q, конфигурация в Pressure/Lifetime. Газ занимает отдельные клетки; перенос и тепло через общие решатели, не растворённая смесь.","Контактный теплообмен: одинаковый учёт Q на обеих сторонах; если k=0 или контакт закрыт, обмена нет. Контакт с solid: непроницаемость, опора/система тел согласно flags; тепло не требует прохождения вещества через стенку. Газовый контакт/поток: перенос массы и тепла, границы и столкновения; единой многокомпонентной клетки пока нет. Нагреватель/охладитель: ограниченное внешнее Q, соблюдение знака/target/power, не мгновенная установка температуры.",Базовые контакт/тепло/фазы сохраняются; доступный кислород не ограничивает горение.,"Базовые контакт/тепло/фазы сохраняются; обычное горение учитывает доступный окислитель, self-oxidizing исключён.","T01: изолированная пара разных T; Q обоих участников и сумма энергии с учётом внешних источников. M01: непроницаемая стенка1/2/4 клеток и опора; смещения относительно air-сетки, сохранение геометрии/массы. G01: облако и канал с холодным/горячим участком; поток/масса/температура и нулевые пересечения стен. T03: target/power/on/off и настройка на паузе; внешний Q, отсутствие скачка T при настройке.",Контракт записан; полная приёмка пары не выполнена,../steam/PASSPORT.md; ../heater/PASSPORT.md; SOURCES.md,1
core:steam__core:cooler,core:steam,core:cooler,H+S+G+Q,"Регулятор реализован; ограниченный внешний Q, конфигурация в Pressure/Lifetime. Газ занимает отдельные клетки; перенос и тепло через общие решатели, не растворённая смесь.","Контактный теплообмен: одинаковый учёт Q на обеих сторонах; если k=0 или контакт закрыт, обмена нет. Контакт с solid: непроницаемость, опора/система тел согласно flags; тепло не требует прохождения вещества через стенку. Газовый контакт/поток: перенос массы и тепла, границы и столкновения; единой многокомпонентной клетки пока нет. Нагреватель/охладитель: ограниченное внешнее Q, соблюдение знака/target/power, не мгновенная установка температуры.",Базовые контакт/тепло/фазы сохраняются; доступный кислород не ограничивает горение.,"Базовые контакт/тепло/фазы сохраняются; обычное горение учитывает доступный окислитель, self-oxidizing исключён.","T01: изолированная пара разных T; Q обоих участников и сумма энергии с учётом внешних источников. M01: непроницаемая стенка1/2/4 клеток и опора; смещения относительно air-сетки, сохранение геометрии/массы. G01: облако и канал с холодным/горячим участком; поток/масса/температура и нулевые пересечения стен. T03: target/power/on/off и настройка на паузе; внешний Q, отсутствие скачка T при настройке.",Контракт записан; полная приёмка пары не выполнена,../steam/PASSPORT.md; ../cooler/PASSPORT.md; SOURCES.md,1
core:steam__core:empty,core:steam,core:empty,B,Grid empty и воздух/тепло/O₂ хранятся отдельно; удаление газа не даёт свежий воздух.,Пустое место и отдельный фоновый воздух: допустимое размещение/граничный обмен; empty не вакуум и не источник свежего O₂.,Базовые контакт/тепло/фазы сохраняются; доступный кислород не ограничивает горение.,"Базовые контакт/тепло/фазы сохраняются; обычное горение учитывает доступный окислитель, self-oxidizing исключён.",E01: истощённая пустая камера и удаление/размещение вещества; нет самопополнения запасов.,Контракт записан; полная приёмка пары не выполнена,../steam/PASSPORT.md; ../empty/PASSPORT.md; SOURCES.md,7
core:steam__core:eraser,core:steam,core:eraser,R,Brush стирает GridCell; очистку/сохранность отдельных pending-полей проверить отдельно.,Ластик: внешнее удаление материальной клетки и обновление геометрии/эффектов; не химическая реакция.,Базовые контакт/тепло/фазы сохраняются; доступный кислород не ограничивает горение.,"Базовые контакт/тепло/фазы сохраняются; обычное горение учитывает доступный окислитель, self-oxidizing исключён.","E02: стирание на паузе/при реакции, затем reload; материя/топология/эффекты и pending-поля.",Контракт записан; полная приёмка пары не выполнена,../steam/PASSPORT.md; ../eraser/PASSPORT.md; SOURCES.md,7
core:metal__core:metal,core:metal,core:metal,H+S+BW,Общие контакт/перенос/тепло по классу реализованы; специальная реакция не объявлена. BW: ограниченный внутренний Q в однородном высокопроводящем твёрдом теле; поверхностный контакт и химия прежние.,"Контактный теплообмен: одинаковый учёт Q на обеих сторонах; если k=0 или контакт закрыт, обмена нет. Контакт с solid: непроницаемость, опора/система тел согласно flags; тепло не требует прохождения вещества через стенку.",Базовые контакт/тепло/фазы сохраняются; доступный кислород не ограничивает горение.,"Базовые контакт/тепло/фазы сохраняются; обычное горение учитывает доступный окислитель, self-oxidizing исключён.","T01: изолированная пара разных T; Q обоих участников и сумма энергии с учётом внешних источников. M01: непроницаемая стенка1/2/4 клеток и опора; смещения относительно air-сетки, сохранение геометрии/массы. BW01–BW05: внутреннее проведение, преграды, фазы, котёл/тяга, мощность устройства и save/load; выбранные общие сценарии.",Контракт записан; полная приёмка пары не выполнена BW: выбранные тепловые проверки PASS; полной приёмки пары нет.,../metal/PASSPORT.md; ../metal/PASSPORT.md; SOURCES.md; BOILER_HEAT_CONTRACT.md; ../../BOILER_HEAT_RESULTS.md,5
core:metal__core:molten_metal,core:metal,core:molten_metal,H+S+F,"Единая энтальпия1000/950°C/L370; Mass, фазовый прогресс, перенос и reload сохраняются.","Контактный теплообмен: одинаковый учёт Q на обеих сторонах; если k=0 или контакт закрыт, обмена нет. Контакт с solid: непроницаемость, опора/система тел согласно flags; тепло не требует прохождения вещества через стенку. Связанный фазовый цикл: оплачивать переход единой энтальпией и сохранять Mass; конкретные пороги в паспорте.",Базовые контакт/тепло/фазы сохраняются; доступный кислород не ограничивает горение.,"Базовые контакт/тепло/фазы сохраняются; обычное горение учитывает доступный окислитель, self-oxidizing исключён.","T01: изолированная пара разных T; Q обоих участников и сумма энергии с учётом внешних источников. M01: непроницаемая стенка1/2/4 клеток и опора; смещения относительно air-сетки, сохранение геометрии/массы. T02: замкнутый цикл фаз и частичный переход; Mass, единая энтальпия, избыток Q и reload.",M03–M08 энергетический контракт PASS; полный паспорт и все пространственные связи не закрыты,../metal/PASSPORT.md; ../molten_metal/PASSPORT.md; SOURCES.md; ../metal/METAL_FUSION_RESULTS.md,1
core:metal__core:stone,core:metal,core:stone,H+S,Общие контакт/перенос/тепло по классу реализованы; специальная реакция не объявлена.,"Контактный теплообмен: одинаковый учёт Q на обеих сторонах; если k=0 или контакт закрыт, обмена нет. Контакт с solid: непроницаемость, опора/система тел согласно flags; тепло не требует прохождения вещества через стенку.",Базовые контакт/тепло/фазы сохраняются; доступный кислород не ограничивает горение.,"Базовые контакт/тепло/фазы сохраняются; обычное горение учитывает доступный окислитель, self-oxidizing исключён.","T01: изолированная пара разных T; Q обоих участников и сумма энергии с учётом внешних источников. M01: непроницаемая стенка1/2/4 клеток и опора; смещения относительно air-сетки, сохранение геометрии/массы.",Контракт записан; полная приёмка пары не выполнена,../metal/PASSPORT.md; ../stone/PASSPORT.md; SOURCES.md,5
core:metal__core:fixture,core:metal,core:fixture,H+S,Общие контакт/перенос/тепло по классу реализованы; специальная реакция не объявлена.,"Контактный теплообмен: одинаковый учёт Q на обеих сторонах; если k=0 или контакт закрыт, обмена нет. Контакт с solid: непроницаемость, опора/система тел согласно flags; тепло не требует прохождения вещества через стенку.",Базовые контакт/тепло/фазы сохраняются; доступный кислород не ограничивает горение.,"Базовые контакт/тепло/фазы сохраняются; обычное горение учитывает доступный окислитель, self-oxidizing исключён.","T01: изолированная пара разных T; Q обоих участников и сумма энергии с учётом внешних источников. M01: непроницаемая стенка1/2/4 клеток и опора; смещения относительно air-сетки, сохранение геометрии/массы.",Контракт записан; полная приёмка пары не выполнена,../metal/PASSPORT.md; ../fixture/PASSPORT.md; SOURCES.md,5
core:metal__core:wood,core:metal,core:wood,H+S,Общие контакт/перенос/тепло по классу реализованы; специальная реакция не объявлена.,"Контактный теплообмен: одинаковый учёт Q на обеих сторонах; если k=0 или контакт закрыт, обмена нет. Контакт с solid: непроницаемость, опора/система тел согласно flags; тепло не требует прохождения вещества через стенку.",Базовые контакт/тепло/фазы сохраняются; доступный кислород не ограничивает горение.,"Базовые контакт/тепло/фазы сохраняются; обычное горение учитывает доступный окислитель, self-oxidizing исключён.","T01: изолированная пара разных T; Q обоих участников и сумма энергии с учётом внешних источников. M01: непроницаемая стенка1/2/4 клеток и опора; смещения относительно air-сетки, сохранение геометрии/массы.",Контракт записан; полная приёмка пары не выполнена,../metal/PASSPORT.md; ../wood/PASSPORT.md; SOURCES.md,5
core:metal__core:coal,core:metal,core:coal,H+S,Общие контакт/перенос/тепло по классу реализованы; специальная реакция не объявлена.,"Контактный теплообмен: одинаковый учёт Q на обеих сторонах; если k=0 или контакт закрыт, обмена нет. Контакт с solid: непроницаемость, опора/система тел согласно flags; тепло не требует прохождения вещества через стенку.",Базовые контакт/тепло/фазы сохраняются; доступный кислород не ограничивает горение.,"Базовые контакт/тепло/фазы сохраняются; обычное горение учитывает доступный окислитель, self-oxidizing исключён.","T01: изолированная пара разных T; Q обоих участников и сумма энергии с учётом внешних источников. M01: непроницаемая стенка1/2/4 клеток и опора; смещения относительно air-сетки, сохранение геометрии/массы.",Контракт записан; полная приёмка пары не выполнена,../metal/PASSPORT.md; ../coal/PASSPORT.md; SOURCES.md,5
core:metal__core:wet_charcoal,core:metal,core:wet_charcoal,H+S,Общие контакт/перенос/тепло по классу реализованы; специальная реакция не объявлена.,"Контактный теплообмен: одинаковый учёт Q на обеих сторонах; если k=0 или контакт закрыт, обмена нет. Контакт с solid: непроницаемость, опора/система тел согласно flags; тепло не требует прохождения вещества через стенку.",Базовые контакт/тепло/фазы сохраняются; доступный кислород не ограничивает горение.,"Базовые контакт/тепло/фазы сохраняются; обычное горение учитывает доступный окислитель, self-oxidizing исключён.","T01: изолированная пара разных T; Q обоих участников и сумма энергии с учётом внешних источников. M01: непроницаемая стенка1/2/4 клеток и опора; смещения относительно air-сетки, сохранение геометрии/массы.",Контракт записан; полная приёмка пары не выполнена,../metal/PASSPORT.md; ../wet_charcoal/PASSPORT.md; SOURCES.md,5
core:metal__core:stone_coal,core:metal,core:stone_coal,H+S,Общие контакт/перенос/тепло по классу реализованы; специальная реакция не объявлена.,"Контактный теплообмен: одинаковый учёт Q на обеих сторонах; если k=0 или контакт закрыт, обмена нет. Контакт с solid: непроницаемость, опора/система тел согласно flags; тепло не требует прохождения вещества через стенку.",Базовые контакт/тепло/фазы сохраняются; доступный кислород не ограничивает горение.,"Базовые контакт/тепло/фазы сохраняются; обычное горение учитывает доступный окислитель, self-oxidizing исключён.","T01: изолированная пара разных T; Q обоих участников и сумма энергии с учётом внешних источников. M01: непроницаемая стенка1/2/4 клеток и опора; смещения относительно air-сетки, сохранение геометрии/массы.",Контракт записан; полная приёмка пары не выполнена,../metal/PASSPORT.md; ../stone_coal/PASSPORT.md; SOURCES.md,5
core:metal__core:gunpowder,core:metal,core:gunpowder,H+S+P,Пороховой pulse реализован; разрушение стен/полная химия не реализованы.,"Контактный теплообмен: одинаковый учёт Q на обеих сторонах; если k=0 или контакт закрыт, обмена нет. Контакт с solid: непроницаемость, опора/система тел согласно flags; тепло не требует прохождения вещества через стенку. Пороховой источник/окружение: тепло и давление при горении, реакция однократна; отклик зависит от геометрии камеры, не от произвольной реакции каждого соседа.",Базовые контакт/тепло/фазы сохраняются; доступный кислород не ограничивает горение.,"Базовые контакт/тепло/фазы сохраняются; обычное горение учитывает доступный окислитель, self-oxidizing исключён.","T01: изолированная пара разных T; Q обоих участников и сумма энергии с учётом внешних источников. M01: непроницаемая стенка1/2/4 клеток и опора; смещения относительно air-сетки, сохранение геометрии/массы. P01: открытая вспышка, герметичная и вентилируемая камера; однократные P/E/C, выброс, повтор/reload. FD: общий перенос воздуха, крыша/закрытый контроль, сохранённая печь и пороховый всплеск; это не новая химия пары.","Контракт записан; полная приёмка пары не выполнена; FD выбранные общие механизмы PASS2026-10-06, наружное плавление отдельно не подтверждено; EL выбранные производственные эмиссии/тяга PASS2026-10-06, не полная приёмка пары",../metal/PASSPORT.md; ../gunpowder/PASSPORT.md; SOURCES.md; FURNACE_DRAFT_CONTRACT.md; ../../FURNACE_DRAFT_RESULTS.md; EMISSION_LIFETIME_CONTRACT.md; ../../FURNACE_EMISSION_RESULTS.md,6
core:metal__core:fire,core:metal,core:fire,H+S+G+OC+OS,"Газ занимает отдельные клетки; перенос и тепло через общие решатели, не растворённая смесь. CW: общий wall-visible carrier, касательный обход, ограниченная поперечная дисперсия; не отдельная химия этой пары. FW: дополнительная CW-дисперсия у твёрдой поперечной границы; собственные свойства/реакции прежние. OC: устойчивый ограниченный перенос фонового O₂; горячий FIRE не гаснет от шахматной пустоты; скорость газа/жизнь/свечение прежние. OS: общий пристенный обход слоя к доступному краю; более быстрый согласованный поток сохраняется. Нагрев пластины, факел и печь в выбранных сценах PASS. BH2026-10-06: ограниченный симметричный лучевой обмен gas Flame/Smoke↔проводящий solid через видимый зазор; вода получает Q контактно и закрывает луч.","Контактный теплообмен: одинаковый учёт Q на обеих сторонах; если k=0 или контакт закрыт, обмена нет. Контакт с solid: непроницаемость, опора/система тел согласно flags; тепло не требует прохождения вещества через стенку. Газовый контакт/поток: перенос массы и тепла, границы и столкновения; единой многокомпонентной клетки пока нет.",Базовые контакт/тепло/фазы сохраняются; доступный кислород не ограничивает горение.,"Базовые контакт/тепло/фазы сохраняются; обычное горение учитывает доступный окислитель, self-oxidizing исключён.","T01: изолированная пара разных T; Q обоих участников и сумма энергии с учётом внешних источников. M01: непроницаемая стенка1/2/4 клеток и опора; смещения относительно air-сетки, сохранение геометрии/массы. G01: облако и канал с холодным/горячим участком; поток/масса/температура и нулевые пересечения стен. OC01–OC04: открытый факел/широкая пластина, конечный кислород и ближайшие регрессии; выбранная область. FD: общий перенос воздуха, крыша/закрытый контроль, сохранённая печь и пороховый всплеск; это не новая химия пары. BH01–BH05: GPU gap/shield/energy/phase/pore, печь40с оба режима30/60/100FPS, pause/save/load.","Контракт записан; полная приёмка пары не выполнена; CW выбранный общий перенос/балансы PASS2026-10-04, не полная приёмка пары; старый FireObstacle Simulation FAIL отдельно; FW общий перенос/ширина/балансы PASS2026-10-04, не полная приёмка пары; OC выбранные проверки PASS2026-10-05, полная пара не принята; OS выбранный объём PASS2026-10-05, полная пара не принята; FD выбранные общие механизмы PASS2026-10-06, наружное плавление отдельно не подтверждено; EL выбранные производственные эмиссии/тяга PASS2026-10-06, не полная приёмка пары; BH выбранные сценарии PASS2026-10-06, полный паспорт пары не принят",../metal/PASSPORT.md; ../fire/PASSPORT.md; SOURCES.md; CHIMNEY_WIDTH_CONTRACT.md; ../../CHIMNEY_WIDTH_RESULTS.md; FREE_FLAME_CONTRACT.md; ../../FREE_FLAME_RESULTS.md; OPEN_COMBUSTION_CONTRACT.md; ../../OPEN_COMBUSTION_RESULTS.md; ../oil/OIL_SMOKE_FLOW_CONTRACT.md; ../oil/OIL_SMOKE_FLOW_RESULTS.md; FURNACE_DRAFT_CONTRACT.md; ../../FURNACE_DRAFT_RESULTS.md; EMISSION_LIFETIME_CONTRACT.md; ../../FURNACE_EMISSION_RESULTS.md; FURNACE_SURFACE_HEAT_CONTRACT.md; ../../FURNACE_SURFACE_HEAT_RESULTS.md,4
core:metal__core:smoke,core:metal,core:smoke,H+S+G+OC+OS+HF,"Газ занимает отдельные клетки; перенос и тепло через общие решатели, не растворённая смесь. CW: общий wall-visible carrier, касательный обход, ограниченная поперечная дисперсия; не отдельная химия этой пары. FW: дополнительная CW-дисперсия у твёрдой поперечной границы; собственные свойства/реакции прежние. OC: устойчивый ограниченный перенос фонового O₂; горячий FIRE не гаснет от шахматной пустоты; скорость газа/жизнь/свечение прежние. OS: выход связного дымового слоя под потолком; закрытая камера сохраняет газ, стены/массу/Q. Выбранные сценарии PASS, не вся пара. HF03/HF04: настоящий массовый пакет в теплоёмкости предотвращает NaN в воздушном обмене малых продуктов; зонд стенки после слива проверяется отдельно от переноса газа. BH2026-10-06: ограниченный симметричный лучевой обмен gas Flame/Smoke↔проводящий solid через видимый зазор; вода получает Q контактно и закрывает луч.","Контактный теплообмен: одинаковый учёт Q на обеих сторонах; если k=0 или контакт закрыт, обмена нет. Контакт с solid: непроницаемость, опора/система тел согласно flags; тепло не требует прохождения вещества через стенку. Газовый контакт/поток: перенос массы и тепла, границы и столкновения; единой многокомпонентной клетки пока нет.",Базовые контакт/тепло/фазы сохраняются; доступный кислород не ограничивает горение.,"Базовые контакт/тепло/фазы сохраняются; обычное горение учитывает доступный окислитель, self-oxidizing исключён.","T01: изолированная пара разных T; Q обоих участников и сумма энергии с учётом внешних источников. M01: непроницаемая стенка1/2/4 клеток и опора; смещения относительно air-сетки, сохранение геометрии/массы. G01: облако и канал с холодным/горячим участком; поток/масса/температура и нулевые пересечения стен. OC01–OC04: открытый факел/широкая пластина, конечный кислород и ближайшие регрессии; выбранная область. FD: общий перенос воздуха, крыша/закрытый контроль, сохранённая печь и пороховый всплеск; это не новая химия пары. BH01–BH05: GPU gap/shield/energy/phase/pore, печь40с оба режима30/60/100FPS, pause/save/load.","Контракт записан; полная приёмка пары не выполнена; CW выбранный общий перенос/балансы PASS2026-10-04, не полная приёмка пары; старый FireObstacle Simulation FAIL отдельно; FW общий перенос/ширина/балансы PASS2026-10-04, не полная приёмка пары; OC выбранные проверки PASS2026-10-05, полная пара не принята; OS выбранный объём PASS2026-10-05, полная пара не принята; HF выбранные механизмы проверяются по новому отчёту, полная пара не принята; FD выбранные общие механизмы PASS2026-10-06, наружное плавление отдельно не подтверждено; BH выбранные сценарии PASS2026-10-06, полный паспорт пары не принят",../metal/PASSPORT.md; ../smoke/PASSPORT.md; SOURCES.md; CHIMNEY_WIDTH_CONTRACT.md; ../../CHIMNEY_WIDTH_RESULTS.md; FREE_FLAME_CONTRACT.md; ../../FREE_FLAME_RESULTS.md; OPEN_COMBUSTION_CONTRACT.md; ../../OPEN_COMBUSTION_RESULTS.md; ../oil/OIL_SMOKE_FLOW_CONTRACT.md; ../oil/OIL_SMOKE_FLOW_RESULTS.md; HANDOFF_FIXES_CONTRACT.md; ../../HANDOFF_FIXES_RESULTS.md; FURNACE_DRAFT_CONTRACT.md; ../../FURNACE_DRAFT_RESULTS.md; FURNACE_SURFACE_HEAT_CONTRACT.md; ../../FURNACE_SURFACE_HEAT_RESULTS.md,4
core:metal__core:co2,core:metal,core:co2,H+S+G+HF,"Газ занимает отдельные клетки; перенос и тепло через общие решатели, не растворённая смесь. CW: общий wall-visible carrier, касательный обход, ограниченная поперечная дисперсия; не отдельная химия этой пары. FW: дополнительная CW-дисперсия у твёрдой поперечной границы; собственные свойства/реакции прежние. HF03/HF04: настоящий массовый пакет в теплоёмкости предотвращает NaN в воздушном обмене малых продуктов; зонд стенки после слива проверяется отдельно от переноса газа.","Контактный теплообмен: одинаковый учёт Q на обеих сторонах; если k=0 или контакт закрыт, обмена нет. Контакт с solid: непроницаемость, опора/система тел согласно flags; тепло не требует прохождения вещества через стенку. Газовый контакт/поток: перенос массы и тепла, границы и столкновения; единой многокомпонентной клетки пока нет.",Базовые контакт/тепло/фазы сохраняются; доступный кислород не ограничивает горение.,"Базовые контакт/тепло/фазы сохраняются; обычное горение учитывает доступный окислитель, self-oxidizing исключён.","T01: изолированная пара разных T; Q обоих участников и сумма энергии с учётом внешних источников. M01: непроницаемая стенка1/2/4 клеток и опора; смещения относительно air-сетки, сохранение геометрии/массы. G01: облако и канал с холодным/горячим участком; поток/масса/температура и нулевые пересечения стен. FD: общий перенос воздуха, крыша/закрытый контроль, сохранённая печь и пороховый всплеск; это не новая химия пары.","Контракт записан; полная приёмка пары не выполнена; CW выбранный общий перенос/балансы PASS2026-10-04, не полная приёмка пары; старый FireObstacle Simulation FAIL отдельно; FW общий перенос/ширина/балансы PASS2026-10-04, не полная приёмка пары; HF выбранные механизмы проверяются по новому отчёту, полная пара не принята; FD выбранные общие механизмы PASS2026-10-06, наружное плавление отдельно не подтверждено",../metal/PASSPORT.md; ../co2/PASSPORT.md; SOURCES.md; CHIMNEY_WIDTH_CONTRACT.md; ../../CHIMNEY_WIDTH_RESULTS.md; FREE_FLAME_CONTRACT.md; ../../FREE_FLAME_RESULTS.md; HANDOFF_FIXES_CONTRACT.md; ../../HANDOFF_FIXES_RESULTS.md; FURNACE_DRAFT_CONTRACT.md; ../../FURNACE_DRAFT_RESULTS.md,4
core:metal__core:heater,core:metal,core:heater,H+S+Q+BW,"Регулятор реализован; ограниченный внешний Q, конфигурация в Pressure/Lifetime. BW: ограниченный внутренний Q в однородном высокопроводящем твёрдом теле; поверхностный контакт и химия прежние.","Контактный теплообмен: одинаковый учёт Q на обеих сторонах; если k=0 или контакт закрыт, обмена нет. Контакт с solid: непроницаемость, опора/система тел согласно flags; тепло не требует прохождения вещества через стенку. Нагреватель/охладитель: ограниченное внешнее Q, соблюдение знака/target/power, не мгновенная установка температуры.",Базовые контакт/тепло/фазы сохраняются; доступный кислород не ограничивает горение.,"Базовые контакт/тепло/фазы сохраняются; обычное горение учитывает доступный окислитель, self-oxidizing исключён.","T01: изолированная пара разных T; Q обоих участников и сумма энергии с учётом внешних источников. M01: непроницаемая стенка1/2/4 клеток и опора; смещения относительно air-сетки, сохранение геометрии/массы. T03: target/power/on/off и настройка на паузе; внешний Q, отсутствие скачка T при настройке. BW01–BW05: внутреннее проведение, преграды, фазы, котёл/тяга, мощность устройства и save/load; выбранные общие сценарии.",Контракт записан; полная приёмка пары не выполнена BW: выбранные тепловые проверки PASS; полной приёмки пары нет.,../metal/PASSPORT.md; ../heater/PASSPORT.md; SOURCES.md; BOILER_HEAT_CONTRACT.md; ../../BOILER_HEAT_RESULTS.md,1
core:metal__core:cooler,core:metal,core:cooler,H+S+Q+BW,"Регулятор реализован; ограниченный внешний Q, конфигурация в Pressure/Lifetime. BW: ограниченный внутренний Q в однородном высокопроводящем твёрдом теле; поверхностный контакт и химия прежние.","Контактный теплообмен: одинаковый учёт Q на обеих сторонах; если k=0 или контакт закрыт, обмена нет. Контакт с solid: непроницаемость, опора/система тел согласно flags; тепло не требует прохождения вещества через стенку. Нагреватель/охладитель: ограниченное внешнее Q, соблюдение знака/target/power, не мгновенная установка температуры.",Базовые контакт/тепло/фазы сохраняются; доступный кислород не ограничивает горение.,"Базовые контакт/тепло/фазы сохраняются; обычное горение учитывает доступный окислитель, self-oxidizing исключён.","T01: изолированная пара разных T; Q обоих участников и сумма энергии с учётом внешних источников. M01: непроницаемая стенка1/2/4 клеток и опора; смещения относительно air-сетки, сохранение геометрии/массы. T03: target/power/on/off и настройка на паузе; внешний Q, отсутствие скачка T при настройке. BW01–BW05: внутреннее проведение, преграды, фазы, котёл/тяга, мощность устройства и save/load; выбранные общие сценарии.",Контракт записан; полная приёмка пары не выполнена BW: выбранные тепловые проверки PASS; полной приёмки пары нет.,../metal/PASSPORT.md; ../cooler/PASSPORT.md; SOURCES.md; BOILER_HEAT_CONTRACT.md; ../../BOILER_HEAT_RESULTS.md,1
core:metal__core:empty,core:metal,core:empty,B,Grid empty и воздух/тепло/O₂ хранятся отдельно; удаление газа не даёт свежий воздух. ME: Открытая металлическая поверхность отдаёт/получает Q фоновому воздуху; удалённый metal/closed wall/k0/off PASS.,Пустое место и отдельный фоновый воздух: допустимое размещение/граничный обмен; empty не вакуум и не источник свежего O₂.,Базовые контакт/тепло/фазы сохраняются; доступный кислород не ограничивает горение.,"Базовые контакт/тепло/фазы сохраняются; обычное горение учитывает доступный окислитель, self-oxidizing исключён.",E01: истощённая пустая камера и удаление/размещение вещества; нет самопополнения запасов.,Контракт записан; полная приёмка пары не выполнена,../metal/PASSPORT.md; ../empty/PASSPORT.md; SOURCES.md; MATERIAL_ENVIRONMENT_CONTRACT.md; ../../MATERIAL_ENVIRONMENT_RESULTS.md,7
core:metal__core:eraser,core:metal,core:eraser,R,Brush стирает GridCell; очистку/сохранность отдельных pending-полей проверить отдельно.,Ластик: внешнее удаление материальной клетки и обновление геометрии/эффектов; не химическая реакция.,Базовые контакт/тепло/фазы сохраняются; доступный кислород не ограничивает горение.,"Базовые контакт/тепло/фазы сохраняются; обычное горение учитывает доступный окислитель, self-oxidizing исключён.","E02: стирание на паузе/при реакции, затем reload; материя/топология/эффекты и pending-поля.",Контракт записан; полная приёмка пары не выполнена,../metal/PASSPORT.md; ../eraser/PASSPORT.md; SOURCES.md,7
core:molten_metal__core:molten_metal,core:molten_metal,core:molten_metal,H+L,Общие контакт/перенос/тепло по классу реализованы; специальная реакция не объявлена.,"Контактный теплообмен: одинаковый учёт Q на обеих сторонах; если k=0 или контакт закрыт, обмена нет. Liquid/granular контакт: течение, плотностный обмен/вытеснение и сохранение переносимых полей; не растворение по умолчанию.",Базовые контакт/тепло/фазы сохраняются; доступный кислород не ограничивает горение.,"Базовые контакт/тепло/фазы сохраняются; обычное горение учитывает доступный окислитель, self-oxidizing исключён.","T01: изолированная пара разных T; Q обоих участников и сумма энергии с учётом внешних источников. M02: закрытый сосуд/куча/склон; выравнивание и оседание, нет ухода массы через преграду.",Контракт записан; полная приёмка пары не выполнена,../molten_metal/PASSPORT.md; ../molten_metal/PASSPORT.md; SOURCES.md,5
core:molten_metal__core:stone,core:molten_metal,core:stone,H+S,Общие контакт/перенос/тепло по классу реализованы; специальная реакция не объявлена.,"Контактный теплообмен: одинаковый учёт Q на обеих сторонах; если k=0 или контакт закрыт, обмена нет. Контакт с solid: непроницаемость, опора/система тел согласно flags; тепло не требует прохождения вещества через стенку.",Базовые контакт/тепло/фазы сохраняются; доступный кислород не ограничивает горение.,"Базовые контакт/тепло/фазы сохраняются; обычное горение учитывает доступный окислитель, self-oxidizing исключён.","T01: изолированная пара разных T; Q обоих участников и сумма энергии с учётом внешних источников. M01: непроницаемая стенка1/2/4 клеток и опора; смещения относительно air-сетки, сохранение геометрии/массы.",Контракт записан; полная приёмка пары не выполнена,../molten_metal/PASSPORT.md; ../stone/PASSPORT.md; SOURCES.md,5
core:molten_metal__core:fixture,core:molten_metal,core:fixture,H+S,Общие контакт/перенос/тепло по классу реализованы; специальная реакция не объявлена.,"Контактный теплообмен: одинаковый учёт Q на обеих сторонах; если k=0 или контакт закрыт, обмена нет. Контакт с solid: непроницаемость, опора/система тел согласно flags; тепло не требует прохождения вещества через стенку.",Базовые контакт/тепло/фазы сохраняются; доступный кислород не ограничивает горение.,"Базовые контакт/тепло/фазы сохраняются; обычное горение учитывает доступный окислитель, self-oxidizing исключён.","T01: изолированная пара разных T; Q обоих участников и сумма энергии с учётом внешних источников. M01: непроницаемая стенка1/2/4 клеток и опора; смещения относительно air-сетки, сохранение геометрии/массы.",Контракт записан; полная приёмка пары не выполнена,../molten_metal/PASSPORT.md; ../fixture/PASSPORT.md; SOURCES.md,5
core:molten_metal__core:wood,core:molten_metal,core:wood,H+S+W,Сохраняемой влажности/сушки этого топлива нет; мокрый уголь отдельный ID. SR2026-10-05: новое впитывание и поровая диффузия расплава запрещены; прежний запас сохраняется.,"Контактный теплообмен: одинаковый учёт Q на обеих сторонах; если k=0 или контакт закрыт, обмена нет. Контакт с solid: непроницаемость, опора/система тел согласно flags; тепло не требует прохождения вещества через стенку. Контакт жидкость/топливо: сначала охлаждение; впитывание, допустимые жидкости, вода и сушка определяются отдельно по каждому топливу. Расплавы металлов исключены из поровой жидкости; при полном выгорании основы прежний запас освобождается.",Базовые контакт/тепло/фазы сохраняются; доступный кислород не ограничивает горение.,"Базовые контакт/тепло/фазы сохраняются; обычное горение учитывает доступный окислитель, self-oxidizing исключён.","T01: изолированная пара разных T; Q обоих участников и сумма энергии с учётом внешних источников. M01: непроницаемая стенка1/2/4 клеток и опора; смещения относительно air-сетки, сохранение геометрии/массы. W01: жидкость у топлива, затем нагрев; масса воды/топлива, доступная горючесть и Q сушки; контроль с расплавом.",Контракт записан; полная приёмка пары не выполнена,../molten_metal/PASSPORT.md; ../wood/PASSPORT.md; SOURCES.md; BURNOUT_STOCK_CONTRACT.md; ../../SCENE_REPAIR_RESULTS.md,2
core:molten_metal__core:coal,core:molten_metal,core:coal,H+L+W,Расплав не запускает wet_charcoal; WC01a PASS0/64. Общие контакт/перенос/тепло сохраняются. SR2026-10-05: новое впитывание и поровая диффузия расплава запрещены; прежний запас сохраняется.,"Контактный теплообмен: одинаковый учёт Q на обеих сторонах; если k=0 или контакт закрыт, обмена нет. Liquid/granular контакт: течение, плотностный обмен/вытеснение и сохранение переносимых полей; не растворение по умолчанию. Контакт жидкость/топливо: сначала охлаждение; впитывание, допустимые жидкости, вода и сушка определяются отдельно по каждому топливу. Расплавы металлов исключены из поровой жидкости; при полном выгорании основы прежний запас освобождается.",Базовые контакт/тепло/фазы сохраняются; доступный кислород не ограничивает горение.,"Базовые контакт/тепло/фазы сохраняются; обычное горение учитывает доступный окислитель, self-oxidizing исключён.","T01: изолированная пара разных T; Q обоих участников и сумма энергии с учётом внешних источников. M02: закрытый сосуд/куча/склон; выравнивание и оседание, нет ухода массы через преграду. W01: жидкость у топлива, затем нагрев; масса воды/топлива, доступная горючесть и Q сушки; контроль с расплавом.",WC01a отрицательный контроль PASS; полная пространственная/тепловая приёмка пары отдельно,../molten_metal/PASSPORT.md; ../coal/PASSPORT.md; SOURCES.md; ../../WETTING_CONTACT_RESULTS.md; BURNOUT_STOCK_CONTRACT.md; ../../SCENE_REPAIR_RESULTS.md,2
core:molten_metal__core:wet_charcoal,core:molten_metal,core:wet_charcoal,H+L+W,Сохраняемой влажности/сушки этого топлива нет; мокрый уголь отдельный ID. SR2026-10-05: новое впитывание и поровая диффузия расплава запрещены; прежний запас сохраняется.,"Контактный теплообмен: одинаковый учёт Q на обеих сторонах; если k=0 или контакт закрыт, обмена нет. Liquid/granular контакт: течение, плотностный обмен/вытеснение и сохранение переносимых полей; не растворение по умолчанию. Контакт жидкость/топливо: сначала охлаждение; впитывание, допустимые жидкости, вода и сушка определяются отдельно по каждому топливу. Расплавы металлов исключены из поровой жидкости; при полном выгорании основы прежний запас освобождается.",Базовые контакт/тепло/фазы сохраняются; доступный кислород не ограничивает горение.,"Базовые контакт/тепло/фазы сохраняются; обычное горение учитывает доступный окислитель, self-oxidizing исключён.","T01: изолированная пара разных T; Q обоих участников и сумма энергии с учётом внешних источников. M02: закрытый сосуд/куча/склон; выравнивание и оседание, нет ухода массы через преграду. W01: жидкость у топлива, затем нагрев; масса воды/топлива, доступная горючесть и Q сушки; контроль с расплавом.",Контракт записан; полная приёмка пары не выполнена,../molten_metal/PASSPORT.md; ../wet_charcoal/PASSPORT.md; SOURCES.md; BURNOUT_STOCK_CONTRACT.md; ../../SCENE_REPAIR_RESULTS.md,2
core:molten_metal__core:stone_coal,core:molten_metal,core:stone_coal,H+L+W,Сохраняемой влажности/сушки этого топлива нет; мокрый уголь отдельный ID.,"Контактный теплообмен: одинаковый учёт Q на обеих сторонах; если k=0 или контакт закрыт, обмена нет. Liquid/granular контакт: течение, плотностный обмен/вытеснение и сохранение переносимых полей; не растворение по умолчанию. Контакт жидкость/топливо: сначала охлаждение; впитывание, допустимые жидкости, вода и сушка определяются отдельно по каждому топливу.",Базовые контакт/тепло/фазы сохраняются; доступный кислород не ограничивает горение.,"Базовые контакт/тепло/фазы сохраняются; обычное горение учитывает доступный окислитель, self-oxidizing исключён.","T01: изолированная пара разных T; Q обоих участников и сумма энергии с учётом внешних источников. M02: закрытый сосуд/куча/склон; выравнивание и оседание, нет ухода массы через преграду. W01: жидкость у топлива, затем нагрев; масса воды/топлива, доступная горючесть и Q сушки; контроль с расплавом.",Контракт записан; полная приёмка пары не выполнена,../molten_metal/PASSPORT.md; ../stone_coal/PASSPORT.md; SOURCES.md,2
core:molten_metal__core:gunpowder,core:molten_metal,core:gunpowder,H+L+W+P,Сохраняемой влажности/сушки этого топлива нет; мокрый уголь отдельный ID. Пороховой pulse реализован; разрушение стен/полная химия не реализованы. SR2026-10-05: новое впитывание и поровая диффузия расплава запрещены; прежний запас сохраняется.,"Контактный теплообмен: одинаковый учёт Q на обеих сторонах; если k=0 или контакт закрыт, обмена нет. Liquid/granular контакт: течение, плотностный обмен/вытеснение и сохранение переносимых полей; не растворение по умолчанию. Контакт жидкость/топливо: сначала охлаждение; впитывание, допустимые жидкости, вода и сушка определяются отдельно по каждому топливу. Пороховой источник/окружение: тепло и давление при горении, реакция однократна; отклик зависит от геометрии камеры, не от произвольной реакции каждого соседа. Расплавы металлов исключены из поровой жидкости; при полном выгорании основы прежний запас освобождается.",Базовые контакт/тепло/фазы сохраняются; доступный кислород не ограничивает горение.,"Базовые контакт/тепло/фазы сохраняются; обычное горение учитывает доступный окислитель, self-oxidizing исключён.","T01: изолированная пара разных T; Q обоих участников и сумма энергии с учётом внешних источников. M02: закрытый сосуд/куча/склон; выравнивание и оседание, нет ухода массы через преграду. W01: жидкость у топлива, затем нагрев; масса воды/топлива, доступная горючесть и Q сушки; контроль с расплавом. P01: открытая вспышка, герметичная и вентилируемая камера; однократные P/E/C, выброс, повтор/reload.",Контракт записан; полная приёмка пары не выполнена,../molten_metal/PASSPORT.md; ../gunpowder/PASSPORT.md; SOURCES.md; BURNOUT_STOCK_CONTRACT.md; ../../SCENE_REPAIR_RESULTS.md,2
core:molten_metal__core:fire,core:molten_metal,core:fire,H+L+G,"Газ занимает отдельные клетки; перенос и тепло через общие решатели, не растворённая смесь.","Контактный теплообмен: одинаковый учёт Q на обеих сторонах; если k=0 или контакт закрыт, обмена нет. Liquid/granular контакт: течение, плотностный обмен/вытеснение и сохранение переносимых полей; не растворение по умолчанию. Газовый контакт/поток: перенос массы и тепла, границы и столкновения; единой многокомпонентной клетки пока нет.",Базовые контакт/тепло/фазы сохраняются; доступный кислород не ограничивает горение.,"Базовые контакт/тепло/фазы сохраняются; обычное горение учитывает доступный окислитель, self-oxidizing исключён.","T01: изолированная пара разных T; Q обоих участников и сумма энергии с учётом внешних источников. M02: закрытый сосуд/куча/склон; выравнивание и оседание, нет ухода массы через преграду. G01: облако и канал с холодным/горячим участком; поток/масса/температура и нулевые пересечения стен.",Контракт записан; полная приёмка пары не выполнена,../molten_metal/PASSPORT.md; ../fire/PASSPORT.md; SOURCES.md,4
core:molten_metal__core:smoke,core:molten_metal,core:smoke,H+L+G,"Газ занимает отдельные клетки; перенос и тепло через общие решатели, не растворённая смесь.","Контактный теплообмен: одинаковый учёт Q на обеих сторонах; если k=0 или контакт закрыт, обмена нет. Liquid/granular контакт: течение, плотностный обмен/вытеснение и сохранение переносимых полей; не растворение по умолчанию. Газовый контакт/поток: перенос массы и тепла, границы и столкновения; единой многокомпонентной клетки пока нет.",Базовые контакт/тепло/фазы сохраняются; доступный кислород не ограничивает горение.,"Базовые контакт/тепло/фазы сохраняются; обычное горение учитывает доступный окислитель, self-oxidizing исключён.","T01: изолированная пара разных T; Q обоих участников и сумма энергии с учётом внешних источников. M02: закрытый сосуд/куча/склон; выравнивание и оседание, нет ухода массы через преграду. G01: облако и канал с холодным/горячим участком; поток/масса/температура и нулевые пересечения стен.",Контракт записан; полная приёмка пары не выполнена,../molten_metal/PASSPORT.md; ../smoke/PASSPORT.md; SOURCES.md,4
core:molten_metal__core:co2,core:molten_metal,core:co2,H+L+G,"Газ занимает отдельные клетки; перенос и тепло через общие решатели, не растворённая смесь.","Контактный теплообмен: одинаковый учёт Q на обеих сторонах; если k=0 или контакт закрыт, обмена нет. Liquid/granular контакт: течение, плотностный обмен/вытеснение и сохранение переносимых полей; не растворение по умолчанию. Газовый контакт/поток: перенос массы и тепла, границы и столкновения; единой многокомпонентной клетки пока нет.",Базовые контакт/тепло/фазы сохраняются; доступный кислород не ограничивает горение.,"Базовые контакт/тепло/фазы сохраняются; обычное горение учитывает доступный окислитель, self-oxidizing исключён.","T01: изолированная пара разных T; Q обоих участников и сумма энергии с учётом внешних источников. M02: закрытый сосуд/куча/склон; выравнивание и оседание, нет ухода массы через преграду. G01: облако и канал с холодным/горячим участком; поток/масса/температура и нулевые пересечения стен.",Контракт записан; полная приёмка пары не выполнена,../molten_metal/PASSPORT.md; ../co2/PASSPORT.md; SOURCES.md,4
core:molten_metal__core:heater,core:molten_metal,core:heater,H+S+Q,"Регулятор реализован; ограниченный внешний Q, конфигурация в Pressure/Lifetime.","Контактный теплообмен: одинаковый учёт Q на обеих сторонах; если k=0 или контакт закрыт, обмена нет. Контакт с solid: непроницаемость, опора/система тел согласно flags; тепло не требует прохождения вещества через стенку. Нагреватель/охладитель: ограниченное внешнее Q, соблюдение знака/target/power, не мгновенная установка температуры.",Базовые контакт/тепло/фазы сохраняются; доступный кислород не ограничивает горение.,"Базовые контакт/тепло/фазы сохраняются; обычное горение учитывает доступный окислитель, self-oxidizing исключён.","T01: изолированная пара разных T; Q обоих участников и сумма энергии с учётом внешних источников. M01: непроницаемая стенка1/2/4 клеток и опора; смещения относительно air-сетки, сохранение геометрии/массы. T03: target/power/on/off и настройка на паузе; внешний Q, отсутствие скачка T при настройке.",Контракт записан; полная приёмка пары не выполнена,../molten_metal/PASSPORT.md; ../heater/PASSPORT.md; SOURCES.md,1
core:molten_metal__core:cooler,core:molten_metal,core:cooler,H+S+Q,"Регулятор реализован; ограниченный внешний Q, конфигурация в Pressure/Lifetime.","Контактный теплообмен: одинаковый учёт Q на обеих сторонах; если k=0 или контакт закрыт, обмена нет. Контакт с solid: непроницаемость, опора/система тел согласно flags; тепло не требует прохождения вещества через стенку. Нагреватель/охладитель: ограниченное внешнее Q, соблюдение знака/target/power, не мгновенная установка температуры.",Базовые контакт/тепло/фазы сохраняются; доступный кислород не ограничивает горение.,"Базовые контакт/тепло/фазы сохраняются; обычное горение учитывает доступный окислитель, self-oxidizing исключён.","T01: изолированная пара разных T; Q обоих участников и сумма энергии с учётом внешних источников. M01: непроницаемая стенка1/2/4 клеток и опора; смещения относительно air-сетки, сохранение геометрии/массы. T03: target/power/on/off и настройка на паузе; внешний Q, отсутствие скачка T при настройке.",Контракт записан; полная приёмка пары не выполнена,../molten_metal/PASSPORT.md; ../cooler/PASSPORT.md; SOURCES.md,1
core:molten_metal__core:empty,core:molten_metal,core:empty,B,Grid empty и воздух/тепло/O₂ хранятся отдельно; удаление газа не даёт свежий воздух.,Пустое место и отдельный фоновый воздух: допустимое размещение/граничный обмен; empty не вакуум и не источник свежего O₂.,Базовые контакт/тепло/фазы сохраняются; доступный кислород не ограничивает горение.,"Базовые контакт/тепло/фазы сохраняются; обычное горение учитывает доступный окислитель, self-oxidizing исключён.",E01: истощённая пустая камера и удаление/размещение вещества; нет самопополнения запасов.,Контракт записан; полная приёмка пары не выполнена,../molten_metal/PASSPORT.md; ../empty/PASSPORT.md; SOURCES.md,7
core:molten_metal__core:eraser,core:molten_metal,core:eraser,R,Brush стирает GridCell; очистку/сохранность отдельных pending-полей проверить отдельно.,Ластик: внешнее удаление материальной клетки и обновление геометрии/эффектов; не химическая реакция.,Базовые контакт/тепло/фазы сохраняются; доступный кислород не ограничивает горение.,"Базовые контакт/тепло/фазы сохраняются; обычное горение учитывает доступный окислитель, self-oxidizing исключён.","E02: стирание на паузе/при реакции, затем reload; материя/топология/эффекты и pending-поля.",Контракт записан; полная приёмка пары не выполнена,../molten_metal/PASSPORT.md; ../eraser/PASSPORT.md; SOURCES.md,7
core:stone__core:stone,core:stone,core:stone,H+S,Общие контакт/перенос/тепло по классу реализованы; специальная реакция не объявлена.,"Контактный теплообмен: одинаковый учёт Q на обеих сторонах; если k=0 или контакт закрыт, обмена нет. Контакт с solid: непроницаемость, опора/система тел согласно flags; тепло не требует прохождения вещества через стенку.",Базовые контакт/тепло/фазы сохраняются; доступный кислород не ограничивает горение.,"Базовые контакт/тепло/фазы сохраняются; обычное горение учитывает доступный окислитель, self-oxidizing исключён.","T01: изолированная пара разных T; Q обоих участников и сумма энергии с учётом внешних источников. M01: непроницаемая стенка1/2/4 клеток и опора; смещения относительно air-сетки, сохранение геометрии/массы.",Контракт записан; полная приёмка пары не выполнена,../stone/PASSPORT.md; ../stone/PASSPORT.md; SOURCES.md,5
core:stone__core:fixture,core:stone,core:fixture,H+S,Общие контакт/перенос/тепло по классу реализованы; специальная реакция не объявлена.,"Контактный теплообмен: одинаковый учёт Q на обеих сторонах; если k=0 или контакт закрыт, обмена нет. Контакт с solid: непроницаемость, опора/система тел согласно flags; тепло не требует прохождения вещества через стенку.",Базовые контакт/тепло/фазы сохраняются; доступный кислород не ограничивает горение.,"Базовые контакт/тепло/фазы сохраняются; обычное горение учитывает доступный окислитель, self-oxidizing исключён.","T01: изолированная пара разных T; Q обоих участников и сумма энергии с учётом внешних источников. M01: непроницаемая стенка1/2/4 клеток и опора; смещения относительно air-сетки, сохранение геометрии/массы.",Контракт записан; полная приёмка пары не выполнена,../stone/PASSPORT.md; ../fixture/PASSPORT.md; SOURCES.md,5
core:stone__core:wood,core:stone,core:wood,H+S,Общие контакт/перенос/тепло по классу реализованы; специальная реакция не объявлена.,"Контактный теплообмен: одинаковый учёт Q на обеих сторонах; если k=0 или контакт закрыт, обмена нет. Контакт с solid: непроницаемость, опора/система тел согласно flags; тепло не требует прохождения вещества через стенку.",Базовые контакт/тепло/фазы сохраняются; доступный кислород не ограничивает горение.,"Базовые контакт/тепло/фазы сохраняются; обычное горение учитывает доступный окислитель, self-oxidizing исключён.","T01: изолированная пара разных T; Q обоих участников и сумма энергии с учётом внешних источников. M01: непроницаемая стенка1/2/4 клеток и опора; смещения относительно air-сетки, сохранение геометрии/массы.",Контракт записан; полная приёмка пары не выполнена,../stone/PASSPORT.md; ../wood/PASSPORT.md; SOURCES.md,5
core:stone__core:coal,core:stone,core:coal,H+S,Общие контакт/перенос/тепло по классу реализованы; специальная реакция не объявлена.,"Контактный теплообмен: одинаковый учёт Q на обеих сторонах; если k=0 или контакт закрыт, обмена нет. Контакт с solid: непроницаемость, опора/система тел согласно flags; тепло не требует прохождения вещества через стенку.",Базовые контакт/тепло/фазы сохраняются; доступный кислород не ограничивает горение.,"Базовые контакт/тепло/фазы сохраняются; обычное горение учитывает доступный окислитель, self-oxidizing исключён.","T01: изолированная пара разных T; Q обоих участников и сумма энергии с учётом внешних источников. M01: непроницаемая стенка1/2/4 клеток и опора; смещения относительно air-сетки, сохранение геометрии/массы.",Контракт записан; полная приёмка пары не выполнена,../stone/PASSPORT.md; ../coal/PASSPORT.md; SOURCES.md,5
core:stone__core:wet_charcoal,core:stone,core:wet_charcoal,H+S,Общие контакт/перенос/тепло по классу реализованы; специальная реакция не объявлена.,"Контактный теплообмен: одинаковый учёт Q на обеих сторонах; если k=0 или контакт закрыт, обмена нет. Контакт с solid: непроницаемость, опора/система тел согласно flags; тепло не требует прохождения вещества через стенку.",Базовые контакт/тепло/фазы сохраняются; доступный кислород не ограничивает горение.,"Базовые контакт/тепло/фазы сохраняются; обычное горение учитывает доступный окислитель, self-oxidizing исключён.","T01: изолированная пара разных T; Q обоих участников и сумма энергии с учётом внешних источников. M01: непроницаемая стенка1/2/4 клеток и опора; смещения относительно air-сетки, сохранение геометрии/массы.",Контракт записан; полная приёмка пары не выполнена,../stone/PASSPORT.md; ../wet_charcoal/PASSPORT.md; SOURCES.md,5
core:stone__core:stone_coal,core:stone,core:stone_coal,H+S,Общие контакт/перенос/тепло по классу реализованы; специальная реакция не объявлена.,"Контактный теплообмен: одинаковый учёт Q на обеих сторонах; если k=0 или контакт закрыт, обмена нет. Контакт с solid: непроницаемость, опора/система тел согласно flags; тепло не требует прохождения вещества через стенку.",Базовые контакт/тепло/фазы сохраняются; доступный кислород не ограничивает горение.,"Базовые контакт/тепло/фазы сохраняются; обычное горение учитывает доступный окислитель, self-oxidizing исключён.","T01: изолированная пара разных T; Q обоих участников и сумма энергии с учётом внешних источников. M01: непроницаемая стенка1/2/4 клеток и опора; смещения относительно air-сетки, сохранение геометрии/массы.",Контракт записан; полная приёмка пары не выполнена,../stone/PASSPORT.md; ../stone_coal/PASSPORT.md; SOURCES.md,5
core:stone__core:gunpowder,core:stone,core:gunpowder,H+S+P,Пороховой pulse реализован; разрушение стен/полная химия не реализованы.,"Контактный теплообмен: одинаковый учёт Q на обеих сторонах; если k=0 или контакт закрыт, обмена нет. Контакт с solid: непроницаемость, опора/система тел согласно flags; тепло не требует прохождения вещества через стенку. Пороховой источник/окружение: тепло и давление при горении, реакция однократна; отклик зависит от геометрии камеры, не от произвольной реакции каждого соседа.",Базовые контакт/тепло/фазы сохраняются; доступный кислород не ограничивает горение.,"Базовые контакт/тепло/фазы сохраняются; обычное горение учитывает доступный окислитель, self-oxidizing исключён.","T01: изолированная пара разных T; Q обоих участников и сумма энергии с учётом внешних источников. M01: непроницаемая стенка1/2/4 клеток и опора; смещения относительно air-сетки, сохранение геометрии/массы. P01: открытая вспышка, герметичная и вентилируемая камера; однократные P/E/C, выброс, повтор/reload.",Контракт записан; полная приёмка пары не выполнена,../stone/PASSPORT.md; ../gunpowder/PASSPORT.md; SOURCES.md,6
core:stone__core:fire,core:stone,core:fire,H+S+G,"Газ занимает отдельные клетки; перенос и тепло через общие решатели, не растворённая смесь.","Контактный теплообмен: одинаковый учёт Q на обеих сторонах; если k=0 или контакт закрыт, обмена нет. Контакт с solid: непроницаемость, опора/система тел согласно flags; тепло не требует прохождения вещества через стенку. Газовый контакт/поток: перенос массы и тепла, границы и столкновения; единой многокомпонентной клетки пока нет.",Базовые контакт/тепло/фазы сохраняются; доступный кислород не ограничивает горение.,"Базовые контакт/тепло/фазы сохраняются; обычное горение учитывает доступный окислитель, self-oxidizing исключён.","T01: изолированная пара разных T; Q обоих участников и сумма энергии с учётом внешних источников. M01: непроницаемая стенка1/2/4 клеток и опора; смещения относительно air-сетки, сохранение геометрии/массы. G01: облако и канал с холодным/горячим участком; поток/масса/температура и нулевые пересечения стен.",Контракт записан; полная приёмка пары не выполнена,../stone/PASSPORT.md; ../fire/PASSPORT.md; SOURCES.md,4
core:stone__core:smoke,core:stone,core:smoke,H+S+G,"Газ занимает отдельные клетки; перенос и тепло через общие решатели, не растворённая смесь.","Контактный теплообмен: одинаковый учёт Q на обеих сторонах; если k=0 или контакт закрыт, обмена нет. Контакт с solid: непроницаемость, опора/система тел согласно flags; тепло не требует прохождения вещества через стенку. Газовый контакт/поток: перенос массы и тепла, границы и столкновения; единой многокомпонентной клетки пока нет.",Базовые контакт/тепло/фазы сохраняются; доступный кислород не ограничивает горение.,"Базовые контакт/тепло/фазы сохраняются; обычное горение учитывает доступный окислитель, self-oxidizing исключён.","T01: изолированная пара разных T; Q обоих участников и сумма энергии с учётом внешних источников. M01: непроницаемая стенка1/2/4 клеток и опора; смещения относительно air-сетки, сохранение геометрии/массы. G01: облако и канал с холодным/горячим участком; поток/масса/температура и нулевые пересечения стен.",Контракт записан; полная приёмка пары не выполнена,../stone/PASSPORT.md; ../smoke/PASSPORT.md; SOURCES.md,4
core:stone__core:co2,core:stone,core:co2,H+S+G,"Газ занимает отдельные клетки; перенос и тепло через общие решатели, не растворённая смесь.","Контактный теплообмен: одинаковый учёт Q на обеих сторонах; если k=0 или контакт закрыт, обмена нет. Контакт с solid: непроницаемость, опора/система тел согласно flags; тепло не требует прохождения вещества через стенку. Газовый контакт/поток: перенос массы и тепла, границы и столкновения; единой многокомпонентной клетки пока нет.",Базовые контакт/тепло/фазы сохраняются; доступный кислород не ограничивает горение.,"Базовые контакт/тепло/фазы сохраняются; обычное горение учитывает доступный окислитель, self-oxidizing исключён.","T01: изолированная пара разных T; Q обоих участников и сумма энергии с учётом внешних источников. M01: непроницаемая стенка1/2/4 клеток и опора; смещения относительно air-сетки, сохранение геометрии/массы. G01: облако и канал с холодным/горячим участком; поток/масса/температура и нулевые пересечения стен.",Контракт записан; полная приёмка пары не выполнена,../stone/PASSPORT.md; ../co2/PASSPORT.md; SOURCES.md,4
core:stone__core:heater,core:stone,core:heater,H+S+Q,"Регулятор реализован; ограниченный внешний Q, конфигурация в Pressure/Lifetime.","Контактный теплообмен: одинаковый учёт Q на обеих сторонах; если k=0 или контакт закрыт, обмена нет. Контакт с solid: непроницаемость, опора/система тел согласно flags; тепло не требует прохождения вещества через стенку. Нагреватель/охладитель: ограниченное внешнее Q, соблюдение знака/target/power, не мгновенная установка температуры.",Базовые контакт/тепло/фазы сохраняются; доступный кислород не ограничивает горение.,"Базовые контакт/тепло/фазы сохраняются; обычное горение учитывает доступный окислитель, self-oxidizing исключён.","T01: изолированная пара разных T; Q обоих участников и сумма энергии с учётом внешних источников. M01: непроницаемая стенка1/2/4 клеток и опора; смещения относительно air-сетки, сохранение геометрии/массы. T03: target/power/on/off и настройка на паузе; внешний Q, отсутствие скачка T при настройке.",Контракт записан; полная приёмка пары не выполнена,../stone/PASSPORT.md; ../heater/PASSPORT.md; SOURCES.md,1
core:stone__core:cooler,core:stone,core:cooler,H+S+Q,"Регулятор реализован; ограниченный внешний Q, конфигурация в Pressure/Lifetime.","Контактный теплообмен: одинаковый учёт Q на обеих сторонах; если k=0 или контакт закрыт, обмена нет. Контакт с solid: непроницаемость, опора/система тел согласно flags; тепло не требует прохождения вещества через стенку. Нагреватель/охладитель: ограниченное внешнее Q, соблюдение знака/target/power, не мгновенная установка температуры.",Базовые контакт/тепло/фазы сохраняются; доступный кислород не ограничивает горение.,"Базовые контакт/тепло/фазы сохраняются; обычное горение учитывает доступный окислитель, self-oxidizing исключён.","T01: изолированная пара разных T; Q обоих участников и сумма энергии с учётом внешних источников. M01: непроницаемая стенка1/2/4 клеток и опора; смещения относительно air-сетки, сохранение геометрии/массы. T03: target/power/on/off и настройка на паузе; внешний Q, отсутствие скачка T при настройке.",Контракт записан; полная приёмка пары не выполнена,../stone/PASSPORT.md; ../cooler/PASSPORT.md; SOURCES.md,1
core:stone__core:empty,core:stone,core:empty,B,Grid empty и воздух/тепло/O₂ хранятся отдельно; удаление газа не даёт свежий воздух.,Пустое место и отдельный фоновый воздух: допустимое размещение/граничный обмен; empty не вакуум и не источник свежего O₂.,Базовые контакт/тепло/фазы сохраняются; доступный кислород не ограничивает горение.,"Базовые контакт/тепло/фазы сохраняются; обычное горение учитывает доступный окислитель, self-oxidizing исключён.",E01: истощённая пустая камера и удаление/размещение вещества; нет самопополнения запасов.,Контракт записан; полная приёмка пары не выполнена,../stone/PASSPORT.md; ../empty/PASSPORT.md; SOURCES.md,7
core:stone__core:eraser,core:stone,core:eraser,R,Brush стирает GridCell; очистку/сохранность отдельных pending-полей проверить отдельно.,Ластик: внешнее удаление материальной клетки и обновление геометрии/эффектов; не химическая реакция.,Базовые контакт/тепло/фазы сохраняются; доступный кислород не ограничивает горение.,"Базовые контакт/тепло/фазы сохраняются; обычное горение учитывает доступный окислитель, self-oxidizing исключён.","E02: стирание на паузе/при реакции, затем reload; материя/топология/эффекты и pending-поля.",Контракт записан; полная приёмка пары не выполнена,../stone/PASSPORT.md; ../eraser/PASSPORT.md; SOURCES.md,7
core:fixture__core:fixture,core:fixture,core:fixture,H+S,Общие контакт/перенос/тепло по классу реализованы; специальная реакция не объявлена.,"Контактный теплообмен: одинаковый учёт Q на обеих сторонах; если k=0 или контакт закрыт, обмена нет. Контакт с solid: непроницаемость, опора/система тел согласно flags; тепло не требует прохождения вещества через стенку.",Базовые контакт/тепло/фазы сохраняются; доступный кислород не ограничивает горение.,"Базовые контакт/тепло/фазы сохраняются; обычное горение учитывает доступный окислитель, self-oxidizing исключён.","T01: изолированная пара разных T; Q обоих участников и сумма энергии с учётом внешних источников. M01: непроницаемая стенка1/2/4 клеток и опора; смещения относительно air-сетки, сохранение геометрии/массы.",Контракт записан; полная приёмка пары не выполнена,../fixture/PASSPORT.md; ../fixture/PASSPORT.md; SOURCES.md,5
core:fixture__core:wood,core:fixture,core:wood,H+S,Общие контакт/перенос/тепло по классу реализованы; специальная реакция не объявлена.,"Контактный теплообмен: одинаковый учёт Q на обеих сторонах; если k=0 или контакт закрыт, обмена нет. Контакт с solid: непроницаемость, опора/система тел согласно flags; тепло не требует прохождения вещества через стенку.",Базовые контакт/тепло/фазы сохраняются; доступный кислород не ограничивает горение.,"Базовые контакт/тепло/фазы сохраняются; обычное горение учитывает доступный окислитель, self-oxidizing исключён.","T01: изолированная пара разных T; Q обоих участников и сумма энергии с учётом внешних источников. M01: непроницаемая стенка1/2/4 клеток и опора; смещения относительно air-сетки, сохранение геометрии/массы.",Контракт записан; полная приёмка пары не выполнена,../fixture/PASSPORT.md; ../wood/PASSPORT.md; SOURCES.md,5
core:fixture__core:coal,core:fixture,core:coal,H+S,Общие контакт/перенос/тепло по классу реализованы; специальная реакция не объявлена.,"Контактный теплообмен: одинаковый учёт Q на обеих сторонах; если k=0 или контакт закрыт, обмена нет. Контакт с solid: непроницаемость, опора/система тел согласно flags; тепло не требует прохождения вещества через стенку.",Базовые контакт/тепло/фазы сохраняются; доступный кислород не ограничивает горение.,"Базовые контакт/тепло/фазы сохраняются; обычное горение учитывает доступный окислитель, self-oxidizing исключён.","T01: изолированная пара разных T; Q обоих участников и сумма энергии с учётом внешних источников. M01: непроницаемая стенка1/2/4 клеток и опора; смещения относительно air-сетки, сохранение геометрии/массы.",Контракт записан; полная приёмка пары не выполнена,../fixture/PASSPORT.md; ../coal/PASSPORT.md; SOURCES.md,5
core:fixture__core:wet_charcoal,core:fixture,core:wet_charcoal,H+S,Общие контакт/перенос/тепло по классу реализованы; специальная реакция не объявлена.,"Контактный теплообмен: одинаковый учёт Q на обеих сторонах; если k=0 или контакт закрыт, обмена нет. Контакт с solid: непроницаемость, опора/система тел согласно flags; тепло не требует прохождения вещества через стенку.",Базовые контакт/тепло/фазы сохраняются; доступный кислород не ограничивает горение.,"Базовые контакт/тепло/фазы сохраняются; обычное горение учитывает доступный окислитель, self-oxidizing исключён.","T01: изолированная пара разных T; Q обоих участников и сумма энергии с учётом внешних источников. M01: непроницаемая стенка1/2/4 клеток и опора; смещения относительно air-сетки, сохранение геометрии/массы.",Контракт записан; полная приёмка пары не выполнена,../fixture/PASSPORT.md; ../wet_charcoal/PASSPORT.md; SOURCES.md,5
core:fixture__core:stone_coal,core:fixture,core:stone_coal,H+S,Общие контакт/перенос/тепло по классу реализованы; специальная реакция не объявлена.,"Контактный теплообмен: одинаковый учёт Q на обеих сторонах; если k=0 или контакт закрыт, обмена нет. Контакт с solid: непроницаемость, опора/система тел согласно flags; тепло не требует прохождения вещества через стенку.",Базовые контакт/тепло/фазы сохраняются; доступный кислород не ограничивает горение.,"Базовые контакт/тепло/фазы сохраняются; обычное горение учитывает доступный окислитель, self-oxidizing исключён.","T01: изолированная пара разных T; Q обоих участников и сумма энергии с учётом внешних источников. M01: непроницаемая стенка1/2/4 клеток и опора; смещения относительно air-сетки, сохранение геометрии/массы.",Контракт записан; полная приёмка пары не выполнена,../fixture/PASSPORT.md; ../stone_coal/PASSPORT.md; SOURCES.md,5
core:fixture__core:gunpowder,core:fixture,core:gunpowder,H+S+P,Пороховой pulse реализован; разрушение стен/полная химия не реализованы.,"Контактный теплообмен: одинаковый учёт Q на обеих сторонах; если k=0 или контакт закрыт, обмена нет. Контакт с solid: непроницаемость, опора/система тел согласно flags; тепло не требует прохождения вещества через стенку. Пороховой источник/окружение: тепло и давление при горении, реакция однократна; отклик зависит от геометрии камеры, не от произвольной реакции каждого соседа.",Базовые контакт/тепло/фазы сохраняются; доступный кислород не ограничивает горение.,"Базовые контакт/тепло/фазы сохраняются; обычное горение учитывает доступный окислитель, self-oxidizing исключён.","T01: изолированная пара разных T; Q обоих участников и сумма энергии с учётом внешних источников. M01: непроницаемая стенка1/2/4 клеток и опора; смещения относительно air-сетки, сохранение геометрии/массы. P01: открытая вспышка, герметичная и вентилируемая камера; однократные P/E/C, выброс, повтор/reload.",Контракт записан; полная приёмка пары не выполнена,../fixture/PASSPORT.md; ../gunpowder/PASSPORT.md; SOURCES.md,6
core:fixture__core:fire,core:fixture,core:fire,H+S+G,"Газ занимает отдельные клетки; перенос и тепло через общие решатели, не растворённая смесь.","Контактный теплообмен: одинаковый учёт Q на обеих сторонах; если k=0 или контакт закрыт, обмена нет. Контакт с solid: непроницаемость, опора/система тел согласно flags; тепло не требует прохождения вещества через стенку. Газовый контакт/поток: перенос массы и тепла, границы и столкновения; единой многокомпонентной клетки пока нет.",Базовые контакт/тепло/фазы сохраняются; доступный кислород не ограничивает горение.,"Базовые контакт/тепло/фазы сохраняются; обычное горение учитывает доступный окислитель, self-oxidizing исключён.","T01: изолированная пара разных T; Q обоих участников и сумма энергии с учётом внешних источников. M01: непроницаемая стенка1/2/4 клеток и опора; смещения относительно air-сетки, сохранение геометрии/массы. G01: облако и канал с холодным/горячим участком; поток/масса/температура и нулевые пересечения стен.",Контракт записан; полная приёмка пары не выполнена,../fixture/PASSPORT.md; ../fire/PASSPORT.md; SOURCES.md,4
core:fixture__core:smoke,core:fixture,core:smoke,H+S+G,"Газ занимает отдельные клетки; перенос и тепло через общие решатели, не растворённая смесь.","Контактный теплообмен: одинаковый учёт Q на обеих сторонах; если k=0 или контакт закрыт, обмена нет. Контакт с solid: непроницаемость, опора/система тел согласно flags; тепло не требует прохождения вещества через стенку. Газовый контакт/поток: перенос массы и тепла, границы и столкновения; единой многокомпонентной клетки пока нет.",Базовые контакт/тепло/фазы сохраняются; доступный кислород не ограничивает горение.,"Базовые контакт/тепло/фазы сохраняются; обычное горение учитывает доступный окислитель, self-oxidizing исключён.","T01: изолированная пара разных T; Q обоих участников и сумма энергии с учётом внешних источников. M01: непроницаемая стенка1/2/4 клеток и опора; смещения относительно air-сетки, сохранение геометрии/массы. G01: облако и канал с холодным/горячим участком; поток/масса/температура и нулевые пересечения стен.",Контракт записан; полная приёмка пары не выполнена,../fixture/PASSPORT.md; ../smoke/PASSPORT.md; SOURCES.md,4
core:fixture__core:co2,core:fixture,core:co2,H+S+G,"Газ занимает отдельные клетки; перенос и тепло через общие решатели, не растворённая смесь.","Контактный теплообмен: одинаковый учёт Q на обеих сторонах; если k=0 или контакт закрыт, обмена нет. Контакт с solid: непроницаемость, опора/система тел согласно flags; тепло не требует прохождения вещества через стенку. Газовый контакт/поток: перенос массы и тепла, границы и столкновения; единой многокомпонентной клетки пока нет.",Базовые контакт/тепло/фазы сохраняются; доступный кислород не ограничивает горение.,"Базовые контакт/тепло/фазы сохраняются; обычное горение учитывает доступный окислитель, self-oxidizing исключён.","T01: изолированная пара разных T; Q обоих участников и сумма энергии с учётом внешних источников. M01: непроницаемая стенка1/2/4 клеток и опора; смещения относительно air-сетки, сохранение геометрии/массы. G01: облако и канал с холодным/горячим участком; поток/масса/температура и нулевые пересечения стен.",Контракт записан; полная приёмка пары не выполнена,../fixture/PASSPORT.md; ../co2/PASSPORT.md; SOURCES.md,4
core:fixture__core:heater,core:fixture,core:heater,H+S+Q,"Регулятор реализован; ограниченный внешний Q, конфигурация в Pressure/Lifetime.","Контактный теплообмен: одинаковый учёт Q на обеих сторонах; если k=0 или контакт закрыт, обмена нет. Контакт с solid: непроницаемость, опора/система тел согласно flags; тепло не требует прохождения вещества через стенку. Нагреватель/охладитель: ограниченное внешнее Q, соблюдение знака/target/power, не мгновенная установка температуры.",Базовые контакт/тепло/фазы сохраняются; доступный кислород не ограничивает горение.,"Базовые контакт/тепло/фазы сохраняются; обычное горение учитывает доступный окислитель, self-oxidizing исключён.","T01: изолированная пара разных T; Q обоих участников и сумма энергии с учётом внешних источников. M01: непроницаемая стенка1/2/4 клеток и опора; смещения относительно air-сетки, сохранение геометрии/массы. T03: target/power/on/off и настройка на паузе; внешний Q, отсутствие скачка T при настройке.",Контракт записан; полная приёмка пары не выполнена,../fixture/PASSPORT.md; ../heater/PASSPORT.md; SOURCES.md,1
core:fixture__core:cooler,core:fixture,core:cooler,H+S+Q,"Регулятор реализован; ограниченный внешний Q, конфигурация в Pressure/Lifetime.","Контактный теплообмен: одинаковый учёт Q на обеих сторонах; если k=0 или контакт закрыт, обмена нет. Контакт с solid: непроницаемость, опора/система тел согласно flags; тепло не требует прохождения вещества через стенку. Нагреватель/охладитель: ограниченное внешнее Q, соблюдение знака/target/power, не мгновенная установка температуры.",Базовые контакт/тепло/фазы сохраняются; доступный кислород не ограничивает горение.,"Базовые контакт/тепло/фазы сохраняются; обычное горение учитывает доступный окислитель, self-oxidizing исключён.","T01: изолированная пара разных T; Q обоих участников и сумма энергии с учётом внешних источников. M01: непроницаемая стенка1/2/4 клеток и опора; смещения относительно air-сетки, сохранение геометрии/массы. T03: target/power/on/off и настройка на паузе; внешний Q, отсутствие скачка T при настройке.",Контракт записан; полная приёмка пары не выполнена,../fixture/PASSPORT.md; ../cooler/PASSPORT.md; SOURCES.md,1
core:fixture__core:empty,core:fixture,core:empty,B,Grid empty и воздух/тепло/O₂ хранятся отдельно; удаление газа не даёт свежий воздух.,Пустое место и отдельный фоновый воздух: допустимое размещение/граничный обмен; empty не вакуум и не источник свежего O₂.,Базовые контакт/тепло/фазы сохраняются; доступный кислород не ограничивает горение.,"Базовые контакт/тепло/фазы сохраняются; обычное горение учитывает доступный окислитель, self-oxidizing исключён.",E01: истощённая пустая камера и удаление/размещение вещества; нет самопополнения запасов.,Контракт записан; полная приёмка пары не выполнена,../fixture/PASSPORT.md; ../empty/PASSPORT.md; SOURCES.md,7
core:fixture__core:eraser,core:fixture,core:eraser,R,Brush стирает GridCell; очистку/сохранность отдельных pending-полей проверить отдельно.,Ластик: внешнее удаление материальной клетки и обновление геометрии/эффектов; не химическая реакция.,Базовые контакт/тепло/фазы сохраняются; доступный кислород не ограничивает горение.,"Базовые контакт/тепло/фазы сохраняются; обычное горение учитывает доступный окислитель, self-oxidizing исключён.","E02: стирание на паузе/при реакции, затем reload; материя/топология/эффекты и pending-поля.",Контракт записан; полная приёмка пары не выполнена,../fixture/PASSPORT.md; ../eraser/PASSPORT.md; SOURCES.md,7
core:wood__core:wood,core:wood,core:wood,H+S,"Вода и масло контактно распространяются вглубь wood; геометрия фиксирована. ME: Непересекающийся восьмиклеточный поровый перенос вверх до равенства насыщенностей, с общими пределами water/oil.","Контактный теплообмен: одинаковый учёт Q на обеих сторонах; если k=0 или контакт закрыт, обмена нет. Контакт с solid: непроницаемость, опора/система тел согласно flags; тепло не требует прохождения вещества через стенку.",Базовые контакт/тепло/фазы сохраняются; доступный кислород не ограничивает горение.,"Базовые контакт/тепло/фазы сохраняются; обычное горение учитывает доступный окислитель, self-oxidizing исключён.","T01: изолированная пара разных T; Q обоих участников и сумма энергии с учётом внешних источников. M01: непроницаемая стенка1/2/4 клеток и опора; смещения относительно air-сетки, сохранение геометрии/массы. WD01/02,WD04–WD07: выбранный водный/сушильный/угольный цикл по контракту. WO01–WO05: выбранный объём wood, не вся пара.",WO выбранные сценарии PASS; полная пара не принята,../wood/PASSPORT.md; ../wood/PASSPORT.md; SOURCES.md; ../wood/WOOD_CYCLE_CONTRACT.md; ../wood/WOOD_CYCLE_RESULTS.md; ../wood/WOOD_OIL_CONTRACT.md; ../wood/WOOD_OIL_RESULTS.md; MATERIAL_ENVIRONMENT_CONTRACT.md; ../../MATERIAL_ENVIRONMENT_RESULTS.md,5
core:wood__core:coal,core:wood,core:coal,H+S,Угольный остаток.2; изолированная dry wood.8 выгорает за6с при полном обеспечении.,"Контактный теплообмен: одинаковый учёт Q на обеих сторонах; если k=0 или контакт закрыт, обмена нет. Контакт с solid: непроницаемость, опора/система тел согласно flags; тепло не требует прохождения вещества через стенку.",Базовые контакт/тепло/фазы сохраняются; доступный кислород не ограничивает горение.,"Базовые контакт/тепло/фазы сохраняются; обычное горение учитывает доступный окислитель, self-oxidizing исключён.","T01: изолированная пара разных T; Q обоих участников и сумма энергии с учётом внешних источников. M01: непроницаемая стенка1/2/4 клеток и опора; смещения относительно air-сетки, сохранение геометрии/массы. WD01/02,WD04–WD07: выбранный водный/сушильный/угольный цикл по контракту. WO01–WO05: выбранный объём wood, не вся пара.",WO выбранные сценарии PASS; полная пара не принята,../wood/PASSPORT.md; ../coal/PASSPORT.md; SOURCES.md; ../wood/WOOD_CYCLE_CONTRACT.md; ../wood/WOOD_CYCLE_RESULTS.md; ../wood/WOOD_OIL_CONTRACT.md; ../wood/WOOD_OIL_RESULTS.md,5
core:wood__core:wet_charcoal,core:wood,core:wet_charcoal,H+S,Общие контакт/перенос/тепло по классу реализованы; специальная реакция не объявлена.,"Контактный теплообмен: одинаковый учёт Q на обеих сторонах; если k=0 или контакт закрыт, обмена нет. Контакт с solid: непроницаемость, опора/система тел согласно flags; тепло не требует прохождения вещества через стенку.",Базовые контакт/тепло/фазы сохраняются; доступный кислород не ограничивает горение.,"Базовые контакт/тепло/фазы сохраняются; обычное горение учитывает доступный окислитель, self-oxidizing исключён.","T01: изолированная пара разных T; Q обоих участников и сумма энергии с учётом внешних источников. M01: непроницаемая стенка1/2/4 клеток и опора; смещения относительно air-сетки, сохранение геометрии/массы.",Контракт записан; полная приёмка пары не выполнена,../wood/PASSPORT.md; ../wet_charcoal/PASSPORT.md; SOURCES.md,5
core:wood__core:stone_coal,core:wood,core:stone_coal,H+S,Общие контакт/перенос/тепло по классу реализованы; специальная реакция не объявлена.,"Контактный теплообмен: одинаковый учёт Q на обеих сторонах; если k=0 или контакт закрыт, обмена нет. Контакт с solid: непроницаемость, опора/система тел согласно flags; тепло не требует прохождения вещества через стенку.",Базовые контакт/тепло/фазы сохраняются; доступный кислород не ограничивает горение.,"Базовые контакт/тепло/фазы сохраняются; обычное горение учитывает доступный окислитель, self-oxidizing исключён.","T01: изолированная пара разных T; Q обоих участников и сумма энергии с учётом внешних источников. M01: непроницаемая стенка1/2/4 клеток и опора; смещения относительно air-сетки, сохранение геометрии/массы.",Контракт записан; полная приёмка пары не выполнена,../wood/PASSPORT.md; ../stone_coal/PASSPORT.md; SOURCES.md,5
core:wood__core:gunpowder,core:wood,core:gunpowder,H+S+P,Горящий порох поджигает сухую доску; проверены одинаковые before/after сцены обоих режимов.,"Контактный теплообмен: одинаковый учёт Q на обеих сторонах; если k=0 или контакт закрыт, обмена нет. Контакт с solid: непроницаемость, опора/система тел согласно flags; тепло не требует прохождения вещества через стенку. Пороховой источник/окружение: тепло и давление при горении, реакция однократна; отклик зависит от геометрии камеры, не от произвольной реакции каждого соседа.",Базовые контакт/тепло/фазы сохраняются; доступный кислород не ограничивает горение.,"Базовые контакт/тепло/фазы сохраняются; обычное горение учитывает доступный окислитель, self-oxidizing исключён.","T01: изолированная пара разных T; Q обоих участников и сумма энергии с учётом внешних источников. M01: непроницаемая стенка1/2/4 клеток и опора; смещения относительно air-сетки, сохранение геометрии/массы. P01: открытая вспышка, герметичная и вентилируемая камера; однократные P/E/C, выброс, повтор/reload. WO01–WO05: выбранный объём wood, не вся пара.",WO выбранные сценарии PASS; полная пара не принята,../wood/PASSPORT.md; ../gunpowder/PASSPORT.md; SOURCES.md; ../wood/WOOD_OIL_CONTRACT.md; ../wood/WOOD_OIL_RESULTS.md,6
core:wood__core:fire,core:wood,core:fire,H+S+G+I+O,Активное сухое горение burn.10/spread12/O₂4; мокрая основа и пропитка подавлены. BH2026-10-06: ограниченный симметричный лучевой обмен gas Flame/Smoke↔проводящий solid через видимый зазор; вода получает Q контактно и закрывает луч.,"Контактный теплообмен: одинаковый учёт Q на обеих сторонах; если k=0 или контакт закрыт, обмена нет. Контакт с solid: непроницаемость, опора/система тел согласно flags; тепло не требует прохождения вещества через стенку. Газовый контакт/поток: перенос массы и тепла, границы и столкновения; единой многокомпонентной клетки пока нет. Горячий FIRE зажигает доступное топливо; холодное/погасшее пламя не поджигает. Доступ воздуха: в Симуляции топливо зависит от запаса/ёмкости; в Песочнице кислородный бюджет не ограничивает реакцию. Порох self-oxidizing — исключение.",Базовые контакт/тепло/фазы сохраняются; доступный кислород не ограничивает горение.,"Базовые контакт/тепло/фазы сохраняются; обычное горение учитывает доступный окислитель, self-oxidizing исключён.","T01: изолированная пара разных T; Q обоих участников и сумма энергии с учётом внешних источников. M01: непроницаемая стенка1/2/4 клеток и опора; смещения относительно air-сетки, сохранение геометрии/массы. G01: облако и канал с холодным/горячим участком; поток/масса/температура и нулевые пересечения стен. C01: поджиг только одного края, убрать кисть; фронт, расход, остаток, холодный контроль. C02: открытый/закрытый и истощённый мир; сравнение двух режимов, ledger окислителя. WD01/02,WD04–WD07: выбранный водный/сушильный/угольный цикл по контракту. WO01–WO05: выбранный объём wood, не вся пара. BH01–BH05: GPU gap/shield/energy/phase/pore, печь40с оба режима30/60/100FPS, pause/save/load.","WO выбранные сценарии PASS; полная пара не принята; BH выбранные сценарии PASS2026-10-06, полный паспорт пары не принят",../wood/PASSPORT.md; ../fire/PASSPORT.md; SOURCES.md; ../wood/WOOD_CYCLE_CONTRACT.md; ../wood/WOOD_CYCLE_RESULTS.md; ../wood/WOOD_OIL_CONTRACT.md; ../wood/WOOD_OIL_RESULTS.md; FURNACE_SURFACE_HEAT_CONTRACT.md; ../../FURNACE_SURFACE_HEAT_RESULTS.md,3
core:wood__core:smoke,core:wood,core:smoke,H+S+G+O,"Запас/вытеснение окислителя реализованы; self-oxidizing gunpowder не расходует фоновый запас. Газ занимает отдельные клетки; перенос и тепло через общие решатели, не растворённая смесь. BH2026-10-06: ограниченный симметричный лучевой обмен gas Flame/Smoke↔проводящий solid через видимый зазор; вода получает Q контактно и закрывает луч.","Контактный теплообмен: одинаковый учёт Q на обеих сторонах; если k=0 или контакт закрыт, обмена нет. Контакт с solid: непроницаемость, опора/система тел согласно flags; тепло не требует прохождения вещества через стенку. Газовый контакт/поток: перенос массы и тепла, границы и столкновения; единой многокомпонентной клетки пока нет. Доступ воздуха: в Симуляции топливо зависит от запаса/ёмкости; в Песочнице кислородный бюджет не ограничивает реакцию. Порох self-oxidizing — исключение.",Базовые контакт/тепло/фазы сохраняются; доступный кислород не ограничивает горение.,"Базовые контакт/тепло/фазы сохраняются; обычное горение учитывает доступный окислитель, self-oxidizing исключён.","T01: изолированная пара разных T; Q обоих участников и сумма энергии с учётом внешних источников. M01: непроницаемая стенка1/2/4 клеток и опора; смещения относительно air-сетки, сохранение геометрии/массы. G01: облако и канал с холодным/горячим участком; поток/масса/температура и нулевые пересечения стен. C02: открытый/закрытый и истощённый мир; сравнение двух режимов, ledger окислителя. BH01–BH05: GPU gap/shield/energy/phase/pore, печь40с оба режима30/60/100FPS, pause/save/load.","Контракт записан; полная приёмка пары не выполнена; BH выбранные сценарии PASS2026-10-06, полный паспорт пары не принят; SMKE↔wood отдельная локальная лучевая проба не выполнялась",../wood/PASSPORT.md; ../smoke/PASSPORT.md; SOURCES.md; FURNACE_SURFACE_HEAT_CONTRACT.md; ../../FURNACE_SURFACE_HEAT_RESULTS.md,3
core:wood__core:co2,core:wood,core:co2,H+S+G+O,"Запас/вытеснение окислителя реализованы; self-oxidizing gunpowder не расходует фоновый запас. Газ занимает отдельные клетки; перенос и тепло через общие решатели, не растворённая смесь.","Контактный теплообмен: одинаковый учёт Q на обеих сторонах; если k=0 или контакт закрыт, обмена нет. Контакт с solid: непроницаемость, опора/система тел согласно flags; тепло не требует прохождения вещества через стенку. Газовый контакт/поток: перенос массы и тепла, границы и столкновения; единой многокомпонентной клетки пока нет. Доступ воздуха: в Симуляции топливо зависит от запаса/ёмкости; в Песочнице кислородный бюджет не ограничивает реакцию. Порох self-oxidizing — исключение.",Базовые контакт/тепло/фазы сохраняются; доступный кислород не ограничивает горение.,"Базовые контакт/тепло/фазы сохраняются; обычное горение учитывает доступный окислитель, self-oxidizing исключён.","T01: изолированная пара разных T; Q обоих участников и сумма энергии с учётом внешних источников. M01: непроницаемая стенка1/2/4 клеток и опора; смещения относительно air-сетки, сохранение геометрии/массы. G01: облако и канал с холодным/горячим участком; поток/масса/температура и нулевые пересечения стен. C02: открытый/закрытый и истощённый мир; сравнение двух режимов, ledger окислителя.",Контракт записан; полная приёмка пары не выполнена,../wood/PASSPORT.md; ../co2/PASSPORT.md; SOURCES.md,3
core:wood__core:heater,core:wood,core:heater,H+S+Q,"Регулятор реализован; ограниченный внешний Q, конфигурация в Pressure/Lifetime.","Контактный теплообмен: одинаковый учёт Q на обеих сторонах; если k=0 или контакт закрыт, обмена нет. Контакт с solid: непроницаемость, опора/система тел согласно flags; тепло не требует прохождения вещества через стенку. Нагреватель/охладитель: ограниченное внешнее Q, соблюдение знака/target/power, не мгновенная установка температуры.",Базовые контакт/тепло/фазы сохраняются; доступный кислород не ограничивает горение.,"Базовые контакт/тепло/фазы сохраняются; обычное горение учитывает доступный окислитель, self-oxidizing исключён.","T01: изолированная пара разных T; Q обоих участников и сумма энергии с учётом внешних источников. M01: непроницаемая стенка1/2/4 клеток и опора; смещения относительно air-сетки, сохранение геометрии/массы. T03: target/power/on/off и настройка на паузе; внешний Q, отсутствие скачка T при настройке.",Контракт записан; полная приёмка пары не выполнена,../wood/PASSPORT.md; ../heater/PASSPORT.md; SOURCES.md,1
core:wood__core:cooler,core:wood,core:cooler,H+S+Q,"Регулятор реализован; ограниченный внешний Q, конфигурация в Pressure/Lifetime.","Контактный теплообмен: одинаковый учёт Q на обеих сторонах; если k=0 или контакт закрыт, обмена нет. Контакт с solid: непроницаемость, опора/система тел согласно flags; тепло не требует прохождения вещества через стенку. Нагреватель/охладитель: ограниченное внешнее Q, соблюдение знака/target/power, не мгновенная установка температуры.",Базовые контакт/тепло/фазы сохраняются; доступный кислород не ограничивает горение.,"Базовые контакт/тепло/фазы сохраняются; обычное горение учитывает доступный окислитель, self-oxidizing исключён.","T01: изолированная пара разных T; Q обоих участников и сумма энергии с учётом внешних источников. M01: непроницаемая стенка1/2/4 клеток и опора; смещения относительно air-сетки, сохранение геометрии/массы. T03: target/power/on/off и настройка на паузе; внешний Q, отсутствие скачка T при настройке.",Контракт записан; полная приёмка пары не выполнена,../wood/PASSPORT.md; ../cooler/PASSPORT.md; SOURCES.md,1
core:wood__core:empty,core:wood,core:empty,B,"Grid empty и воздух/тепло/O₂ хранятся отдельно; удаление газа не даёт свежий воздух. ME: Воздушное Q с полной поровой энтальпией, без изменения water/oil stocks.",Пустое место и отдельный фоновый воздух: допустимое размещение/граничный обмен; empty не вакуум и не источник свежего O₂.,Базовые контакт/тепло/фазы сохраняются; доступный кислород не ограничивает горение.,"Базовые контакт/тепло/фазы сохраняются; обычное горение учитывает доступный окислитель, self-oxidizing исключён.",E01: истощённая пустая камера и удаление/размещение вещества; нет самопополнения запасов.,Контракт записан; полная приёмка пары не выполнена,../wood/PASSPORT.md; ../empty/PASSPORT.md; SOURCES.md; MATERIAL_ENVIRONMENT_CONTRACT.md; ../../MATERIAL_ENVIRONMENT_RESULTS.md,7
core:wood__core:eraser,core:wood,core:eraser,R,Brush стирает GridCell; очистку/сохранность отдельных pending-полей проверить отдельно.,Ластик: внешнее удаление материальной клетки и обновление геометрии/эффектов; не химическая реакция.,Базовые контакт/тепло/фазы сохраняются; доступный кислород не ограничивает горение.,"Базовые контакт/тепло/фазы сохраняются; обычное горение учитывает доступный окислитель, self-oxidizing исключён.","E02: стирание на паузе/при реакции, затем reload; материя/топология/эффекты и pending-поля.",Контракт записан; полная приёмка пары не выполнена,../wood/PASSPORT.md; ../eraser/PASSPORT.md; SOURCES.md,7
core:coal__core:coal,core:coal,core:coal,H+L,"Межзерновой обмен сохранённой воды по разности насыщенности при одинаковой moisture.liquid; масса/энтальпия сохраняются, мокрый получатель не горит. Не полная фильтрация пор. OA: межзерновой перенос масляной массы/энтальпии по насыщенности; общие поры с водой.","Контактный теплообмен: одинаковый учёт Q на обеих сторонах; если k=0 или контакт закрыт, обмена нет. Liquid/granular контакт: течение, плотностный обмен/вытеснение и сохранение переносимых полей; не растворение по умолчанию.",Базовые контакт/тепло/фазы сохраняются; доступный кислород не ограничивает горение.,"Базовые контакт/тепло/фазы сохраняются; обычное горение учитывает доступный окислитель, self-oxidizing исключён.","T01: изолированная пара разных T; Q обоих участников и сумма энергии с учётом внешних источников. M02: закрытый сосуд/куча/склон; выравнивание и оседание, нет ухода массы через преграду. OA01–OA06: только применимые контакт/поры/горение/перенос/reload сценарии.","Промокание проверено в выбранном объёме; полная приёмка пары не выполнена; OA выбранные сценарии PASS2026-10-04, не полная приёмка пары",../coal/PASSPORT.md; ../coal/PASSPORT.md; SOURCES.md; ../../MOISTURE_WICKING_RESULTS.md; MOISTURE_WICKING_CONTRACT.md; OIL_ABSORPTION_CONTRACT.md; ../../OIL_ABSORPTION_RESULTS.md,5
core:coal__core:wet_charcoal,core:coal,core:wet_charcoal,H+L,"Межзерновой обмен сохранённой воды по разности насыщенности при одинаковой moisture.liquid; масса/энтальпия сохраняются, мокрый получатель не горит. Не полная фильтрация пор. OA: межзерновой перенос масляной массы/энтальпии по насыщенности; общие поры с водой.","Контактный теплообмен: одинаковый учёт Q на обеих сторонах; если k=0 или контакт закрыт, обмена нет. Liquid/granular контакт: течение, плотностный обмен/вытеснение и сохранение переносимых полей; не растворение по умолчанию.",Базовые контакт/тепло/фазы сохраняются; доступный кислород не ограничивает горение.,"Базовые контакт/тепло/фазы сохраняются; обычное горение учитывает доступный окислитель, self-oxidizing исключён.","T01: изолированная пара разных T; Q обоих участников и сумма энергии с учётом внешних источников. M02: закрытый сосуд/куча/склон; выравнивание и оседание, нет ухода массы через преграду. OA01–OA06: только применимые контакт/поры/горение/перенос/reload сценарии.","Промокание проверено в выбранном объёме; полная приёмка пары не выполнена; OA выбранные сценарии PASS2026-10-04, не полная приёмка пары",../coal/PASSPORT.md; ../wet_charcoal/PASSPORT.md; SOURCES.md; ../../MOISTURE_WICKING_RESULTS.md; MOISTURE_WICKING_CONTRACT.md; OIL_ABSORPTION_CONTRACT.md; ../../OIL_ABSORPTION_RESULTS.md,5
core:coal__core:stone_coal,core:coal,core:stone_coal,H+L,Общие контакт/перенос/тепло по классу реализованы; специальная реакция не объявлена. Подводное осыпание по свободной грани/локальная нагрузка тяжёлого покрытия на плавучий слой; без dry powder↔powder сортировки.,"Контактный теплообмен: одинаковый учёт Q на обеих сторонах; если k=0 или контакт закрыт, обмена нет. Liquid/granular контакт: течение, плотностный обмен/вытеснение и сохранение переносимых полей; не растворение по умолчанию.",Базовые контакт/тепло/фазы сохраняются; доступный кислород не ограничивает горение.,"Базовые контакт/тепло/фазы сохраняются; обычное горение учитывает доступный окислитель, self-oxidizing исключён.","T01: изолированная пара разных T; Q обоих участников и сумма энергии с учётом внешних источников. M02: закрытый сосуд/куча/склон; выравнивание и оседание, нет ухода массы через преграду. SH01: подводная колонна/реальная кисть; SH02: плавающая смесь и уровни воды; SH03: сухая нагрузка до впитывания и сухая опора.","Контракт записан; полная приёмка пары не выполнена; SH выбранные сценарии PASS2026-10-03, не полная приёмка пары",../coal/PASSPORT.md; ../stone_coal/PASSPORT.md; SOURCES.md; SUBMERGED_HEAPS_CONTRACT.md; ../../SUBMERGED_HEAPS_RESULTS.md,5
core:coal__core:gunpowder,core:coal,core:gunpowder,H+L+P,"Межзерновой обмен сохранённой воды по разности насыщенности при одинаковой moisture.liquid; масса/энтальпия сохраняются, мокрый получатель не горит. Не полная фильтрация пор.","Контактный теплообмен: одинаковый учёт Q на обеих сторонах; если k=0 или контакт закрыт, обмена нет. Liquid/granular контакт: течение, плотностный обмен/вытеснение и сохранение переносимых полей; не растворение по умолчанию. Пороховой источник/окружение: тепло и давление при горении, реакция однократна; отклик зависит от геометрии камеры, не от произвольной реакции каждого соседа.",Базовые контакт/тепло/фазы сохраняются; доступный кислород не ограничивает горение.,"Базовые контакт/тепло/фазы сохраняются; обычное горение учитывает доступный окислитель, self-oxidizing исключён.","T01: изолированная пара разных T; Q обоих участников и сумма энергии с учётом внешних источников. M02: закрытый сосуд/куча/склон; выравнивание и оседание, нет ухода массы через преграду. P01: открытая вспышка, герметичная и вентилируемая камера; однократные P/E/C, выброс, повтор/reload.",Промокание проверено в выбранном объёме; полная приёмка пары не выполнена,../coal/PASSPORT.md; ../gunpowder/PASSPORT.md; SOURCES.md; ../../MOISTURE_WICKING_RESULTS.md; MOISTURE_WICKING_CONTRACT.md,6
core:coal__core:fire,core:coal,core:fire,H+L+G+I+O,"Контактный поджиг и combustion реализованы; скорость/остаток индивидуальны. Запас/вытеснение окислителя реализованы; self-oxidizing gunpowder не расходует фоновый запас. Газ занимает отдельные клетки; перенос и тепло через общие решатели, не растворённая смесь. WC02/G08: при ненулевой влаге реакция подавлена в обоих режимах; после оплаченной сушки обычная горючесть возвращается. Заливка: мокрое топливо T≤100°C с сохранением избыточного Q, сушка в соседний steam; плотный слой не пробивается прямым liquid/granular обменом. OA: сухой масляный запас горит прежде основы на газовой грани; влага подавляет реакцию, Simulation требует O₂.","Контактный теплообмен: одинаковый учёт Q на обеих сторонах; если k=0 или контакт закрыт, обмена нет. Liquid/granular контакт: течение, плотностный обмен/вытеснение и сохранение переносимых полей; не растворение по умолчанию. Газовый контакт/поток: перенос массы и тепла, границы и столкновения; единой многокомпонентной клетки пока нет. Горячий FIRE зажигает доступное топливо; холодное/погасшее пламя не поджигает. Доступ воздуха: в Симуляции топливо зависит от запаса/ёмкости; в Песочнице кислородный бюджет не ограничивает реакцию. Порох self-oxidizing — исключение.",Базовые контакт/тепло/фазы сохраняются; доступный кислород не ограничивает горение.,"Базовые контакт/тепло/фазы сохраняются; обычное горение учитывает доступный окислитель, self-oxidizing исключён.","T01: изолированная пара разных T; Q обоих участников и сумма энергии с учётом внешних источников. M02: закрытый сосуд/куча/склон; выравнивание и оседание, нет ухода массы через преграду. G01: облако и канал с холодным/горячим участком; поток/масса/температура и нулевые пересечения стен. C01: поджиг только одного края, убрать кисть; фронт, расход, остаток, холодный контроль. C02: открытый/закрытый и истощённый мир; сравнение двух режимов, ledger окислителя. WC02/G08: изолированный баланс/поджиг/сушка/пауза/reload, режимы×Air×30/60/100FPS. OA01–OA06: только применимые контакт/поры/горение/перенос/reload сценарии. FD: общий перенос воздуха, крыша/закрытый контроль, сохранённая печь и пороховый всплеск; это не новая химия пары.","WC02/G08 выбранная связь PASS; вся пара не принята; OA выбранные сценарии PASS2026-10-04, не полная приёмка пары; FD выбранные общие механизмы PASS2026-10-06, наружное плавление отдельно не подтверждено; EL выбранные производственные эмиссии/тяга PASS2026-10-06, не полная приёмка пары",../coal/PASSPORT.md; ../fire/PASSPORT.md; SOURCES.md; ../../FUEL_MOISTURE_RESULTS.md; ../../MOISTURE_POUR_RESULTS.md; OIL_ABSORPTION_CONTRACT.md; ../../OIL_ABSORPTION_RESULTS.md; FURNACE_DRAFT_CONTRACT.md; ../../FURNACE_DRAFT_RESULTS.md; EMISSION_LIFETIME_CONTRACT.md; ../../FURNACE_EMISSION_RESULTS.md,3
core:coal__core:smoke,core:coal,core:smoke,H+L+G+O,"Запас/вытеснение окислителя реализованы; self-oxidizing gunpowder не расходует фоновый запас. Газ занимает отдельные клетки; перенос и тепло через общие решатели, не растворённая смесь.","Контактный теплообмен: одинаковый учёт Q на обеих сторонах; если k=0 или контакт закрыт, обмена нет. Liquid/granular контакт: течение, плотностный обмен/вытеснение и сохранение переносимых полей; не растворение по умолчанию. Газовый контакт/поток: перенос массы и тепла, границы и столкновения; единой многокомпонентной клетки пока нет. Доступ воздуха: в Симуляции топливо зависит от запаса/ёмкости; в Песочнице кислородный бюджет не ограничивает реакцию. Порох self-oxidizing — исключение.",Базовые контакт/тепло/фазы сохраняются; доступный кислород не ограничивает горение.,"Базовые контакт/тепло/фазы сохраняются; обычное горение учитывает доступный окислитель, self-oxidizing исключён.","T01: изолированная пара разных T; Q обоих участников и сумма энергии с учётом внешних источников. M02: закрытый сосуд/куча/склон; выравнивание и оседание, нет ухода массы через преграду. G01: облако и канал с холодным/горячим участком; поток/масса/температура и нулевые пересечения стен. C02: открытый/закрытый и истощённый мир; сравнение двух режимов, ledger окислителя. FD: общий перенос воздуха, крыша/закрытый контроль, сохранённая печь и пороховый всплеск; это не новая химия пары.","Контракт записан; полная приёмка пары не выполнена; FD выбранные общие механизмы PASS2026-10-06, наружное плавление отдельно не подтверждено; EL выбранные производственные эмиссии/тяга PASS2026-10-06, не полная приёмка пары",../coal/PASSPORT.md; ../smoke/PASSPORT.md; SOURCES.md; FURNACE_DRAFT_CONTRACT.md; ../../FURNACE_DRAFT_RESULTS.md; EMISSION_LIFETIME_CONTRACT.md; ../../FURNACE_EMISSION_RESULTS.md,3
core:coal__core:co2,core:coal,core:co2,H+L+G+O,"Запас/вытеснение окислителя реализованы; self-oxidizing gunpowder не расходует фоновый запас. Газ занимает отдельные клетки; перенос и тепло через общие решатели, не растворённая смесь. OA: сухой масляный запас горит прежде основы на газовой грани; влага подавляет реакцию, Simulation требует O₂.","Контактный теплообмен: одинаковый учёт Q на обеих сторонах; если k=0 или контакт закрыт, обмена нет. Liquid/granular контакт: течение, плотностный обмен/вытеснение и сохранение переносимых полей; не растворение по умолчанию. Газовый контакт/поток: перенос массы и тепла, границы и столкновения; единой многокомпонентной клетки пока нет. Доступ воздуха: в Симуляции топливо зависит от запаса/ёмкости; в Песочнице кислородный бюджет не ограничивает реакцию. Порох self-oxidizing — исключение.",Базовые контакт/тепло/фазы сохраняются; доступный кислород не ограничивает горение.,"Базовые контакт/тепло/фазы сохраняются; обычное горение учитывает доступный окислитель, self-oxidizing исключён.","T01: изолированная пара разных T; Q обоих участников и сумма энергии с учётом внешних источников. M02: закрытый сосуд/куча/склон; выравнивание и оседание, нет ухода массы через преграду. G01: облако и канал с холодным/горячим участком; поток/масса/температура и нулевые пересечения стен. C02: открытый/закрытый и истощённый мир; сравнение двух режимов, ledger окислителя. OA01–OA06: только применимые контакт/поры/горение/перенос/reload сценарии.","Контракт записан; полная приёмка пары не выполнена; OA выбранные сценарии PASS2026-10-04, не полная приёмка пары",../coal/PASSPORT.md; ../co2/PASSPORT.md; SOURCES.md; OIL_ABSORPTION_CONTRACT.md; ../../OIL_ABSORPTION_RESULTS.md,3
core:coal__core:heater,core:coal,core:heater,H+S+Q,"Регулятор реализован; ограниченный внешний Q, конфигурация в Pressure/Lifetime.","Контактный теплообмен: одинаковый учёт Q на обеих сторонах; если k=0 или контакт закрыт, обмена нет. Контакт с solid: непроницаемость, опора/система тел согласно flags; тепло не требует прохождения вещества через стенку. Нагреватель/охладитель: ограниченное внешнее Q, соблюдение знака/target/power, не мгновенная установка температуры.",Базовые контакт/тепло/фазы сохраняются; доступный кислород не ограничивает горение.,"Базовые контакт/тепло/фазы сохраняются; обычное горение учитывает доступный окислитель, self-oxidizing исключён.","T01: изолированная пара разных T; Q обоих участников и сумма энергии с учётом внешних источников. M01: непроницаемая стенка1/2/4 клеток и опора; смещения относительно air-сетки, сохранение геометрии/массы. T03: target/power/on/off и настройка на паузе; внешний Q, отсутствие скачка T при настройке.",Контракт записан; полная приёмка пары не выполнена,../coal/PASSPORT.md; ../heater/PASSPORT.md; SOURCES.md,1
core:coal__core:cooler,core:coal,core:cooler,H+S+Q,"Регулятор реализован; ограниченный внешний Q, конфигурация в Pressure/Lifetime.","Контактный теплообмен: одинаковый учёт Q на обеих сторонах; если k=0 или контакт закрыт, обмена нет. Контакт с solid: непроницаемость, опора/система тел согласно flags; тепло не требует прохождения вещества через стенку. Нагреватель/охладитель: ограниченное внешнее Q, соблюдение знака/target/power, не мгновенная установка температуры.",Базовые контакт/тепло/фазы сохраняются; доступный кислород не ограничивает горение.,"Базовые контакт/тепло/фазы сохраняются; обычное горение учитывает доступный окислитель, self-oxidizing исключён.","T01: изолированная пара разных T; Q обоих участников и сумма энергии с учётом внешних источников. M01: непроницаемая стенка1/2/4 клеток и опора; смещения относительно air-сетки, сохранение геометрии/массы. T03: target/power/on/off и настройка на паузе; внешний Q, отсутствие скачка T при настройке.",Контракт записан; полная приёмка пары не выполнена,../coal/PASSPORT.md; ../cooler/PASSPORT.md; SOURCES.md,1
core:coal__core:empty,core:coal,core:empty,B,Grid empty и воздух/тепло/O₂ хранятся отдельно; удаление газа не даёт свежий воздух.,Пустое место и отдельный фоновый воздух: допустимое размещение/граничный обмен; empty не вакуум и не источник свежего O₂.,Базовые контакт/тепло/фазы сохраняются; доступный кислород не ограничивает горение.,"Базовые контакт/тепло/фазы сохраняются; обычное горение учитывает доступный окислитель, self-oxidizing исключён.",E01: истощённая пустая камера и удаление/размещение вещества; нет самопополнения запасов.,Контракт записан; полная приёмка пары не выполнена,../coal/PASSPORT.md; ../empty/PASSPORT.md; SOURCES.md,7
core:coal__core:eraser,core:coal,core:eraser,R,Brush стирает GridCell; очистку/сохранность отдельных pending-полей проверить отдельно.,Ластик: внешнее удаление материальной клетки и обновление геометрии/эффектов; не химическая реакция.,Базовые контакт/тепло/фазы сохраняются; доступный кислород не ограничивает горение.,"Базовые контакт/тепло/фазы сохраняются; обычное горение учитывает доступный окислитель, self-oxidizing исключён.","E02: стирание на паузе/при реакции, затем reload; материя/топология/эффекты и pending-поля.",Контракт записан; полная приёмка пары не выполнена,../coal/PASSPORT.md; ../eraser/PASSPORT.md; SOURCES.md,7
core:wet_charcoal__core:wet_charcoal,core:wet_charcoal,core:wet_charcoal,H+L,"Межзерновой обмен сохранённой воды по разности насыщенности при одинаковой moisture.liquid; масса/энтальпия сохраняются, мокрый получатель не горит. Не полная фильтрация пор. OA: межзерновой перенос масляной массы/энтальпии по насыщенности; общие поры с водой.","Контактный теплообмен: одинаковый учёт Q на обеих сторонах; если k=0 или контакт закрыт, обмена нет. Liquid/granular контакт: течение, плотностный обмен/вытеснение и сохранение переносимых полей; не растворение по умолчанию.",Базовые контакт/тепло/фазы сохраняются; доступный кислород не ограничивает горение.,"Базовые контакт/тепло/фазы сохраняются; обычное горение учитывает доступный окислитель, self-oxidizing исключён.","T01: изолированная пара разных T; Q обоих участников и сумма энергии с учётом внешних источников. M02: закрытый сосуд/куча/склон; выравнивание и оседание, нет ухода массы через преграду. OA01–OA06: только применимые контакт/поры/горение/перенос/reload сценарии.","Промокание проверено в выбранном объёме; полная приёмка пары не выполнена; OA выбранные сценарии PASS2026-10-04, не полная приёмка пары",../wet_charcoal/PASSPORT.md; ../wet_charcoal/PASSPORT.md; SOURCES.md; ../../MOISTURE_WICKING_RESULTS.md; MOISTURE_WICKING_CONTRACT.md; OIL_ABSORPTION_CONTRACT.md; ../../OIL_ABSORPTION_RESULTS.md,5
core:wet_charcoal__core:stone_coal,core:wet_charcoal,core:stone_coal,H+L,Общие контакт/перенос/тепло по классу реализованы; специальная реакция не объявлена. Подводное осыпание по свободной грани/локальная нагрузка тяжёлого покрытия на плавучий слой; без dry powder↔powder сортировки.,"Контактный теплообмен: одинаковый учёт Q на обеих сторонах; если k=0 или контакт закрыт, обмена нет. Liquid/granular контакт: течение, плотностный обмен/вытеснение и сохранение переносимых полей; не растворение по умолчанию.",Базовые контакт/тепло/фазы сохраняются; доступный кислород не ограничивает горение.,"Базовые контакт/тепло/фазы сохраняются; обычное горение учитывает доступный окислитель, self-oxidizing исключён.","T01: изолированная пара разных T; Q обоих участников и сумма энергии с учётом внешних источников. M02: закрытый сосуд/куча/склон; выравнивание и оседание, нет ухода массы через преграду. SH01: подводная колонна/реальная кисть; SH02: плавающая смесь и уровни воды; SH03: сухая нагрузка до впитывания и сухая опора.","Контракт записан; полная приёмка пары не выполнена; SH выбранные сценарии PASS2026-10-03, не полная приёмка пары",../wet_charcoal/PASSPORT.md; ../stone_coal/PASSPORT.md; SOURCES.md; SUBMERGED_HEAPS_CONTRACT.md; ../../SUBMERGED_HEAPS_RESULTS.md,5
core:wet_charcoal__core:gunpowder,core:wet_charcoal,core:gunpowder,H+L+P,"Межзерновой обмен сохранённой воды по разности насыщенности при одинаковой moisture.liquid; масса/энтальпия сохраняются, мокрый получатель не горит. Не полная фильтрация пор.","Контактный теплообмен: одинаковый учёт Q на обеих сторонах; если k=0 или контакт закрыт, обмена нет. Liquid/granular контакт: течение, плотностный обмен/вытеснение и сохранение переносимых полей; не растворение по умолчанию. Пороховой источник/окружение: тепло и давление при горении, реакция однократна; отклик зависит от геометрии камеры, не от произвольной реакции каждого соседа.",Базовые контакт/тепло/фазы сохраняются; доступный кислород не ограничивает горение.,"Базовые контакт/тепло/фазы сохраняются; обычное горение учитывает доступный окислитель, self-oxidizing исключён.","T01: изолированная пара разных T; Q обоих участников и сумма энергии с учётом внешних источников. M02: закрытый сосуд/куча/склон; выравнивание и оседание, нет ухода массы через преграду. P01: открытая вспышка, герметичная и вентилируемая камера; однократные P/E/C, выброс, повтор/reload.",Промокание проверено в выбранном объёме; полная приёмка пары не выполнена,../wet_charcoal/PASSPORT.md; ../gunpowder/PASSPORT.md; SOURCES.md; ../../MOISTURE_WICKING_RESULTS.md; MOISTURE_WICKING_CONTRACT.md,6
core:wet_charcoal__core:fire,core:wet_charcoal,core:fire,H+L+G,"Газ занимает отдельные клетки; перенос и тепло через общие решатели, не растворённая смесь. WC02/G08: при ненулевой влаге реакция подавлена в обоих режимах; после оплаченной сушки обычная горючесть возвращается. Заливка: мокрое топливо T≤100°C с сохранением избыточного Q, сушка в соседний steam; плотный слой не пробивается прямым liquid/granular обменом. OA: сухой масляный запас горит прежде основы на газовой грани; влага подавляет реакцию, Simulation требует O₂.","Контактный теплообмен: одинаковый учёт Q на обеих сторонах; если k=0 или контакт закрыт, обмена нет. Liquid/granular контакт: течение, плотностный обмен/вытеснение и сохранение переносимых полей; не растворение по умолчанию. Газовый контакт/поток: перенос массы и тепла, границы и столкновения; единой многокомпонентной клетки пока нет.",Базовые контакт/тепло/фазы сохраняются; доступный кислород не ограничивает горение.,"Базовые контакт/тепло/фазы сохраняются; обычное горение учитывает доступный окислитель, self-oxidizing исключён.","T01: изолированная пара разных T; Q обоих участников и сумма энергии с учётом внешних источников. M02: закрытый сосуд/куча/склон; выравнивание и оседание, нет ухода массы через преграду. G01: облако и канал с холодным/горячим участком; поток/масса/температура и нулевые пересечения стен. WC02/G08: изолированный баланс/поджиг/сушка/пауза/reload, режимы×Air×30/60/100FPS. OA01–OA06: только применимые контакт/поры/горение/перенос/reload сценарии.","WC02/G08 выбранная связь PASS; вся пара не принята; OA выбранные сценарии PASS2026-10-04, не полная приёмка пары",../wet_charcoal/PASSPORT.md; ../fire/PASSPORT.md; SOURCES.md; ../../FUEL_MOISTURE_RESULTS.md; ../../MOISTURE_POUR_RESULTS.md; OIL_ABSORPTION_CONTRACT.md; ../../OIL_ABSORPTION_RESULTS.md,4
core:wet_charcoal__core:smoke,core:wet_charcoal,core:smoke,H+L+G,"Газ занимает отдельные клетки; перенос и тепло через общие решатели, не растворённая смесь.","Контактный теплообмен: одинаковый учёт Q на обеих сторонах; если k=0 или контакт закрыт, обмена нет. Liquid/granular контакт: течение, плотностный обмен/вытеснение и сохранение переносимых полей; не растворение по умолчанию. Газовый контакт/поток: перенос массы и тепла, границы и столкновения; единой многокомпонентной клетки пока нет.",Базовые контакт/тепло/фазы сохраняются; доступный кислород не ограничивает горение.,"Базовые контакт/тепло/фазы сохраняются; обычное горение учитывает доступный окислитель, self-oxidizing исключён.","T01: изолированная пара разных T; Q обоих участников и сумма энергии с учётом внешних источников. M02: закрытый сосуд/куча/склон; выравнивание и оседание, нет ухода массы через преграду. G01: облако и канал с холодным/горячим участком; поток/масса/температура и нулевые пересечения стен.",Контракт записан; полная приёмка пары не выполнена,../wet_charcoal/PASSPORT.md; ../smoke/PASSPORT.md; SOURCES.md,4
core:wet_charcoal__core:co2,core:wet_charcoal,core:co2,H+L+G,"Газ занимает отдельные клетки; перенос и тепло через общие решатели, не растворённая смесь. OA: сухой масляный запас горит прежде основы на газовой грани; влага подавляет реакцию, Simulation требует O₂.","Контактный теплообмен: одинаковый учёт Q на обеих сторонах; если k=0 или контакт закрыт, обмена нет. Liquid/granular контакт: течение, плотностный обмен/вытеснение и сохранение переносимых полей; не растворение по умолчанию. Газовый контакт/поток: перенос массы и тепла, границы и столкновения; единой многокомпонентной клетки пока нет.",Базовые контакт/тепло/фазы сохраняются; доступный кислород не ограничивает горение.,"Базовые контакт/тепло/фазы сохраняются; обычное горение учитывает доступный окислитель, self-oxidizing исключён.","T01: изолированная пара разных T; Q обоих участников и сумма энергии с учётом внешних источников. M02: закрытый сосуд/куча/склон; выравнивание и оседание, нет ухода массы через преграду. G01: облако и канал с холодным/горячим участком; поток/масса/температура и нулевые пересечения стен. OA01–OA06: только применимые контакт/поры/горение/перенос/reload сценарии.","Контракт записан; полная приёмка пары не выполнена; OA выбранные сценарии PASS2026-10-04, не полная приёмка пары",../wet_charcoal/PASSPORT.md; ../co2/PASSPORT.md; SOURCES.md; OIL_ABSORPTION_CONTRACT.md; ../../OIL_ABSORPTION_RESULTS.md,4
core:wet_charcoal__core:heater,core:wet_charcoal,core:heater,H+S+Q,"Регулятор реализован; ограниченный внешний Q, конфигурация в Pressure/Lifetime.","Контактный теплообмен: одинаковый учёт Q на обеих сторонах; если k=0 или контакт закрыт, обмена нет. Контакт с solid: непроницаемость, опора/система тел согласно flags; тепло не требует прохождения вещества через стенку. Нагреватель/охладитель: ограниченное внешнее Q, соблюдение знака/target/power, не мгновенная установка температуры.",Базовые контакт/тепло/фазы сохраняются; доступный кислород не ограничивает горение.,"Базовые контакт/тепло/фазы сохраняются; обычное горение учитывает доступный окислитель, self-oxidizing исключён.","T01: изолированная пара разных T; Q обоих участников и сумма энергии с учётом внешних источников. M01: непроницаемая стенка1/2/4 клеток и опора; смещения относительно air-сетки, сохранение геометрии/массы. T03: target/power/on/off и настройка на паузе; внешний Q, отсутствие скачка T при настройке.",Контракт записан; полная приёмка пары не выполнена,../wet_charcoal/PASSPORT.md; ../heater/PASSPORT.md; SOURCES.md,1
core:wet_charcoal__core:cooler,core:wet_charcoal,core:cooler,H+S+Q,"Регулятор реализован; ограниченный внешний Q, конфигурация в Pressure/Lifetime.","Контактный теплообмен: одинаковый учёт Q на обеих сторонах; если k=0 или контакт закрыт, обмена нет. Контакт с solid: непроницаемость, опора/система тел согласно flags; тепло не требует прохождения вещества через стенку. Нагреватель/охладитель: ограниченное внешнее Q, соблюдение знака/target/power, не мгновенная установка температуры.",Базовые контакт/тепло/фазы сохраняются; доступный кислород не ограничивает горение.,"Базовые контакт/тепло/фазы сохраняются; обычное горение учитывает доступный окислитель, self-oxidizing исключён.","T01: изолированная пара разных T; Q обоих участников и сумма энергии с учётом внешних источников. M01: непроницаемая стенка1/2/4 клеток и опора; смещения относительно air-сетки, сохранение геометрии/массы. T03: target/power/on/off и настройка на паузе; внешний Q, отсутствие скачка T при настройке.",Контракт записан; полная приёмка пары не выполнена,../wet_charcoal/PASSPORT.md; ../cooler/PASSPORT.md; SOURCES.md,1
core:wet_charcoal__core:empty,core:wet_charcoal,core:empty,B,Grid empty и воздух/тепло/O₂ хранятся отдельно; удаление газа не даёт свежий воздух.,Пустое место и отдельный фоновый воздух: допустимое размещение/граничный обмен; empty не вакуум и не источник свежего O₂.,Базовые контакт/тепло/фазы сохраняются; доступный кислород не ограничивает горение.,"Базовые контакт/тепло/фазы сохраняются; обычное горение учитывает доступный окислитель, self-oxidizing исключён.",E01: истощённая пустая камера и удаление/размещение вещества; нет самопополнения запасов.,Контракт записан; полная приёмка пары не выполнена,../wet_charcoal/PASSPORT.md; ../empty/PASSPORT.md; SOURCES.md,7
core:wet_charcoal__core:eraser,core:wet_charcoal,core:eraser,R,Brush стирает GridCell; очистку/сохранность отдельных pending-полей проверить отдельно.,Ластик: внешнее удаление материальной клетки и обновление геометрии/эффектов; не химическая реакция.,Базовые контакт/тепло/фазы сохраняются; доступный кислород не ограничивает горение.,"Базовые контакт/тепло/фазы сохраняются; обычное горение учитывает доступный окислитель, self-oxidizing исключён.","E02: стирание на паузе/при реакции, затем reload; материя/топология/эффекты и pending-поля.",Контракт записан; полная приёмка пары не выполнена,../wet_charcoal/PASSPORT.md; ../eraser/PASSPORT.md; SOURCES.md,7
core:stone_coal__core:stone_coal,core:stone_coal,core:stone_coal,H+L,Общие контакт/перенос/тепло по классу реализованы; специальная реакция не объявлена.,"Контактный теплообмен: одинаковый учёт Q на обеих сторонах; если k=0 или контакт закрыт, обмена нет. Liquid/granular контакт: течение, плотностный обмен/вытеснение и сохранение переносимых полей; не растворение по умолчанию.",Базовые контакт/тепло/фазы сохраняются; доступный кислород не ограничивает горение.,"Базовые контакт/тепло/фазы сохраняются; обычное горение учитывает доступный окислитель, self-oxidizing исключён.","T01: изолированная пара разных T; Q обоих участников и сумма энергии с учётом внешних источников. M02: закрытый сосуд/куча/склон; выравнивание и оседание, нет ухода массы через преграду.",Контракт записан; полная приёмка пары не выполнена,../stone_coal/PASSPORT.md; ../stone_coal/PASSPORT.md; SOURCES.md,5
core:stone_coal__core:gunpowder,core:stone_coal,core:gunpowder,H+L+P,Пороховой pulse реализован; разрушение стен/полная химия не реализованы.,"Контактный теплообмен: одинаковый учёт Q на обеих сторонах; если k=0 или контакт закрыт, обмена нет. Liquid/granular контакт: течение, плотностный обмен/вытеснение и сохранение переносимых полей; не растворение по умолчанию. Пороховой источник/окружение: тепло и давление при горении, реакция однократна; отклик зависит от геометрии камеры, не от произвольной реакции каждого соседа.",Базовые контакт/тепло/фазы сохраняются; доступный кислород не ограничивает горение.,"Базовые контакт/тепло/фазы сохраняются; обычное горение учитывает доступный окислитель, self-oxidizing исключён.","T01: изолированная пара разных T; Q обоих участников и сумма энергии с учётом внешних источников. M02: закрытый сосуд/куча/склон; выравнивание и оседание, нет ухода массы через преграду. P01: открытая вспышка, герметичная и вентилируемая камера; однократные P/E/C, выброс, повтор/reload.",Контракт записан; полная приёмка пары не выполнена,../stone_coal/PASSPORT.md; ../gunpowder/PASSPORT.md; SOURCES.md,6
core:stone_coal__core:fire,core:stone_coal,core:fire,H+L+G+I+O,"Контактный поджиг и combustion реализованы; скорость/остаток индивидуальны. Запас/вытеснение окислителя реализованы; self-oxidizing gunpowder не расходует фоновый запас. Газ занимает отдельные клетки; перенос и тепло через общие решатели, не растворённая смесь.","Контактный теплообмен: одинаковый учёт Q на обеих сторонах; если k=0 или контакт закрыт, обмена нет. Liquid/granular контакт: течение, плотностный обмен/вытеснение и сохранение переносимых полей; не растворение по умолчанию. Газовый контакт/поток: перенос массы и тепла, границы и столкновения; единой многокомпонентной клетки пока нет. Горячий FIRE зажигает доступное топливо; холодное/погасшее пламя не поджигает. Доступ воздуха: в Симуляции топливо зависит от запаса/ёмкости; в Песочнице кислородный бюджет не ограничивает реакцию. Порох self-oxidizing — исключение.",Базовые контакт/тепло/фазы сохраняются; доступный кислород не ограничивает горение.,"Базовые контакт/тепло/фазы сохраняются; обычное горение учитывает доступный окислитель, self-oxidizing исключён.","T01: изолированная пара разных T; Q обоих участников и сумма энергии с учётом внешних источников. M02: закрытый сосуд/куча/склон; выравнивание и оседание, нет ухода массы через преграду. G01: облако и канал с холодным/горячим участком; поток/масса/температура и нулевые пересечения стен. C01: поджиг только одного края, убрать кисть; фронт, расход, остаток, холодный контроль. C02: открытый/закрытый и истощённый мир; сравнение двух режимов, ledger окислителя.",Контракт записан; полная приёмка пары не выполнена,../stone_coal/PASSPORT.md; ../fire/PASSPORT.md; SOURCES.md,3
core:stone_coal__core:smoke,core:stone_coal,core:smoke,H+L+G+O,"Запас/вытеснение окислителя реализованы; self-oxidizing gunpowder не расходует фоновый запас. Газ занимает отдельные клетки; перенос и тепло через общие решатели, не растворённая смесь.","Контактный теплообмен: одинаковый учёт Q на обеих сторонах; если k=0 или контакт закрыт, обмена нет. Liquid/granular контакт: течение, плотностный обмен/вытеснение и сохранение переносимых полей; не растворение по умолчанию. Газовый контакт/поток: перенос массы и тепла, границы и столкновения; единой многокомпонентной клетки пока нет. Доступ воздуха: в Симуляции топливо зависит от запаса/ёмкости; в Песочнице кислородный бюджет не ограничивает реакцию. Порох self-oxidizing — исключение.",Базовые контакт/тепло/фазы сохраняются; доступный кислород не ограничивает горение.,"Базовые контакт/тепло/фазы сохраняются; обычное горение учитывает доступный окислитель, self-oxidizing исключён.","T01: изолированная пара разных T; Q обоих участников и сумма энергии с учётом внешних источников. M02: закрытый сосуд/куча/склон; выравнивание и оседание, нет ухода массы через преграду. G01: облако и канал с холодным/горячим участком; поток/масса/температура и нулевые пересечения стен. C02: открытый/закрытый и истощённый мир; сравнение двух режимов, ledger окислителя.",Контракт записан; полная приёмка пары не выполнена,../stone_coal/PASSPORT.md; ../smoke/PASSPORT.md; SOURCES.md,3
core:stone_coal__core:co2,core:stone_coal,core:co2,H+L+G+O,"Запас/вытеснение окислителя реализованы; self-oxidizing gunpowder не расходует фоновый запас. Газ занимает отдельные клетки; перенос и тепло через общие решатели, не растворённая смесь.","Контактный теплообмен: одинаковый учёт Q на обеих сторонах; если k=0 или контакт закрыт, обмена нет. Liquid/granular контакт: течение, плотностный обмен/вытеснение и сохранение переносимых полей; не растворение по умолчанию. Газовый контакт/поток: перенос массы и тепла, границы и столкновения; единой многокомпонентной клетки пока нет. Доступ воздуха: в Симуляции топливо зависит от запаса/ёмкости; в Песочнице кислородный бюджет не ограничивает реакцию. Порох self-oxidizing — исключение.",Базовые контакт/тепло/фазы сохраняются; доступный кислород не ограничивает горение.,"Базовые контакт/тепло/фазы сохраняются; обычное горение учитывает доступный окислитель, self-oxidizing исключён.","T01: изолированная пара разных T; Q обоих участников и сумма энергии с учётом внешних источников. M02: закрытый сосуд/куча/склон; выравнивание и оседание, нет ухода массы через преграду. G01: облако и канал с холодным/горячим участком; поток/масса/температура и нулевые пересечения стен. C02: открытый/закрытый и истощённый мир; сравнение двух режимов, ledger окислителя.",Контракт записан; полная приёмка пары не выполнена,../stone_coal/PASSPORT.md; ../co2/PASSPORT.md; SOURCES.md,3
core:stone_coal__core:heater,core:stone_coal,core:heater,H+S+Q,"Регулятор реализован; ограниченный внешний Q, конфигурация в Pressure/Lifetime.","Контактный теплообмен: одинаковый учёт Q на обеих сторонах; если k=0 или контакт закрыт, обмена нет. Контакт с solid: непроницаемость, опора/система тел согласно flags; тепло не требует прохождения вещества через стенку. Нагреватель/охладитель: ограниченное внешнее Q, соблюдение знака/target/power, не мгновенная установка температуры.",Базовые контакт/тепло/фазы сохраняются; доступный кислород не ограничивает горение.,"Базовые контакт/тепло/фазы сохраняются; обычное горение учитывает доступный окислитель, self-oxidizing исключён.","T01: изолированная пара разных T; Q обоих участников и сумма энергии с учётом внешних источников. M01: непроницаемая стенка1/2/4 клеток и опора; смещения относительно air-сетки, сохранение геометрии/массы. T03: target/power/on/off и настройка на паузе; внешний Q, отсутствие скачка T при настройке.",Контракт записан; полная приёмка пары не выполнена,../stone_coal/PASSPORT.md; ../heater/PASSPORT.md; SOURCES.md,1
core:stone_coal__core:cooler,core:stone_coal,core:cooler,H+S+Q,"Регулятор реализован; ограниченный внешний Q, конфигурация в Pressure/Lifetime.","Контактный теплообмен: одинаковый учёт Q на обеих сторонах; если k=0 или контакт закрыт, обмена нет. Контакт с solid: непроницаемость, опора/система тел согласно flags; тепло не требует прохождения вещества через стенку. Нагреватель/охладитель: ограниченное внешнее Q, соблюдение знака/target/power, не мгновенная установка температуры.",Базовые контакт/тепло/фазы сохраняются; доступный кислород не ограничивает горение.,"Базовые контакт/тепло/фазы сохраняются; обычное горение учитывает доступный окислитель, self-oxidizing исключён.","T01: изолированная пара разных T; Q обоих участников и сумма энергии с учётом внешних источников. M01: непроницаемая стенка1/2/4 клеток и опора; смещения относительно air-сетки, сохранение геометрии/массы. T03: target/power/on/off и настройка на паузе; внешний Q, отсутствие скачка T при настройке.",Контракт записан; полная приёмка пары не выполнена,../stone_coal/PASSPORT.md; ../cooler/PASSPORT.md; SOURCES.md,1
core:stone_coal__core:empty,core:stone_coal,core:empty,B,Grid empty и воздух/тепло/O₂ хранятся отдельно; удаление газа не даёт свежий воздух.,Пустое место и отдельный фоновый воздух: допустимое размещение/граничный обмен; empty не вакуум и не источник свежего O₂.,Базовые контакт/тепло/фазы сохраняются; доступный кислород не ограничивает горение.,"Базовые контакт/тепло/фазы сохраняются; обычное горение учитывает доступный окислитель, self-oxidizing исключён.",E01: истощённая пустая камера и удаление/размещение вещества; нет самопополнения запасов.,Контракт записан; полная приёмка пары не выполнена,../stone_coal/PASSPORT.md; ../empty/PASSPORT.md; SOURCES.md,7
core:stone_coal__core:eraser,core:stone_coal,core:eraser,R,Brush стирает GridCell; очистку/сохранность отдельных pending-полей проверить отдельно.,Ластик: внешнее удаление материальной клетки и обновление геометрии/эффектов; не химическая реакция.,Базовые контакт/тепло/фазы сохраняются; доступный кислород не ограничивает горение.,"Базовые контакт/тепло/фазы сохраняются; обычное горение учитывает доступный окислитель, self-oxidizing исключён.","E02: стирание на паузе/при реакции, затем reload; материя/топология/эффекты и pending-поля.",Контракт записан; полная приёмка пары не выполнена,../stone_coal/PASSPORT.md; ../eraser/PASSPORT.md; SOURCES.md,7
core:gunpowder__core:gunpowder,core:gunpowder,core:gunpowder,H+L+P,"Межзерновой обмен сохранённой воды по разности насыщенности при одинаковой moisture.liquid; масса/энтальпия сохраняются, мокрый получатель не горит. Не полная фильтрация пор.","Контактный теплообмен: одинаковый учёт Q на обеих сторонах; если k=0 или контакт закрыт, обмена нет. Liquid/granular контакт: течение, плотностный обмен/вытеснение и сохранение переносимых полей; не растворение по умолчанию. Пороховой источник/окружение: тепло и давление при горении, реакция однократна; отклик зависит от геометрии камеры, не от произвольной реакции каждого соседа.",Базовые контакт/тепло/фазы сохраняются; доступный кислород не ограничивает горение.,"Базовые контакт/тепло/фазы сохраняются; обычное горение учитывает доступный окислитель, self-oxidizing исключён.","T01: изолированная пара разных T; Q обоих участников и сумма энергии с учётом внешних источников. M02: закрытый сосуд/куча/склон; выравнивание и оседание, нет ухода массы через преграду. P01: открытая вспышка, герметичная и вентилируемая камера; однократные P/E/C, выброс, повтор/reload.",Промокание проверено в выбранном объёме; полная приёмка пары не выполнена,../gunpowder/PASSPORT.md; ../gunpowder/PASSPORT.md; SOURCES.md; ../../MOISTURE_WICKING_RESULTS.md; MOISTURE_WICKING_CONTRACT.md,6
core:gunpowder__core:fire,core:gunpowder,core:fire,H+L+G+I+O+P,"Контактный поджиг и combustion реализованы; скорость/остаток индивидуальны. Запас/вытеснение окислителя реализованы; self-oxidizing gunpowder не расходует фоновый запас. Пороховой pulse реализован; разрушение стен/полная химия не реализованы. Газ занимает отдельные клетки; перенос и тепло через общие решатели, не растворённая смесь. WC02/G08: при ненулевой влаге реакция подавлена в обоих режимах; после оплаченной сушки обычная горючесть возвращается. Заливка: мокрое топливо T≤100°C с сохранением избыточного Q, сушка в соседний steam; плотный слой не пробивается прямым liquid/granular обменом.","Контактный теплообмен: одинаковый учёт Q на обеих сторонах; если k=0 или контакт закрыт, обмена нет. Liquid/granular контакт: течение, плотностный обмен/вытеснение и сохранение переносимых полей; не растворение по умолчанию. Газовый контакт/поток: перенос массы и тепла, границы и столкновения; единой многокомпонентной клетки пока нет. Горячий FIRE зажигает доступное топливо; холодное/погасшее пламя не поджигает. Доступ воздуха: в Симуляции топливо зависит от запаса/ёмкости; в Песочнице кислородный бюджет не ограничивает реакцию. Порох self-oxidizing — исключение. Пороховой источник/окружение: тепло и давление при горении, реакция однократна; отклик зависит от геометрии камеры, не от произвольной реакции каждого соседа.",Базовые контакт/тепло/фазы сохраняются; доступный кислород не ограничивает горение.,"Базовые контакт/тепло/фазы сохраняются; обычное горение учитывает доступный окислитель, self-oxidizing исключён.","T01: изолированная пара разных T; Q обоих участников и сумма энергии с учётом внешних источников. M02: закрытый сосуд/куча/склон; выравнивание и оседание, нет ухода массы через преграду. G01: облако и канал с холодным/горячим участком; поток/масса/температура и нулевые пересечения стен. C01: поджиг только одного края, убрать кисть; фронт, расход, остаток, холодный контроль. C02: открытый/закрытый и истощённый мир; сравнение двух режимов, ledger окислителя. P01: открытая вспышка, герметичная и вентилируемая камера; однократные P/E/C, выброс, повтор/reload. WC02/G08: изолированный баланс/поджиг/сушка/пауза/reload, режимы×Air×30/60/100FPS.",WC02/G08 выбранная связь PASS; вся пара не принята,../gunpowder/PASSPORT.md; ../fire/PASSPORT.md; SOURCES.md; ../../FUEL_MOISTURE_RESULTS.md; ../../MOISTURE_POUR_RESULTS.md,3
core:gunpowder__core:smoke,core:gunpowder,core:smoke,H+L+G+O+P,"Запас/вытеснение окислителя реализованы; self-oxidizing gunpowder не расходует фоновый запас. Пороховой pulse реализован; разрушение стен/полная химия не реализованы. Газ занимает отдельные клетки; перенос и тепло через общие решатели, не растворённая смесь.","Контактный теплообмен: одинаковый учёт Q на обеих сторонах; если k=0 или контакт закрыт, обмена нет. Liquid/granular контакт: течение, плотностный обмен/вытеснение и сохранение переносимых полей; не растворение по умолчанию. Газовый контакт/поток: перенос массы и тепла, границы и столкновения; единой многокомпонентной клетки пока нет. Доступ воздуха: в Симуляции топливо зависит от запаса/ёмкости; в Песочнице кислородный бюджет не ограничивает реакцию. Порох self-oxidizing — исключение. Пороховой источник/окружение: тепло и давление при горении, реакция однократна; отклик зависит от геометрии камеры, не от произвольной реакции каждого соседа.",Базовые контакт/тепло/фазы сохраняются; доступный кислород не ограничивает горение.,"Базовые контакт/тепло/фазы сохраняются; обычное горение учитывает доступный окислитель, self-oxidizing исключён.","T01: изолированная пара разных T; Q обоих участников и сумма энергии с учётом внешних источников. M02: закрытый сосуд/куча/склон; выравнивание и оседание, нет ухода массы через преграду. G01: облако и канал с холодным/горячим участком; поток/масса/температура и нулевые пересечения стен. C02: открытый/закрытый и истощённый мир; сравнение двух режимов, ledger окислителя. P01: открытая вспышка, герметичная и вентилируемая камера; однократные P/E/C, выброс, повтор/reload.",Контракт записан; полная приёмка пары не выполнена,../gunpowder/PASSPORT.md; ../smoke/PASSPORT.md; SOURCES.md,3
core:gunpowder__core:co2,core:gunpowder,core:co2,H+L+G+O+P,"Запас/вытеснение окислителя реализованы; self-oxidizing gunpowder не расходует фоновый запас. Пороховой pulse реализован; разрушение стен/полная химия не реализованы. Газ занимает отдельные клетки; перенос и тепло через общие решатели, не растворённая смесь.","Контактный теплообмен: одинаковый учёт Q на обеих сторонах; если k=0 или контакт закрыт, обмена нет. Liquid/granular контакт: течение, плотностный обмен/вытеснение и сохранение переносимых полей; не растворение по умолчанию. Газовый контакт/поток: перенос массы и тепла, границы и столкновения; единой многокомпонентной клетки пока нет. Доступ воздуха: в Симуляции топливо зависит от запаса/ёмкости; в Песочнице кислородный бюджет не ограничивает реакцию. Порох self-oxidizing — исключение. Пороховой источник/окружение: тепло и давление при горении, реакция однократна; отклик зависит от геометрии камеры, не от произвольной реакции каждого соседа.",Базовые контакт/тепло/фазы сохраняются; доступный кислород не ограничивает горение.,"Базовые контакт/тепло/фазы сохраняются; обычное горение учитывает доступный окислитель, self-oxidizing исключён.","T01: изолированная пара разных T; Q обоих участников и сумма энергии с учётом внешних источников. M02: закрытый сосуд/куча/склон; выравнивание и оседание, нет ухода массы через преграду. G01: облако и канал с холодным/горячим участком; поток/масса/температура и нулевые пересечения стен. C02: открытый/закрытый и истощённый мир; сравнение двух режимов, ledger окислителя. P01: открытая вспышка, герметичная и вентилируемая камера; однократные P/E/C, выброс, повтор/reload.",Контракт записан; полная приёмка пары не выполнена,../gunpowder/PASSPORT.md; ../co2/PASSPORT.md; SOURCES.md,3
core:gunpowder__core:heater,core:gunpowder,core:heater,H+S+Q+P,"Регулятор реализован; ограниченный внешний Q, конфигурация в Pressure/Lifetime. Пороховой pulse реализован; разрушение стен/полная химия не реализованы.","Контактный теплообмен: одинаковый учёт Q на обеих сторонах; если k=0 или контакт закрыт, обмена нет. Контакт с solid: непроницаемость, опора/система тел согласно flags; тепло не требует прохождения вещества через стенку. Нагреватель/охладитель: ограниченное внешнее Q, соблюдение знака/target/power, не мгновенная установка температуры. Пороховой источник/окружение: тепло и давление при горении, реакция однократна; отклик зависит от геометрии камеры, не от произвольной реакции каждого соседа.",Базовые контакт/тепло/фазы сохраняются; доступный кислород не ограничивает горение.,"Базовые контакт/тепло/фазы сохраняются; обычное горение учитывает доступный окислитель, self-oxidizing исключён.","T01: изолированная пара разных T; Q обоих участников и сумма энергии с учётом внешних источников. M01: непроницаемая стенка1/2/4 клеток и опора; смещения относительно air-сетки, сохранение геометрии/массы. T03: target/power/on/off и настройка на паузе; внешний Q, отсутствие скачка T при настройке. P01: открытая вспышка, герметичная и вентилируемая камера; однократные P/E/C, выброс, повтор/reload.",Контракт записан; полная приёмка пары не выполнена,../gunpowder/PASSPORT.md; ../heater/PASSPORT.md; SOURCES.md,1
core:gunpowder__core:cooler,core:gunpowder,core:cooler,H+S+Q+P,"Регулятор реализован; ограниченный внешний Q, конфигурация в Pressure/Lifetime. Пороховой pulse реализован; разрушение стен/полная химия не реализованы.","Контактный теплообмен: одинаковый учёт Q на обеих сторонах; если k=0 или контакт закрыт, обмена нет. Контакт с solid: непроницаемость, опора/система тел согласно flags; тепло не требует прохождения вещества через стенку. Нагреватель/охладитель: ограниченное внешнее Q, соблюдение знака/target/power, не мгновенная установка температуры. Пороховой источник/окружение: тепло и давление при горении, реакция однократна; отклик зависит от геометрии камеры, не от произвольной реакции каждого соседа.",Базовые контакт/тепло/фазы сохраняются; доступный кислород не ограничивает горение.,"Базовые контакт/тепло/фазы сохраняются; обычное горение учитывает доступный окислитель, self-oxidizing исключён.","T01: изолированная пара разных T; Q обоих участников и сумма энергии с учётом внешних источников. M01: непроницаемая стенка1/2/4 клеток и опора; смещения относительно air-сетки, сохранение геометрии/массы. T03: target/power/on/off и настройка на паузе; внешний Q, отсутствие скачка T при настройке. P01: открытая вспышка, герметичная и вентилируемая камера; однократные P/E/C, выброс, повтор/reload.",Контракт записан; полная приёмка пары не выполнена,../gunpowder/PASSPORT.md; ../cooler/PASSPORT.md; SOURCES.md,1
core:gunpowder__core:empty,core:gunpowder,core:empty,B,Grid empty и воздух/тепло/O₂ хранятся отдельно; удаление газа не даёт свежий воздух.,Пустое место и отдельный фоновый воздух: допустимое размещение/граничный обмен; empty не вакуум и не источник свежего O₂.,Базовые контакт/тепло/фазы сохраняются; доступный кислород не ограничивает горение.,"Базовые контакт/тепло/фазы сохраняются; обычное горение учитывает доступный окислитель, self-oxidizing исключён.",E01: истощённая пустая камера и удаление/размещение вещества; нет самопополнения запасов.,Контракт записан; полная приёмка пары не выполнена,../gunpowder/PASSPORT.md; ../empty/PASSPORT.md; SOURCES.md,7
core:gunpowder__core:eraser,core:gunpowder,core:eraser,R,Brush стирает GridCell; очистку/сохранность отдельных pending-полей проверить отдельно.,Ластик: внешнее удаление материальной клетки и обновление геометрии/эффектов; не химическая реакция.,Базовые контакт/тепло/фазы сохраняются; доступный кислород не ограничивает горение.,"Базовые контакт/тепло/фазы сохраняются; обычное горение учитывает доступный окислитель, self-oxidizing исключён.","E02: стирание на паузе/при реакции, затем reload; материя/топология/эффекты и pending-поля.",Контракт записан; полная приёмка пары не выполнена,../gunpowder/PASSPORT.md; ../eraser/PASSPORT.md; SOURCES.md,7
core:fire__core:fire,core:fire,core:fire,H+G+OC,"Газ занимает отдельные клетки; перенос и тепло через общие решатели, не растворённая смесь. CW: общий wall-visible carrier, касательный обход, ограниченная поперечная дисперсия; не отдельная химия этой пары. FW: дополнительная CW-дисперсия у твёрдой поперечной границы; собственные свойства/реакции прежние. OC: устойчивый ограниченный перенос фонового O₂; горячий FIRE не гаснет от шахматной пустоты; скорость газа/жизнь/свечение прежние.","Контактный теплообмен: одинаковый учёт Q на обеих сторонах; если k=0 или контакт закрыт, обмена нет. Газовый контакт/поток: перенос массы и тепла, границы и столкновения; единой многокомпонентной клетки пока нет.",Базовые контакт/тепло/фазы сохраняются; доступный кислород не ограничивает горение.,"Базовые контакт/тепло/фазы сохраняются; обычное горение учитывает доступный окислитель, self-oxidizing исключён.","T01: изолированная пара разных T; Q обоих участников и сумма энергии с учётом внешних источников. G01: облако и канал с холодным/горячим участком; поток/масса/температура и нулевые пересечения стен. OC01–OC04: открытый факел/широкая пластина, конечный кислород и ближайшие регрессии; выбранная область.","Контракт записан; полная приёмка пары не выполнена; CW выбранный общий перенос/балансы PASS2026-10-04, не полная приёмка пары; старый FireObstacle Simulation FAIL отдельно; FW общий перенос/ширина/балансы PASS2026-10-04, не полная приёмка пары; OC выбранные проверки PASS2026-10-05, полная пара не принята",../fire/PASSPORT.md; ../fire/PASSPORT.md; SOURCES.md; CHIMNEY_WIDTH_CONTRACT.md; ../../CHIMNEY_WIDTH_RESULTS.md; FREE_FLAME_CONTRACT.md; ../../FREE_FLAME_RESULTS.md; OPEN_COMBUSTION_CONTRACT.md; ../../OPEN_COMBUSTION_RESULTS.md,4
core:fire__core:smoke,core:fire,core:smoke,H+G+OC+OS,"Газ занимает отдельные клетки; перенос и тепло через общие решатели, не растворённая смесь. CW: общий wall-visible carrier, касательный обход, ограниченная поперечная дисперсия; не отдельная химия этой пары. FW: дополнительная CW-дисперсия у твёрдой поперечной границы; собственные свойства/реакции прежние. OC: устойчивый ограниченный перенос фонового O₂; горячий FIRE не гаснет от шахматной пустоты; скорость газа/жизнь/свечение прежние. OS: общий согласованный обход слоя под пластиной, без новой химии SMKE→FIRE. Выбранная сцена6с FIRE+6с без источника PASS.","Контактный теплообмен: одинаковый учёт Q на обеих сторонах; если k=0 или контакт закрыт, обмена нет. Газовый контакт/поток: перенос массы и тепла, границы и столкновения; единой многокомпонентной клетки пока нет.",Базовые контакт/тепло/фазы сохраняются; доступный кислород не ограничивает горение.,"Базовые контакт/тепло/фазы сохраняются; обычное горение учитывает доступный окислитель, self-oxidizing исключён.","T01: изолированная пара разных T; Q обоих участников и сумма энергии с учётом внешних источников. G01: облако и канал с холодным/горячим участком; поток/масса/температура и нулевые пересечения стен. OC01–OC04: открытый факел/широкая пластина, конечный кислород и ближайшие регрессии; выбранная область.","Контракт записан; полная приёмка пары не выполнена; CW выбранный общий перенос/балансы PASS2026-10-04, не полная приёмка пары; старый FireObstacle Simulation FAIL отдельно; FW общий перенос/ширина/балансы PASS2026-10-04, не полная приёмка пары; OC выбранные проверки PASS2026-10-05, полная пара не принята; OS выбранный объём PASS2026-10-05, полная пара не принята",../fire/PASSPORT.md; ../smoke/PASSPORT.md; SOURCES.md; CHIMNEY_WIDTH_CONTRACT.md; ../../CHIMNEY_WIDTH_RESULTS.md; FREE_FLAME_CONTRACT.md; ../../FREE_FLAME_RESULTS.md; OPEN_COMBUSTION_CONTRACT.md; ../../OPEN_COMBUSTION_RESULTS.md; ../oil/OIL_SMOKE_FLOW_CONTRACT.md; ../oil/OIL_SMOKE_FLOW_RESULTS.md,4
core:fire__core:co2,core:fire,core:co2,H+G,"Газ занимает отдельные клетки; перенос и тепло через общие решатели, не растворённая смесь. CW: общий wall-visible carrier, касательный обход, ограниченная поперечная дисперсия; не отдельная химия этой пары. FW: дополнительная CW-дисперсия у твёрдой поперечной границы; собственные свойства/реакции прежние.","Контактный теплообмен: одинаковый учёт Q на обеих сторонах; если k=0 или контакт закрыт, обмена нет. Газовый контакт/поток: перенос массы и тепла, границы и столкновения; единой многокомпонентной клетки пока нет.",Базовые контакт/тепло/фазы сохраняются; доступный кислород не ограничивает горение.,"Базовые контакт/тепло/фазы сохраняются; обычное горение учитывает доступный окислитель, self-oxidizing исключён.","T01: изолированная пара разных T; Q обоих участников и сумма энергии с учётом внешних источников. G01: облако и канал с холодным/горячим участком; поток/масса/температура и нулевые пересечения стен. FD: общий перенос воздуха, крыша/закрытый контроль, сохранённая печь и пороховый всплеск; это не новая химия пары.","Контракт записан; полная приёмка пары не выполнена; CW выбранный общий перенос/балансы PASS2026-10-04, не полная приёмка пары; старый FireObstacle Simulation FAIL отдельно; FW общий перенос/ширина/балансы PASS2026-10-04, не полная приёмка пары; FD выбранные общие механизмы PASS2026-10-06, наружное плавление отдельно не подтверждено; EL выбранные производственные эмиссии/тяга PASS2026-10-06, не полная приёмка пары",../fire/PASSPORT.md; ../co2/PASSPORT.md; SOURCES.md; CHIMNEY_WIDTH_CONTRACT.md; ../../CHIMNEY_WIDTH_RESULTS.md; FREE_FLAME_CONTRACT.md; ../../FREE_FLAME_RESULTS.md; FURNACE_DRAFT_CONTRACT.md; ../../FURNACE_DRAFT_RESULTS.md; EMISSION_LIFETIME_CONTRACT.md; ../../FURNACE_EMISSION_RESULTS.md,4
core:fire__core:heater,core:fire,core:heater,H+S+G+Q,"Регулятор реализован; ограниченный внешний Q, конфигурация в Pressure/Lifetime. Газ занимает отдельные клетки; перенос и тепло через общие решатели, не растворённая смесь.","Контактный теплообмен: одинаковый учёт Q на обеих сторонах; если k=0 или контакт закрыт, обмена нет. Контакт с solid: непроницаемость, опора/система тел согласно flags; тепло не требует прохождения вещества через стенку. Газовый контакт/поток: перенос массы и тепла, границы и столкновения; единой многокомпонентной клетки пока нет. Нагреватель/охладитель: ограниченное внешнее Q, соблюдение знака/target/power, не мгновенная установка температуры.",Базовые контакт/тепло/фазы сохраняются; доступный кислород не ограничивает горение.,"Базовые контакт/тепло/фазы сохраняются; обычное горение учитывает доступный окислитель, self-oxidizing исключён.","T01: изолированная пара разных T; Q обоих участников и сумма энергии с учётом внешних источников. M01: непроницаемая стенка1/2/4 клеток и опора; смещения относительно air-сетки, сохранение геометрии/массы. G01: облако и канал с холодным/горячим участком; поток/масса/температура и нулевые пересечения стен. T03: target/power/on/off и настройка на паузе; внешний Q, отсутствие скачка T при настройке.",Контракт записан; полная приёмка пары не выполнена,../fire/PASSPORT.md; ../heater/PASSPORT.md; SOURCES.md,1
core:fire__core:cooler,core:fire,core:cooler,H+S+G+Q,"Регулятор реализован; ограниченный внешний Q, конфигурация в Pressure/Lifetime. Газ занимает отдельные клетки; перенос и тепло через общие решатели, не растворённая смесь.","Контактный теплообмен: одинаковый учёт Q на обеих сторонах; если k=0 или контакт закрыт, обмена нет. Контакт с solid: непроницаемость, опора/система тел согласно flags; тепло не требует прохождения вещества через стенку. Газовый контакт/поток: перенос массы и тепла, границы и столкновения; единой многокомпонентной клетки пока нет. Нагреватель/охладитель: ограниченное внешнее Q, соблюдение знака/target/power, не мгновенная установка температуры.",Базовые контакт/тепло/фазы сохраняются; доступный кислород не ограничивает горение.,"Базовые контакт/тепло/фазы сохраняются; обычное горение учитывает доступный окислитель, self-oxidizing исключён.","T01: изолированная пара разных T; Q обоих участников и сумма энергии с учётом внешних источников. M01: непроницаемая стенка1/2/4 клеток и опора; смещения относительно air-сетки, сохранение геометрии/массы. G01: облако и канал с холодным/горячим участком; поток/масса/температура и нулевые пересечения стен. T03: target/power/on/off и настройка на паузе; внешний Q, отсутствие скачка T при настройке.",Контракт записан; полная приёмка пары не выполнена,../fire/PASSPORT.md; ../cooler/PASSPORT.md; SOURCES.md,1
core:fire__core:empty,core:fire,core:empty,B,Grid empty и воздух/тепло/O₂ хранятся отдельно; удаление газа не даёт свежий воздух.,Пустое место и отдельный фоновый воздух: допустимое размещение/граничный обмен; empty не вакуум и не источник свежего O₂.,Базовые контакт/тепло/фазы сохраняются; доступный кислород не ограничивает горение.,"Базовые контакт/тепло/фазы сохраняются; обычное горение учитывает доступный окислитель, self-oxidizing исключён.",E01: истощённая пустая камера и удаление/размещение вещества; нет самопополнения запасов.,Контракт записан; полная приёмка пары не выполнена,../fire/PASSPORT.md; ../empty/PASSPORT.md; SOURCES.md,7
core:fire__core:eraser,core:fire,core:eraser,R,Brush стирает GridCell; очистку/сохранность отдельных pending-полей проверить отдельно.,Ластик: внешнее удаление материальной клетки и обновление геометрии/эффектов; не химическая реакция.,Базовые контакт/тепло/фазы сохраняются; доступный кислород не ограничивает горение.,"Базовые контакт/тепло/фазы сохраняются; обычное горение учитывает доступный окислитель, self-oxidizing исключён.","E02: стирание на паузе/при реакции, затем reload; материя/топология/эффекты и pending-поля.",Контракт записан; полная приёмка пары не выполнена,../fire/PASSPORT.md; ../eraser/PASSPORT.md; SOURCES.md,7
core:smoke__core:smoke,core:smoke,core:smoke,H+G,"Газ занимает отдельные клетки; перенос и тепло через общие решатели, не растворённая смесь. CW: общий wall-visible carrier, касательный обход, ограниченная поперечная дисперсия; не отдельная химия этой пары. FW: дополнительная CW-дисперсия у твёрдой поперечной границы; собственные свойства/реакции прежние.","Контактный теплообмен: одинаковый учёт Q на обеих сторонах; если k=0 или контакт закрыт, обмена нет. Газовый контакт/поток: перенос массы и тепла, границы и столкновения; единой многокомпонентной клетки пока нет.",Базовые контакт/тепло/фазы сохраняются; доступный кислород не ограничивает горение.,"Базовые контакт/тепло/фазы сохраняются; обычное горение учитывает доступный окислитель, self-oxidizing исключён.",T01: изолированная пара разных T; Q обоих участников и сумма энергии с учётом внешних источников. G01: облако и канал с холодным/горячим участком; поток/масса/температура и нулевые пересечения стен.,"Контракт записан; полная приёмка пары не выполнена; CW выбранный общий перенос/балансы PASS2026-10-04, не полная приёмка пары; старый FireObstacle Simulation FAIL отдельно; FW общий перенос/ширина/балансы PASS2026-10-04, не полная приёмка пары",../smoke/PASSPORT.md; ../smoke/PASSPORT.md; SOURCES.md; CHIMNEY_WIDTH_CONTRACT.md; ../../CHIMNEY_WIDTH_RESULTS.md; FREE_FLAME_CONTRACT.md; ../../FREE_FLAME_RESULTS.md,4
core:smoke__core:co2,core:smoke,core:co2,H+G,"Газ занимает отдельные клетки; перенос и тепло через общие решатели, не растворённая смесь. CW: общий wall-visible carrier, касательный обход, ограниченная поперечная дисперсия; не отдельная химия этой пары. FW: дополнительная CW-дисперсия у твёрдой поперечной границы; собственные свойства/реакции прежние.","Контактный теплообмен: одинаковый учёт Q на обеих сторонах; если k=0 или контакт закрыт, обмена нет. Газовый контакт/поток: перенос массы и тепла, границы и столкновения; единой многокомпонентной клетки пока нет.",Базовые контакт/тепло/фазы сохраняются; доступный кислород не ограничивает горение.,"Базовые контакт/тепло/фазы сохраняются; обычное горение учитывает доступный окислитель, self-oxidizing исключён.",T01: изолированная пара разных T; Q обоих участников и сумма энергии с учётом внешних источников. G01: облако и канал с холодным/горячим участком; поток/масса/температура и нулевые пересечения стен.,"Контракт записан; полная приёмка пары не выполнена; CW выбранный общий перенос/балансы PASS2026-10-04, не полная приёмка пары; старый FireObstacle Simulation FAIL отдельно; FW общий перенос/ширина/балансы PASS2026-10-04, не полная приёмка пары",../smoke/PASSPORT.md; ../co2/PASSPORT.md; SOURCES.md; CHIMNEY_WIDTH_CONTRACT.md; ../../CHIMNEY_WIDTH_RESULTS.md; FREE_FLAME_CONTRACT.md; ../../FREE_FLAME_RESULTS.md,4
core:smoke__core:heater,core:smoke,core:heater,H+S+G+Q,"Регулятор реализован; ограниченный внешний Q, конфигурация в Pressure/Lifetime. Газ занимает отдельные клетки; перенос и тепло через общие решатели, не растворённая смесь.","Контактный теплообмен: одинаковый учёт Q на обеих сторонах; если k=0 или контакт закрыт, обмена нет. Контакт с solid: непроницаемость, опора/система тел согласно flags; тепло не требует прохождения вещества через стенку. Газовый контакт/поток: перенос массы и тепла, границы и столкновения; единой многокомпонентной клетки пока нет. Нагреватель/охладитель: ограниченное внешнее Q, соблюдение знака/target/power, не мгновенная установка температуры.",Базовые контакт/тепло/фазы сохраняются; доступный кислород не ограничивает горение.,"Базовые контакт/тепло/фазы сохраняются; обычное горение учитывает доступный окислитель, self-oxidizing исключён.","T01: изолированная пара разных T; Q обоих участников и сумма энергии с учётом внешних источников. M01: непроницаемая стенка1/2/4 клеток и опора; смещения относительно air-сетки, сохранение геометрии/массы. G01: облако и канал с холодным/горячим участком; поток/масса/температура и нулевые пересечения стен. T03: target/power/on/off и настройка на паузе; внешний Q, отсутствие скачка T при настройке.",Контракт записан; полная приёмка пары не выполнена,../smoke/PASSPORT.md; ../heater/PASSPORT.md; SOURCES.md,1
core:smoke__core:cooler,core:smoke,core:cooler,H+S+G+Q,"Регулятор реализован; ограниченный внешний Q, конфигурация в Pressure/Lifetime. Газ занимает отдельные клетки; перенос и тепло через общие решатели, не растворённая смесь.","Контактный теплообмен: одинаковый учёт Q на обеих сторонах; если k=0 или контакт закрыт, обмена нет. Контакт с solid: непроницаемость, опора/система тел согласно flags; тепло не требует прохождения вещества через стенку. Газовый контакт/поток: перенос массы и тепла, границы и столкновения; единой многокомпонентной клетки пока нет. Нагреватель/охладитель: ограниченное внешнее Q, соблюдение знака/target/power, не мгновенная установка температуры.",Базовые контакт/тепло/фазы сохраняются; доступный кислород не ограничивает горение.,"Базовые контакт/тепло/фазы сохраняются; обычное горение учитывает доступный окислитель, self-oxidizing исключён.","T01: изолированная пара разных T; Q обоих участников и сумма энергии с учётом внешних источников. M01: непроницаемая стенка1/2/4 клеток и опора; смещения относительно air-сетки, сохранение геометрии/массы. G01: облако и канал с холодным/горячим участком; поток/масса/температура и нулевые пересечения стен. T03: target/power/on/off и настройка на паузе; внешний Q, отсутствие скачка T при настройке.",Контракт записан; полная приёмка пары не выполнена,../smoke/PASSPORT.md; ../cooler/PASSPORT.md; SOURCES.md,1
core:smoke__core:empty,core:smoke,core:empty,B,Grid empty и воздух/тепло/O₂ хранятся отдельно; удаление газа не даёт свежий воздух.,Пустое место и отдельный фоновый воздух: допустимое размещение/граничный обмен; empty не вакуум и не источник свежего O₂.,Базовые контакт/тепло/фазы сохраняются; доступный кислород не ограничивает горение.,"Базовые контакт/тепло/фазы сохраняются; обычное горение учитывает доступный окислитель, self-oxidizing исключён.",E01: истощённая пустая камера и удаление/размещение вещества; нет самопополнения запасов.,Контракт записан; полная приёмка пары не выполнена,../smoke/PASSPORT.md; ../empty/PASSPORT.md; SOURCES.md,7
core:smoke__core:eraser,core:smoke,core:eraser,R,Brush стирает GridCell; очистку/сохранность отдельных pending-полей проверить отдельно.,Ластик: внешнее удаление материальной клетки и обновление геометрии/эффектов; не химическая реакция.,Базовые контакт/тепло/фазы сохраняются; доступный кислород не ограничивает горение.,"Базовые контакт/тепло/фазы сохраняются; обычное горение учитывает доступный окислитель, self-oxidizing исключён.","E02: стирание на паузе/при реакции, затем reload; материя/топология/эффекты и pending-поля.",Контракт записан; полная приёмка пары не выполнена,../smoke/PASSPORT.md; ../eraser/PASSPORT.md; SOURCES.md,7
core:co2__core:co2,core:co2,core:co2,H+G,"Газ занимает отдельные клетки; перенос и тепло через общие решатели, не растворённая смесь. CW: общий wall-visible carrier, касательный обход, ограниченная поперечная дисперсия; не отдельная химия этой пары. FW: дополнительная CW-дисперсия у твёрдой поперечной границы; собственные свойства/реакции прежние.","Контактный теплообмен: одинаковый учёт Q на обеих сторонах; если k=0 или контакт закрыт, обмена нет. Газовый контакт/поток: перенос массы и тепла, границы и столкновения; единой многокомпонентной клетки пока нет.",Базовые контакт/тепло/фазы сохраняются; доступный кислород не ограничивает горение.,"Базовые контакт/тепло/фазы сохраняются; обычное горение учитывает доступный окислитель, self-oxidizing исключён.",T01: изолированная пара разных T; Q обоих участников и сумма энергии с учётом внешних источников. G01: облако и канал с холодным/горячим участком; поток/масса/температура и нулевые пересечения стен.,"Контракт записан; полная приёмка пары не выполнена; CW выбранный общий перенос/балансы PASS2026-10-04, не полная приёмка пары; старый FireObstacle Simulation FAIL отдельно; FW общий перенос/ширина/балансы PASS2026-10-04, не полная приёмка пары",../co2/PASSPORT.md; ../co2/PASSPORT.md; SOURCES.md; CHIMNEY_WIDTH_CONTRACT.md; ../../CHIMNEY_WIDTH_RESULTS.md; FREE_FLAME_CONTRACT.md; ../../FREE_FLAME_RESULTS.md,4
core:co2__core:heater,core:co2,core:heater,H+S+G+Q,"Регулятор реализован; ограниченный внешний Q, конфигурация в Pressure/Lifetime. Газ занимает отдельные клетки; перенос и тепло через общие решатели, не растворённая смесь.","Контактный теплообмен: одинаковый учёт Q на обеих сторонах; если k=0 или контакт закрыт, обмена нет. Контакт с solid: непроницаемость, опора/система тел согласно flags; тепло не требует прохождения вещества через стенку. Газовый контакт/поток: перенос массы и тепла, границы и столкновения; единой многокомпонентной клетки пока нет. Нагреватель/охладитель: ограниченное внешнее Q, соблюдение знака/target/power, не мгновенная установка температуры.",Базовые контакт/тепло/фазы сохраняются; доступный кислород не ограничивает горение.,"Базовые контакт/тепло/фазы сохраняются; обычное горение учитывает доступный окислитель, self-oxidizing исключён.","T01: изолированная пара разных T; Q обоих участников и сумма энергии с учётом внешних источников. M01: непроницаемая стенка1/2/4 клеток и опора; смещения относительно air-сетки, сохранение геометрии/массы. G01: облако и канал с холодным/горячим участком; поток/масса/температура и нулевые пересечения стен. T03: target/power/on/off и настройка на паузе; внешний Q, отсутствие скачка T при настройке.",Контракт записан; полная приёмка пары не выполнена,../co2/PASSPORT.md; ../heater/PASSPORT.md; SOURCES.md,1
core:co2__core:cooler,core:co2,core:cooler,H+S+G+Q,"Регулятор реализован; ограниченный внешний Q, конфигурация в Pressure/Lifetime. Газ занимает отдельные клетки; перенос и тепло через общие решатели, не растворённая смесь.","Контактный теплообмен: одинаковый учёт Q на обеих сторонах; если k=0 или контакт закрыт, обмена нет. Контакт с solid: непроницаемость, опора/система тел согласно flags; тепло не требует прохождения вещества через стенку. Газовый контакт/поток: перенос массы и тепла, границы и столкновения; единой многокомпонентной клетки пока нет. Нагреватель/охладитель: ограниченное внешнее Q, соблюдение знака/target/power, не мгновенная установка температуры.",Базовые контакт/тепло/фазы сохраняются; доступный кислород не ограничивает горение.,"Базовые контакт/тепло/фазы сохраняются; обычное горение учитывает доступный окислитель, self-oxidizing исключён.","T01: изолированная пара разных T; Q обоих участников и сумма энергии с учётом внешних источников. M01: непроницаемая стенка1/2/4 клеток и опора; смещения относительно air-сетки, сохранение геометрии/массы. G01: облако и канал с холодным/горячим участком; поток/масса/температура и нулевые пересечения стен. T03: target/power/on/off и настройка на паузе; внешний Q, отсутствие скачка T при настройке.",Контракт записан; полная приёмка пары не выполнена,../co2/PASSPORT.md; ../cooler/PASSPORT.md; SOURCES.md,1
core:co2__core:empty,core:co2,core:empty,B,Grid empty и воздух/тепло/O₂ хранятся отдельно; удаление газа не даёт свежий воздух.,Пустое место и отдельный фоновый воздух: допустимое размещение/граничный обмен; empty не вакуум и не источник свежего O₂.,Базовые контакт/тепло/фазы сохраняются; доступный кислород не ограничивает горение.,"Базовые контакт/тепло/фазы сохраняются; обычное горение учитывает доступный окислитель, self-oxidizing исключён.",E01: истощённая пустая камера и удаление/размещение вещества; нет самопополнения запасов.,Контракт записан; полная приёмка пары не выполнена,../co2/PASSPORT.md; ../empty/PASSPORT.md; SOURCES.md,7
core:co2__core:eraser,core:co2,core:eraser,R,Brush стирает GridCell; очистку/сохранность отдельных pending-полей проверить отдельно.,Ластик: внешнее удаление материальной клетки и обновление геометрии/эффектов; не химическая реакция.,Базовые контакт/тепло/фазы сохраняются; доступный кислород не ограничивает горение.,"Базовые контакт/тепло/фазы сохраняются; обычное горение учитывает доступный окислитель, self-oxidizing исключён.","E02: стирание на паузе/при реакции, затем reload; материя/топология/эффекты и pending-поля.",Контракт записан; полная приёмка пары не выполнена,../co2/PASSPORT.md; ../eraser/PASSPORT.md; SOURCES.md,7
core:heater__core:heater,core:heater,core:heater,H+S+Q+BW,"Регулятор реализован; ограниченный внешний Q, конфигурация в Pressure/Lifetime. BW: ограниченный внутренний Q в однородном высокопроводящем твёрдом теле; поверхностный контакт и химия прежние.","Контактный теплообмен: одинаковый учёт Q на обеих сторонах; если k=0 или контакт закрыт, обмена нет. Контакт с solid: непроницаемость, опора/система тел согласно flags; тепло не требует прохождения вещества через стенку. Нагреватель/охладитель: ограниченное внешнее Q, соблюдение знака/target/power, не мгновенная установка температуры.",Базовые контакт/тепло/фазы сохраняются; доступный кислород не ограничивает горение.,"Базовые контакт/тепло/фазы сохраняются; обычное горение учитывает доступный окислитель, self-oxidizing исключён.","T01: изолированная пара разных T; Q обоих участников и сумма энергии с учётом внешних источников. M01: непроницаемая стенка1/2/4 клеток и опора; смещения относительно air-сетки, сохранение геометрии/массы. T03: target/power/on/off и настройка на паузе; внешний Q, отсутствие скачка T при настройке. BW01–BW05: внутреннее проведение, преграды, фазы, котёл/тяга, мощность устройства и save/load; выбранные общие сценарии.",Контракт записан; полная приёмка пары не выполнена BW: выбранные тепловые проверки PASS; полной приёмки пары нет.,../heater/PASSPORT.md; ../heater/PASSPORT.md; SOURCES.md; BOILER_HEAT_CONTRACT.md; ../../BOILER_HEAT_RESULTS.md,1
core:heater__core:cooler,core:heater,core:cooler,H+S+Q+BW,"Регулятор реализован; ограниченный внешний Q, конфигурация в Pressure/Lifetime. BW: ограниченный внутренний Q в однородном высокопроводящем твёрдом теле; поверхностный контакт и химия прежние.","Контактный теплообмен: одинаковый учёт Q на обеих сторонах; если k=0 или контакт закрыт, обмена нет. Контакт с solid: непроницаемость, опора/система тел согласно flags; тепло не требует прохождения вещества через стенку. Нагреватель/охладитель: ограниченное внешнее Q, соблюдение знака/target/power, не мгновенная установка температуры.",Базовые контакт/тепло/фазы сохраняются; доступный кислород не ограничивает горение.,"Базовые контакт/тепло/фазы сохраняются; обычное горение учитывает доступный окислитель, self-oxidizing исключён.","T01: изолированная пара разных T; Q обоих участников и сумма энергии с учётом внешних источников. M01: непроницаемая стенка1/2/4 клеток и опора; смещения относительно air-сетки, сохранение геометрии/массы. T03: target/power/on/off и настройка на паузе; внешний Q, отсутствие скачка T при настройке. BW01–BW05: внутреннее проведение, преграды, фазы, котёл/тяга, мощность устройства и save/load; выбранные общие сценарии.",Контракт записан; полная приёмка пары не выполнена BW: выбранные тепловые проверки PASS; полной приёмки пары нет.,../heater/PASSPORT.md; ../cooler/PASSPORT.md; SOURCES.md; BOILER_HEAT_CONTRACT.md; ../../BOILER_HEAT_RESULTS.md,1
core:heater__core:empty,core:heater,core:empty,B,Grid empty и воздух/тепло/O₂ хранятся отдельно; удаление газа не даёт свежий воздух.,Пустое место и отдельный фоновый воздух: допустимое размещение/граничный обмен; empty не вакуум и не источник свежего O₂.,Базовые контакт/тепло/фазы сохраняются; доступный кислород не ограничивает горение.,"Базовые контакт/тепло/фазы сохраняются; обычное горение учитывает доступный окислитель, self-oxidizing исключён.",E01: истощённая пустая камера и удаление/размещение вещества; нет самопополнения запасов.,Контракт записан; полная приёмка пары не выполнена,../heater/PASSPORT.md; ../empty/PASSPORT.md; SOURCES.md,7
core:heater__core:eraser,core:heater,core:eraser,R,Brush стирает GridCell; очистку/сохранность отдельных pending-полей проверить отдельно.,Ластик: внешнее удаление материальной клетки и обновление геометрии/эффектов; не химическая реакция.,Базовые контакт/тепло/фазы сохраняются; доступный кислород не ограничивает горение.,"Базовые контакт/тепло/фазы сохраняются; обычное горение учитывает доступный окислитель, self-oxidizing исключён.","E02: стирание на паузе/при реакции, затем reload; материя/топология/эффекты и pending-поля.",Контракт записан; полная приёмка пары не выполнена,../heater/PASSPORT.md; ../eraser/PASSPORT.md; SOURCES.md,7
core:cooler__core:cooler,core:cooler,core:cooler,H+S+Q+BW,"Регулятор реализован; ограниченный внешний Q, конфигурация в Pressure/Lifetime. BW: ограниченный внутренний Q в однородном высокопроводящем твёрдом теле; поверхностный контакт и химия прежние.","Контактный теплообмен: одинаковый учёт Q на обеих сторонах; если k=0 или контакт закрыт, обмена нет. Контакт с solid: непроницаемость, опора/система тел согласно flags; тепло не требует прохождения вещества через стенку. Нагреватель/охладитель: ограниченное внешнее Q, соблюдение знака/target/power, не мгновенная установка температуры.",Базовые контакт/тепло/фазы сохраняются; доступный кислород не ограничивает горение.,"Базовые контакт/тепло/фазы сохраняются; обычное горение учитывает доступный окислитель, self-oxidizing исключён.","T01: изолированная пара разных T; Q обоих участников и сумма энергии с учётом внешних источников. M01: непроницаемая стенка1/2/4 клеток и опора; смещения относительно air-сетки, сохранение геометрии/массы. T03: target/power/on/off и настройка на паузе; внешний Q, отсутствие скачка T при настройке. BW01–BW05: внутреннее проведение, преграды, фазы, котёл/тяга, мощность устройства и save/load; выбранные общие сценарии.",Контракт записан; полная приёмка пары не выполнена BW: выбранные тепловые проверки PASS; полной приёмки пары нет.,../cooler/PASSPORT.md; ../cooler/PASSPORT.md; SOURCES.md; BOILER_HEAT_CONTRACT.md; ../../BOILER_HEAT_RESULTS.md,1
core:cooler__core:empty,core:cooler,core:empty,B,Grid empty и воздух/тепло/O₂ хранятся отдельно; удаление газа не даёт свежий воздух.,Пустое место и отдельный фоновый воздух: допустимое размещение/граничный обмен; empty не вакуум и не источник свежего O₂.,Базовые контакт/тепло/фазы сохраняются; доступный кислород не ограничивает горение.,"Базовые контакт/тепло/фазы сохраняются; обычное горение учитывает доступный окислитель, self-oxidizing исключён.",E01: истощённая пустая камера и удаление/размещение вещества; нет самопополнения запасов.,Контракт записан; полная приёмка пары не выполнена,../cooler/PASSPORT.md; ../empty/PASSPORT.md; SOURCES.md,7
core:cooler__core:eraser,core:cooler,core:eraser,R,Brush стирает GridCell; очистку/сохранность отдельных pending-полей проверить отдельно.,Ластик: внешнее удаление материальной клетки и обновление геометрии/эффектов; не химическая реакция.,Базовые контакт/тепло/фазы сохраняются; доступный кислород не ограничивает горение.,"Базовые контакт/тепло/фазы сохраняются; обычное горение учитывает доступный окислитель, self-oxidizing исключён.","E02: стирание на паузе/при реакции, затем reload; материя/топология/эффекты и pending-поля.",Контракт записан; полная приёмка пары не выполнена,../cooler/PASSPORT.md; ../eraser/PASSPORT.md; SOURCES.md,7
core:empty__core:empty,core:empty,core:empty,B,Grid empty и воздух/тепло/O₂ хранятся отдельно; удаление газа не даёт свежий воздух.,Пустое место и отдельный фоновый воздух: допустимое размещение/граничный обмен; empty не вакуум и не источник свежего O₂.,Базовые контакт/тепло/фазы сохраняются; доступный кислород не ограничивает горение.,"Базовые контакт/тепло/фазы сохраняются; обычное горение учитывает доступный окислитель, self-oxidizing исключён.",E01: истощённая пустая камера и удаление/размещение вещества; нет самопополнения запасов.,Контракт записан; полная приёмка пары не выполнена,../empty/PASSPORT.md; ../empty/PASSPORT.md; SOURCES.md,7
core:empty__core:eraser,core:empty,core:eraser,N,"Инструмент/служебная запись, материальная реакция неприменима.",Служебное сочетание без физической реакции между двумя веществами.,Базовые контакт/тепло/фазы сохраняются; доступный кислород не ограничивает горение.,"Базовые контакт/тепло/фазы сохраняются; обычное горение учитывает доступный окислитель, self-oxidizing исключён.",E03: инструмент не создаётся как материальная клетка; служебные записи не реагируют.,Контракт записан; полная приёмка пары не выполнена,../empty/PASSPORT.md; ../eraser/PASSPORT.md; SOURCES.md,7
core:eraser__core:eraser,core:eraser,core:eraser,N,"Инструмент/служебная запись, материальная реакция неприменима.",Служебное сочетание без физической реакции между двумя веществами.,Базовые контакт/тепло/фазы сохраняются; доступный кислород не ограничивает горение.,"Базовые контакт/тепло/фазы сохраняются; обычное горение учитывает доступный окислитель, self-oxidizing исключён.",E03: инструмент не создаётся как материальная клетка; служебные записи не реагируют.,Контракт записан; полная приёмка пары не выполнена,../eraser/PASSPORT.md; ../eraser/PASSPORT.md; SOURCES.md,7
core:co2__core:oil,core:co2,core:oil,H+L+B+AB,"Общие liquid перенос/плотность/тепло; oil поверхностное топливо. Oil-пропитки, паров и эмульсии нет. OP: определена модель парафинового масла/гексадекана; свободные фазы и раздельные пороги поджига. AB2026-10-05: объёмное впитывание water/oil не включено; отдельный поровый запас не возникает.",Общие контакт/тепло/столкновение или роль устройства/инструмента; отдельная химия не назначена.,Поверхностное горение без лимита фонового O₂; закрытые жидкостью/стенами клетки не горят.,Поверхностное горение только с доступным окислителем; CO₂/пар не свежий воздух.,"O01–O08 по oil.md; объём конкретной пары проверяется выбранным сценарием. AB: water/oil и обе модели; stock/color/ledger для пористых, отсутствие запаса для остальных.","Частично: O04:0 расход при инертной газовой грани в Simulation PASS; полная приёмка пары не выполнена; AB впитываемость PASS2026-10-05, не полная приёмка пары",../oil/PASSPORT.md; ../oil/OIL_RESULTS.md; SOURCES.md; ../oil/OIL_PHASE_CONTRACT.md; ABSORPTION_CONTRACT.md; ../../ABSORPTION_RESULTS.md,новый элемент/oil
core:coal__core:oil,core:coal,core:oil,H+L+B+HF+AB,"Общие liquid перенос/плотность/тепло; oil поверхностное топливо. Масляная пропитка реализована в OA; паров и эмульсии нет. LF: плотностный подъём требует ту же жидкость снизу/с обеих сторон; падающая струя не поднимает зерно по отверстию в бак. OA: отдельное впитывание масла/энтальпии в FuelMass; общие поры с водой; плотность зависит от двух насыщенностей. OP: определена модель парафинового масла/гексадекана; свободные фазы и раздельные пороги поджига. ME: Цвет oil10%/100% различим в обоих режимах рендера;132 прежних oil checks PASS. HF04: сухая основа и FuelMass реагируют в одном тике по своим порогам; влажный guard общий; конечный резерв O₂ суммарный. Прежнее правило «масло прежде основы» заменено. AB2026-10-05: контактная пропитка сохраняет вид, массу/Q и общий предел пор; вода и иной вид передаются без взаимного голодания.",Плотностный контакт/packed-bed ограничения; oil не является moisture-liquid водой. OA: отдельный топливный запас/общие поры/плотность/дополнительное горение независимо от сухой основы.,Поверхностное горение без лимита фонового O₂; закрытые жидкостью/стенами клетки не горят.,Поверхностное горение только с доступным окислителем; CO₂/пар не свежий воздух.,"O01–O08 по oil.md; объём конкретной пары проверяется выбранным сценарием. LF01–LF03: подача через отверстие, оба режима30/60/100FPS, contact/гидравлика, горячий oil и сухой контроль. OA01–OA06: только применимые контакт/поры/горение/перенос/reload сценарии. AB: water/oil и обе модели; stock/color/ledger для пористых, отсутствие запаса для остальных.","Частично: O03:сухое/частично мокрое свободное зерно, до OA масло не впитывалось (исторический PASS); полная приёмка пары не выполнена; LF выбранные272 checks PASS, не полная приёмка пары; OA выбранные сценарии PASS2026-10-04, не полная приёмка пары; HF выбранные механизмы проверяются по новому отчёту, полная пара не принята; AB впитываемость PASS2026-10-05, не полная приёмка пары; EL выбранные производственные эмиссии/тяга PASS2026-10-06, не полная приёмка пары",../oil/PASSPORT.md; ../oil/OIL_RESULTS.md; SOURCES.md; LIQUID_FEED_CONTRACT.md; ../../LIQUID_FEED_RESULTS.md; OIL_ABSORPTION_CONTRACT.md; ../../OIL_ABSORPTION_RESULTS.md; ../oil/OIL_PHASE_CONTRACT.md; MATERIAL_ENVIRONMENT_CONTRACT.md; ../../MATERIAL_ENVIRONMENT_RESULTS.md; HANDOFF_FIXES_CONTRACT.md; ../../HANDOFF_FIXES_RESULTS.md; ABSORPTION_CONTRACT.md; ../../ABSORPTION_RESULTS.md; EMISSION_LIFETIME_CONTRACT.md; ../../FURNACE_EMISSION_RESULTS.md,новый элемент/oil
core:cooler__core:oil,core:cooler,core:oil,H+L+B+AB,"Общие liquid перенос/плотность/тепло; oil поверхностное топливо. Oil-пропитки, паров и эмульсии нет. OP: определена модель парафинового масла/гексадекана; свободные фазы и раздельные пороги поджига. AB2026-10-05: объёмное впитывание water/oil не включено; отдельный поровый запас не возникает.",Общие контакт/тепло/столкновение или роль устройства/инструмента; отдельная химия не назначена.,Поверхностное горение без лимита фонового O₂; закрытые жидкостью/стенами клетки не горят.,Поверхностное горение только с доступным окислителем; CO₂/пар не свежий воздух.,"O01–O08 по oil.md; объём конкретной пары проверяется выбранным сценарием. AB: water/oil и обе модели; stock/color/ledger для пористых, отсутствие запаса для остальных.","Базовая модель реализована; отдельный сценарий пары не проверен; AB впитываемость PASS2026-10-05, не полная приёмка пары",../oil/PASSPORT.md; ../oil/OIL_RESULTS.md; SOURCES.md; ../oil/OIL_PHASE_CONTRACT.md; ABSORPTION_CONTRACT.md; ../../ABSORPTION_RESULTS.md,новый элемент/oil
core:empty__core:oil,core:empty,core:oil,H+L+B+AB,"Общие liquid перенос/плотность/тепло; oil поверхностное топливо. Oil-пропитки, паров и эмульсии нет. OP: определена модель парафинового масла/гексадекана; свободные фазы и раздельные пороги поджига. AB2026-10-05: объёмное впитывание water/oil не включено; отдельный поровый запас не возникает.",Общие контакт/тепло/столкновение или роль устройства/инструмента; отдельная химия не назначена.,Поверхностное горение без лимита фонового O₂; закрытые жидкостью/стенами клетки не горят.,Поверхностное горение только с доступным окислителем; CO₂/пар не свежий воздух.,"O01–O08 по oil.md; объём конкретной пары проверяется выбранным сценарием. AB: water/oil и обе модели; stock/color/ledger для пористых, отсутствие запаса для остальных.","Частично: O04:газовая грань, кислородный запрос/истощение PASS; полная приёмка пары не выполнена; AB впитываемость PASS2026-10-05, не полная приёмка пары",../oil/PASSPORT.md; ../oil/OIL_RESULTS.md; SOURCES.md; ../oil/OIL_PHASE_CONTRACT.md; ABSORPTION_CONTRACT.md; ../../ABSORPTION_RESULTS.md,новый элемент/oil
core:eraser__core:oil,core:eraser,core:oil,H+L+B+AB,"Общие liquid перенос/плотность/тепло; oil поверхностное топливо. Oil-пропитки, паров и эмульсии нет. OP: определена модель парафинового масла/гексадекана; свободные фазы и раздельные пороги поджига. AB2026-10-05: объёмное впитывание water/oil не включено; отдельный поровый запас не возникает.",Общие контакт/тепло/столкновение или роль устройства/инструмента; отдельная химия не назначена.,Поверхностное горение без лимита фонового O₂; закрытые жидкостью/стенами клетки не горят.,Поверхностное горение только с доступным окислителем; CO₂/пар не свежий воздух.,"O01–O08 по oil.md; объём конкретной пары проверяется выбранным сценарием. AB: water/oil и обе модели; stock/color/ledger для пористых, отсутствие запаса для остальных.","Базовая модель реализована; отдельный сценарий пары не проверен; AB впитываемость PASS2026-10-05, не полная приёмка пары",../oil/PASSPORT.md; ../oil/OIL_RESULTS.md; SOURCES.md; ../oil/OIL_PHASE_CONTRACT.md; ABSORPTION_CONTRACT.md; ../../ABSORPTION_RESULTS.md,новый элемент/oil
core:fire__core:oil,core:fire,core:oil,H+L+B+AB,"Общие liquid перенос/плотность/тепло; oil поверхностное топливо. Oil-пропитки, паров и эмульсии нет. OP: определена модель парафинового масла/гексадекана; свободные фазы и раздельные пороги поджига. OP: контакт135/авто205 и расход; покрытие/охлаждение/O₂. AB2026-10-05: объёмное впитывание water/oil не включено; отдельный поровый запас не возникает.",Общие контакт/тепло/столкновение или роль устройства/инструмента; отдельная химия не назначена.,Поверхностное горение без лимита фонового O₂; закрытые жидкостью/стенами клетки не горят.,Поверхностное горение только с доступным окислителем; CO₂/пар не свежий воздух.,"O01–O08 по oil.md; объём конкретной пары проверяется выбранным сценарием. OP01–OP05: выбранные циклы/реакция/full frames/pause/writer14/reload. AB: water/oil и обе модели; stock/color/ledger для пористых, отсутствие запаса для остальных.","Частично: O05:краевой поджиг и поддерживаемое пламя PASS; полная приёмка пары не выполнена; OP выбранные проверки PASS, полная пара не принята; AB впитываемость PASS2026-10-05, не полная приёмка пары",../oil/PASSPORT.md; ../oil/OIL_RESULTS.md; SOURCES.md; ../oil/OIL_PHASE_CONTRACT.md; ../oil/OIL_PHASE_CONTRACT.md; ../oil/OIL_PHASE_RESULTS.md; ABSORPTION_CONTRACT.md; ../../ABSORPTION_RESULTS.md,новый элемент/oil
core:fixture__core:oil,core:fixture,core:oil,H+L+B+OS+LL+AB,"Общие liquid перенос/плотность/тепло; oil поверхностное топливо. OP: определена модель парафинового масла/гексадекана; свободные фазы и раздельные пороги поджига. OS: плоская чаша, масло40°C, локальное выравнивание за30с с массой/Q/целой опорой. Не полный тепловой контакт пары. LL: поддержанное округлое основание и спокойная связная граница двух жидкостей; локальный обмен полных пакетов по напору обоих слоёв, без стены/дальнего переноса. AB2026-10-05: объёмное впитывание water/oil не включено; отдельный поровый запас не возникает.",Общие контакт/тепло/столкновение или роль устройства/инструмента; отдельная химия не назначена.,Поверхностное горение без лимита фонового O₂; закрытые жидкостью/стенами клетки не горят.,Поверхностное горение только с доступным окислителем; CO₂/пар не свежий воздух.,"O01–O08 по oil.md; объём конкретной пары проверяется выбранным сценарием. LL01–LL03: округлая чаша20/30/40°C, вода под маслом20/30°C, перегородка; два режима/гидравлика/30–100FPS,30с. AB: water/oil и обе модели; stock/color/ledger для пористых, отсутствие запаса для остальных.","Частично: O01/O02:закрытый сосуд сохраняет жидкие массы PASS; полная приёмка пары не выполнена; OS выбранный объём PASS2026-10-05, полная пара не принята; LL выбранные сценарии PASS2026-10-05, полная пара не принята; AB впитываемость PASS2026-10-05, не полная приёмка пары",../oil/PASSPORT.md; ../oil/OIL_RESULTS.md; SOURCES.md; ../oil/OIL_PHASE_CONTRACT.md; ../oil/OIL_SMOKE_FLOW_CONTRACT.md; ../oil/OIL_SMOKE_FLOW_RESULTS.md; LIQUID_LAYERS_CONTRACT.md; ../../LIQUID_LAYERS_RESULTS.md; ABSORPTION_CONTRACT.md; ../../ABSORPTION_RESULTS.md,новый элемент/oil
core:gunpowder__core:oil,core:gunpowder,core:oil,H+L+B+AB,"Общие liquid перенос/плотность/тепло; oil поверхностное топливо. Oil-пропитки, паров и эмульсии нет. OP: определена модель парафинового масла/гексадекана; свободные фазы и раздельные пороги поджига. AB2026-10-05: контактная пропитка сохраняет вид, массу/Q и общий предел пор; вода и иной вид передаются без взаимного голодания.",Плотностный контакт/packed-bed ограничения; oil не является moisture-liquid водой.,Поверхностное горение без лимита фонового O₂; закрытые жидкостью/стенами клетки не горят.,Поверхностное горение только с доступным окислителем; CO₂/пар не свежий воздух.,"O01–O08 по oil.md; объём конкретной пары проверяется выбранным сценарием. AB: water/oil и обе модели; stock/color/ledger для пористых, отсутствие запаса для остальных.","Базовая модель реализована; отдельный сценарий пары не проверен; AB впитываемость PASS2026-10-05, не полная приёмка пары",../oil/PASSPORT.md; ../oil/OIL_RESULTS.md; SOURCES.md; ../oil/OIL_PHASE_CONTRACT.md; ABSORPTION_CONTRACT.md; ../../ABSORPTION_RESULTS.md,новый элемент/oil
core:heater__core:oil,core:heater,core:oil,H+L+B+AB,"Общие liquid перенос/плотность/тепло; oil поверхностное топливо. Oil-пропитки, паров и эмульсии нет. OP: определена модель парафинового масла/гексадекана; свободные фазы и раздельные пороги поджига. AB2026-10-05: объёмное впитывание water/oil не включено; отдельный поровый запас не возникает.",Общие контакт/тепло/столкновение или роль устройства/инструмента; отдельная химия не назначена.,Поверхностное горение без лимита фонового O₂; закрытые жидкостью/стенами клетки не горят.,Поверхностное горение только с доступным окислителем; CO₂/пар не свежий воздух.,"O01–O08 по oil.md; объём конкретной пары проверяется выбранным сценарием. AB: water/oil и обе модели; stock/color/ledger для пористых, отсутствие запаса для остальных.","Базовая модель реализована; отдельный сценарий пары не проверен; AB впитываемость PASS2026-10-05, не полная приёмка пары",../oil/PASSPORT.md; ../oil/OIL_RESULTS.md; SOURCES.md; ../oil/OIL_PHASE_CONTRACT.md; ABSORPTION_CONTRACT.md; ../../ABSORPTION_RESULTS.md,новый элемент/oil
core:ice__core:oil,core:ice,core:oil,H+L+B+OL+AB,"Общие liquid перенос/плотность/тепло; oil поверхностное топливо. Oil-пропитки, паров и эмульсии нет. OP: определена модель парафинового масла/гексадекана; свободные фазы и раздельные пороги поджига. FB: свободные компактные тела движутся по Density независимо от гравитации построек; не привариваются к сосуду. BB: свободные куски независимы от гравитации построек; наклон по массе/опоре/вытеснению. OL: физика не менялась; дополнительно проверены локальность области масла и индивидуальные массы/Q на длинном склоне. AB2026-10-05: объёмное впитывание water/oil не включено; отдельный поровый запас не возникает.",Общие контакт/тепло/столкновение или роль устройства/инструмента; отдельная химия не назначена.,Поверхностное горение без лимита фонового O₂; закрытые жидкостью/стенами клетки не горят.,Поверхностное горение только с доступным окислителем; CO₂/пар не свежий воздух.,"O01–O08 по oil.md; объём конкретной пары проверяется выбранным сценарием. FB01–FB06: плавание/оседание, тонкий кусок, препятствия, платное плавление/застывание, сохранение; выбранная область. BB01–BB04: выбранные баланс/опора/перенос/пауза/reload, без угловой инерции. OL05: свободный масляный склон ice, Sandbox60 без гидравлики. AB: water/oil и обе модели; stock/color/ledger для пористых, отсутствие запаса для остальных.","Базовая модель реализована; отдельный сценарий пары не проверен; FB выбранные механические/фазовые сценарии PASS2026-10-04, не полная приёмка пары; BB выбранные механические проверки PASS, полная пара не принята; OL выбранные проверки PASS2026-10-05; исходные три удалённых пятна не воспроизведены, полная пара не принята; AB впитываемость PASS2026-10-05, не полная приёмка пары",../oil/PASSPORT.md; ../oil/OIL_RESULTS.md; SOURCES.md; ../oil/OIL_PHASE_CONTRACT.md; FROZEN_BODY_CONTRACT.md; ../../FROZEN_BODY_RESULTS.md; BODY_BALANCE_CONTRACT.md; ../../BODY_BALANCE_RESULTS.md; ../oil/OIL_LOCALITY_CONTRACT.md; ../oil/OIL_LOCALITY_RESULTS.md; ABSORPTION_CONTRACT.md; ../../ABSORPTION_RESULTS.md,новый элемент/oil
core:metal__core:oil,core:metal,core:oil,H+L+B+AB,"Общие liquid перенос/плотность/тепло; oil поверхностное топливо. Oil-пропитки, паров и эмульсии нет. OP: определена модель парафинового масла/гексадекана; свободные фазы и раздельные пороги поджига. AB2026-10-05: объёмное впитывание water/oil не включено; отдельный поровый запас не возникает.",Общие контакт/тепло/столкновение или роль устройства/инструмента; отдельная химия не назначена.,Поверхностное горение без лимита фонового O₂; закрытые жидкостью/стенами клетки не горят.,Поверхностное горение только с доступным окислителем; CO₂/пар не свежий воздух.,"O01–O08 по oil.md; объём конкретной пары проверяется выбранным сценарием. AB: water/oil и обе модели; stock/color/ledger для пористых, отсутствие запаса для остальных.","Частично: O04:закрытая металлическими соседями клетка не горит PASS; полная приёмка пары не выполнена; AB впитываемость PASS2026-10-05, не полная приёмка пары",../oil/PASSPORT.md; ../oil/OIL_RESULTS.md; SOURCES.md; ../oil/OIL_PHASE_CONTRACT.md; ABSORPTION_CONTRACT.md; ../../ABSORPTION_RESULTS.md,новый элемент/oil
core:molten_metal__core:oil,core:molten_metal,core:oil,H+L+B+AB,"Общие liquid перенос/плотность/тепло; oil поверхностное топливо. Oil-пропитки, паров и эмульсии нет. OP: определена модель парафинового масла/гексадекана; свободные фазы и раздельные пороги поджига. AB2026-10-05: объёмное впитывание water/oil не включено; отдельный поровый запас не возникает.","Перенос массы/энтальпии только своего liquid ID, неподмешиваемые слои; плотностное сравнение конкретной среды.",Поверхностное горение без лимита фонового O₂; закрытые жидкостью/стенами клетки не горят.,Поверхностное горение только с доступным окислителем; CO₂/пар не свежий воздух.,"O01–O08 по oil.md; объём конкретной пары проверяется выбранным сценарием. AB: water/oil и обе модели; stock/color/ledger для пористых, отсутствие запаса для остальных.","Базовая модель реализована; отдельный сценарий пары не проверен; AB впитываемость PASS2026-10-05, не полная приёмка пары",../oil/PASSPORT.md; ../oil/OIL_RESULTS.md; SOURCES.md; ../oil/OIL_PHASE_CONTRACT.md; ABSORPTION_CONTRACT.md; ../../ABSORPTION_RESULTS.md,новый элемент/oil
core:oil__core:oil,core:oil,core:oil,H+L+B+OS+LL+AB,"Общие liquid перенос/плотность/тепло; oil поверхностное топливо. LT: liquid-convection переносит полные равные пакеты; масло имеет optional температурную мобильность. OP: определена модель парафинового масла/гексадекана; свободные фазы и раздельные пороги поджига. OP: слои, масса всех фаз, прогретая лужа и устойчивый поджиг. OS: опирающиеся короткие участки поверхности, перенос до8; падение/глубокий слив сохраняют температурный путь. OS01 и LT выбранный объём PASS. LL: поддержанное округлое основание и спокойная связная граница двух жидкостей; локальный обмен полных пакетов по напору обоих слоёв, без стены/дальнего переноса. AB2026-10-05: объёмное впитывание water/oil не включено; отдельный поровый запас не возникает.","Перенос массы/энтальпии только своего liquid ID, неподмешиваемые слои; плотностное сравнение конкретной среды.",Поверхностное горение без лимита фонового O₂; закрытые жидкостью/стенами клетки не горят.,Поверхностное горение только с доступным окислителем; CO₂/пар не свежий воздух.,"O01–O08 по oil.md; объём конкретной пары проверяется выбранным сценарием. LT01–LT04: температурный расход, локальное тепло, энергия/масса, стабильность, стены, пауза/reload. OP01–OP05: выбранные циклы/реакция/full frames/pause/writer14/reload. LL01–LL03: округлая чаша20/30/40°C, вода под маслом20/30°C, перегородка; два режима/гидравлика/30–100FPS,30с. AB: water/oil и обе модели; stock/color/ledger для пористых, отсутствие запаса для остальных.","Частично: O01/O04/O05/O06:перенос, открытая поверхность, расход, reload PASS; полная приёмка пары не выполнена; LT01–LT04 выбранные проверки PASS, полный паспорт не принят; OP выбранные проверки PASS, полная пара не принята; OS выбранный объём PASS2026-10-05, полная пара не принята; LL выбранные сценарии PASS2026-10-05, полная пара не принята; AB впитываемость PASS2026-10-05, не полная приёмка пары",../oil/PASSPORT.md; ../oil/OIL_RESULTS.md; SOURCES.md; LIQUID_TEMPERATURE_CONTRACT.md; ../../LIQUID_TEMPERATURE_RESULTS.md; ../oil/OIL_PHASE_CONTRACT.md; ../oil/OIL_PHASE_CONTRACT.md; ../oil/OIL_PHASE_RESULTS.md; ../oil/OIL_SMOKE_FLOW_CONTRACT.md; ../oil/OIL_SMOKE_FLOW_RESULTS.md; LIQUID_LAYERS_CONTRACT.md; ../../LIQUID_LAYERS_RESULTS.md; ABSORPTION_CONTRACT.md; ../../ABSORPTION_RESULTS.md,новый элемент/oil
core:sand__core:oil,core:sand,core:oil,H+L+B+AB,"Общие liquid перенос/плотность/тепло; oil поверхностное топливо. Oil-пропитки, паров и эмульсии нет. OP: определена модель парафинового масла/гексадекана; свободные фазы и раздельные пороги поджига. AB2026-10-05: контактная пропитка сохраняет вид, массу/Q и общий предел пор; вода и иной вид передаются без взаимного голодания.",Плотностный контакт/packed-bed ограничения; oil не является moisture-liquid водой.,Поверхностное горение без лимита фонового O₂; закрытые жидкостью/стенами клетки не горят.,Поверхностное горение только с доступным окислителем; CO₂/пар не свежий воздух.,"O01–O08 по oil.md; объём конкретной пары проверяется выбранным сценарием. AB: water/oil и обе модели; stock/color/ledger для пористых, отсутствие запаса для остальных.","Частично: O03:свободное тяжёлое зерно тонет PASS; полная приёмка пары не выполнена; AB впитываемость PASS2026-10-05, не полная приёмка пары",../oil/PASSPORT.md; ../oil/OIL_RESULTS.md; SOURCES.md; ../oil/OIL_PHASE_CONTRACT.md; ABSORPTION_CONTRACT.md; ../../ABSORPTION_RESULTS.md,новый элемент/oil
core:smoke__core:oil,core:smoke,core:oil,H+L+B+AB,"Общие liquid перенос/плотность/тепло; oil поверхностное топливо. Oil-пропитки, паров и эмульсии нет. OP: определена модель парафинового масла/гексадекана; свободные фазы и раздельные пороги поджига. AB2026-10-05: объёмное впитывание water/oil не включено; отдельный поровый запас не возникает.",Общие контакт/тепло/столкновение или роль устройства/инструмента; отдельная химия не назначена.,Поверхностное горение без лимита фонового O₂; закрытые жидкостью/стенами клетки не горят.,Поверхностное горение только с доступным окислителем; CO₂/пар не свежий воздух.,"O01–O08 по oil.md; объём конкретной пары проверяется выбранным сценарием. AB: water/oil и обе модели; stock/color/ledger для пористых, отсутствие запаса для остальных.","Базовая модель реализована; отдельный сценарий пары не проверен; AB впитываемость PASS2026-10-05, не полная приёмка пары",../oil/PASSPORT.md; ../oil/OIL_RESULTS.md; SOURCES.md; ../oil/OIL_PHASE_CONTRACT.md; ABSORPTION_CONTRACT.md; ../../ABSORPTION_RESULTS.md,новый элемент/oil
core:steam__core:oil,core:steam,core:oil,H+L+B+AB,"Общие liquid перенос/плотность/тепло; oil поверхностное топливо. Oil-пропитки, паров и эмульсии нет. OP: определена модель парафинового масла/гексадекана; свободные фазы и раздельные пороги поджига. AB2026-10-05: объёмное впитывание water/oil не включено; отдельный поровый запас не возникает.",Общие контакт/тепло/столкновение или роль устройства/инструмента; отдельная химия не назначена.,Поверхностное горение без лимита фонового O₂; закрытые жидкостью/стенами клетки не горят.,Поверхностное горение только с доступным окислителем; CO₂/пар не свежий воздух.,"O01–O08 по oil.md; объём конкретной пары проверяется выбранным сценарием. AB: water/oil и обе модели; stock/color/ledger для пористых, отсутствие запаса для остальных.","Базовая модель реализована; отдельный сценарий пары не проверен; AB впитываемость PASS2026-10-05, не полная приёмка пары",../oil/PASSPORT.md; ../oil/OIL_RESULTS.md; SOURCES.md; ../oil/OIL_PHASE_CONTRACT.md; ABSORPTION_CONTRACT.md; ../../ABSORPTION_RESULTS.md,новый элемент/oil
core:stone__core:oil,core:stone,core:oil,H+L+B+AB,"Общие liquid перенос/плотность/тепло; oil поверхностное топливо. Oil-пропитки, паров и эмульсии нет. OP: определена модель парафинового масла/гексадекана; свободные фазы и раздельные пороги поджига. AB2026-10-05: объёмное впитывание water/oil не включено; отдельный поровый запас не возникает.",Общие контакт/тепло/столкновение или роль устройства/инструмента; отдельная химия не назначена.,Поверхностное горение без лимита фонового O₂; закрытые жидкостью/стенами клетки не горят.,Поверхностное горение только с доступным окислителем; CO₂/пар не свежий воздух.,"O01–O08 по oil.md; объём конкретной пары проверяется выбранным сценарием. AB: water/oil и обе модели; stock/color/ledger для пористых, отсутствие запаса для остальных.","Базовая модель реализована; отдельный сценарий пары не проверен; AB впитываемость PASS2026-10-05, не полная приёмка пары",../oil/PASSPORT.md; ../oil/OIL_RESULTS.md; SOURCES.md; ../oil/OIL_PHASE_CONTRACT.md; ABSORPTION_CONTRACT.md; ../../ABSORPTION_RESULTS.md,новый элемент/oil
core:stone_coal__core:oil,core:stone_coal,core:oil,H+L+B+AB,"Общие liquid перенос/плотность/тепло; oil поверхностное топливо. Oil-пропитки, паров и эмульсии нет. OP: определена модель парафинового масла/гексадекана; свободные фазы и раздельные пороги поджига. AB2026-10-05: объёмное впитывание water/oil не включено; отдельный поровый запас не возникает.",Плотностный контакт/packed-bed ограничения; oil не является moisture-liquid водой.,Поверхностное горение без лимита фонового O₂; закрытые жидкостью/стенами клетки не горят.,Поверхностное горение только с доступным окислителем; CO₂/пар не свежий воздух.,"O01–O08 по oil.md; объём конкретной пары проверяется выбранным сценарием. AB: water/oil и обе модели; stock/color/ledger для пористых, отсутствие запаса для остальных.","Частично: O03:свободное тяжёлое зерно тонет PASS; полная приёмка пары не выполнена; AB впитываемость PASS2026-10-05, не полная приёмка пары",../oil/PASSPORT.md; ../oil/OIL_RESULTS.md; SOURCES.md; ../oil/OIL_PHASE_CONTRACT.md; ABSORPTION_CONTRACT.md; ../../ABSORPTION_RESULTS.md,новый элемент/oil
core:water__core:oil,core:water,core:oil,H+L+B+WL+OL+OS+LL+HF+AB,"Общие liquid перенос/плотность/тепло; oil поверхностное топливо. OP: определена модель парафинового масла/гексадекана; свободные фазы и раздельные пороги поджига.. WL: локальная подача масла без дальнего объёмного переноса; прежняя температурная мобильность и отдельные слои. OL: физика не менялась; дополнительно проверены локальность области масла и индивидуальные массы/Q на длинном склоне. OS: повтор местной подачи и покрытых свободных склонов frozen_oil/ice, масса/Q/локальность PASS. Исходные три удалённых пятна не воспроизведены. LL: поддержанное округлое основание и спокойная связная граница двух жидкостей; локальный обмен полных пакетов по напору обоих слоёв, без стены/дальнего переноса. HF02/HF05: короткая поддержанная поверхность масла получает120Гц; малые внутренние пустоты закрываются по доказанной опоре, глубина/слои/стены не обходятся. Связность непрерывных столбцов использует точный кешированный путь. AB2026-10-05: объёмное впитывание water/oil не включено; отдельный поровый запас не возникает.","Перенос массы/энтальпии только своего liquid ID, неподмешиваемые слои; плотностное сравнение конкретной среды.",Поверхностное горение без лимита фонового O₂; закрытые жидкостью/стенами клетки не горят.,Поверхностное горение только с доступным окислителем; CO₂/пар не свежий воздух.,"O01–O08 по oil.md; объём конкретной пары проверяется выбранным сценарием. WL: выбранные поверхности/локальность/скорости и ближайшие регрессии; WATER_LEVEL_CONTRACT.md. OL01–OL04: подача/покрытие неподвижного и свободного склона, оба режима/гидравлика/30–100FPS. LL01–LL03: округлая чаша20/30/40°C, вода под маслом20/30°C, перегородка; два режима/гидравлика/30–100FPS,30с. AB: water/oil и обе модели; stock/color/ledger для пористых, отсутствие запаса для остальных.","Частично: O01/O02:слои, кисть, баланс; горение oil на воде PASS; полная приёмка пары не выполнена; WL выбранные проверки PASS2026-10-05, полная пара не принята; OL выбранные проверки PASS2026-10-05; исходные три удалённых пятна не воспроизведены, полная пара не принята; OS выбранный объём PASS2026-10-05, полная пара не принята; LL выбранные сценарии PASS2026-10-05, полная пара не принята; HF выбранные механизмы проверяются по новому отчёту, полная пара не принята; AB впитываемость PASS2026-10-05, не полная приёмка пары",../oil/PASSPORT.md; ../oil/OIL_RESULTS.md; SOURCES.md; ../oil/OIL_PHASE_CONTRACT.md; WATER_LEVEL_CONTRACT.md; ../water/WATER_LEVEL_RESULTS.md; ../oil/OIL_LOCALITY_CONTRACT.md; ../oil/OIL_LOCALITY_RESULTS.md; ../oil/OIL_SMOKE_FLOW_CONTRACT.md; ../oil/OIL_SMOKE_FLOW_RESULTS.md; LIQUID_LAYERS_CONTRACT.md; ../../LIQUID_LAYERS_RESULTS.md; HANDOFF_FIXES_CONTRACT.md; ../../HANDOFF_FIXES_RESULTS.md; ABSORPTION_CONTRACT.md; ../../ABSORPTION_RESULTS.md,новый элемент/oil
core:wet_charcoal__core:oil,core:wet_charcoal,core:oil,H+L+B+HF+AB,"Общие liquid перенос/плотность/тепло; oil поверхностное топливо. Масляная пропитка реализована в OA; паров и эмульсии нет. LF: плотностный подъём требует ту же жидкость снизу/с обеих сторон; падающая струя не поднимает зерно по отверстию в бак. OA: отдельное впитывание масла/энтальпии в FuelMass; общие поры с водой; плотность зависит от двух насыщенностей. OP: определена модель парафинового масла/гексадекана; свободные фазы и раздельные пороги поджига. ME: Цвет сохранённого масла читается на мокром угле; общие water/oil поры прежние. HF04: сухая основа и FuelMass реагируют в одном тике по своим порогам; влажный guard общий; конечный резерв O₂ суммарный. Прежнее правило «масло прежде основы» заменено. AB2026-10-05: контактная пропитка сохраняет вид, массу/Q и общий предел пор; вода и иной вид передаются без взаимного голодания.",Плотностный контакт/packed-bed ограничения; oil не является moisture-liquid водой. OA: отдельный топливный запас/общие поры/плотность/дополнительное горение независимо от сухой основы.,Поверхностное горение без лимита фонового O₂; закрытые жидкостью/стенами клетки не горят.,Поверхностное горение только с доступным окислителем; CO₂/пар не свежий воздух.,"O01–O08 по oil.md; объём конкретной пары проверяется выбранным сценарием. LF01–LF03: подача через отверстие, оба режима30/60/100FPS, contact/гидравлика, горячий oil и сухой контроль. OA01–OA06: только применимые контакт/поры/горение/перенос/reload сценарии. AB: water/oil и обе модели; stock/color/ledger для пористых, отсутствие запаса для остальных.","Частично: O03:насыщенное зерно тонет, до OA масло не впитывалось (исторический PASS); полная приёмка пары не выполнена; LF выбранные272 checks PASS, не полная приёмка пары; OA выбранные сценарии PASS2026-10-04, не полная приёмка пары; HF выбранные механизмы проверяются по новому отчёту, полная пара не принята; AB впитываемость PASS2026-10-05, не полная приёмка пары",../oil/PASSPORT.md; ../oil/OIL_RESULTS.md; SOURCES.md; LIQUID_FEED_CONTRACT.md; ../../LIQUID_FEED_RESULTS.md; OIL_ABSORPTION_CONTRACT.md; ../../OIL_ABSORPTION_RESULTS.md; ../oil/OIL_PHASE_CONTRACT.md; MATERIAL_ENVIRONMENT_CONTRACT.md; ../../MATERIAL_ENVIRONMENT_RESULTS.md; HANDOFF_FIXES_CONTRACT.md; ../../HANDOFF_FIXES_RESULTS.md; ABSORPTION_CONTRACT.md; ../../ABSORPTION_RESULTS.md,новый элемент/oil
core:wood__core:oil,core:wood,core:oil,H+L+B +W+HF+AB,"Wood хранит отдельный FuelMass; capacity.25/rate.04; общие с водой поры; масло горит первым с Q/O₂. ME: Заметный цвет реальной масляной пропитки; прежние stock/Q/горение PASS. HF04: сухая основа и FuelMass реагируют в одном тике по своим порогам; влажный guard общий; конечный резерв O₂ суммарный. Прежнее правило «масло прежде основы» заменено. AB2026-10-05: контактная пропитка сохраняет вид, массу/Q и общий предел пор; вода и иной вид передаются без взаимного голодания.",Общие контакт/тепло/столкновение или роль устройства/инструмента; отдельная химия не назначена.,Поверхностное горение без лимита фонового O₂; закрытые жидкостью/стенами клетки не горят.,Поверхностное горение только с доступным окислителем; CO₂/пар не свежий воздух.,"O01–O08 по oil.md; объём конкретной пары проверяется выбранным сценарием. WO01–WO05: выбранный объём wood, не вся пара. AB: water/oil и обе модели; stock/color/ledger для пористых, отсутствие запаса для остальных.","WO выбранные сценарии PASS; полная пара не принята; HF выбранные механизмы проверяются по новому отчёту, полная пара не принята; AB впитываемость PASS2026-10-05, не полная приёмка пары",../oil/PASSPORT.md; ../oil/OIL_RESULTS.md; SOURCES.md; ../oil/OIL_PHASE_CONTRACT.md; ../wood/WOOD_OIL_CONTRACT.md; ../wood/WOOD_OIL_RESULTS.md; MATERIAL_ENVIRONMENT_CONTRACT.md; ../../MATERIAL_ENVIRONMENT_RESULTS.md; HANDOFF_FIXES_CONTRACT.md; ../../HANDOFF_FIXES_RESULTS.md; ABSORPTION_CONTRACT.md; ../../ABSORPTION_RESULTS.md,новый элемент/oil
core:sand__core:frozen_oil,core:sand,core:frozen_oil,H+S+L,"Новая фаза масла; общие контакт/тепло/перенос, отдельная химия не объявлена.","Фазовая энергия/масса; solid прекращает течение, vapour возвращается в oil; стены/среды сохраняются.",Фазы одинаковы; газовое/жидкое топливо без расхода фонового O2.,Фазы одинаковы; свободные gas грани и доступный O2 для горения.,"OP01–OP05; конкретный объём пары проверяется выбранной сценой, не всей строкой.",Контракт записан; полная приёмка пары не выполнена,../oil/PASSPORT.md; ../frozen_oil/PASSPORT.md; ../oil_vapour/PASSPORT.md; ../oil/OIL_PHASE_CONTRACT.md,oil phases
core:sand__core:oil_vapour,core:sand,core:oil_vapour,H+L+G+O,"Новая фаза масла; общие контакт/тепло/перенос, отдельная химия не объявлена.","Фазовая энергия/масса; solid прекращает течение, vapour возвращается в oil; стены/среды сохраняются.",Фазы одинаковы; газовое/жидкое топливо без расхода фонового O2.,Фазы одинаковы; свободные gas грани и доступный O2 для горения.,"OP01–OP05; конкретный объём пары проверяется выбранной сценой, не всей строкой.",Контракт записан; полная приёмка пары не выполнена,../oil/PASSPORT.md; ../frozen_oil/PASSPORT.md; ../oil_vapour/PASSPORT.md; ../oil/OIL_PHASE_CONTRACT.md,oil phases
core:water__core:frozen_oil,core:water,core:frozen_oil,H+S+L+WL+AB,"Новая фаза масла; общие контакт/тепло/перенос, отдельная химия не объявлена. FB: свободные компактные тела движутся по Density независимо от гравитации построек; не привариваются к сосуду. BB: свободные куски независимы от гравитации построек; наклон по массе/опоре/вытеснению.. WL: раздельные часы60Гц в воздухе/15Гц в жидкости; форма/энергия и прежнее всплытие в воде. AB2026-10-05: объёмное впитывание water/oil не включено; отдельный поровый запас не возникает.","Фазовая энергия/масса; solid прекращает течение, vapour возвращается в oil; стены/среды сохраняются.",Фазы одинаковы; газовое/жидкое топливо без расхода фонового O2.,Фазы одинаковы; свободные gas грани и доступный O2 для горения.,"OP01–OP05; конкретный объём пары проверяется выбранной сценой, не всей строкой. FB01–FB06: плавание/оседание, тонкий кусок, препятствия, платное плавление/застывание, сохранение; выбранная область. BB01–BB04: выбранные баланс/опора/перенос/пауза/reload, без угловой инерции. WL: выбранные поверхности/локальность/скорости и ближайшие регрессии; WATER_LEVEL_CONTRACT.md. AB: water/oil и обе модели; stock/color/ledger для пористых, отсутствие запаса для остальных.","Контракт записан; полная приёмка пары не выполнена; FB выбранные механические/фазовые сценарии PASS2026-10-04, не полная приёмка пары; BB выбранные механические проверки PASS, полная пара не принята; WL выбранные проверки PASS2026-10-05, полная пара не принята; AB впитываемость PASS2026-10-05, не полная приёмка пары",../oil/PASSPORT.md; ../frozen_oil/PASSPORT.md; ../oil_vapour/PASSPORT.md; ../oil/OIL_PHASE_CONTRACT.md; FROZEN_BODY_CONTRACT.md; ../../FROZEN_BODY_RESULTS.md; BODY_BALANCE_CONTRACT.md; ../../BODY_BALANCE_RESULTS.md; WATER_LEVEL_CONTRACT.md; ../water/WATER_LEVEL_RESULTS.md; ABSORPTION_CONTRACT.md; ../../ABSORPTION_RESULTS.md,oil phases
core:water__core:oil_vapour,core:water,core:oil_vapour,H+L+G+O+AB,"Новая фаза масла; общие контакт/тепло/перенос, отдельная химия не объявлена. AB2026-10-05: объёмное впитывание water/oil не включено; отдельный поровый запас не возникает.","Фазовая энергия/масса; solid прекращает течение, vapour возвращается в oil; стены/среды сохраняются.",Фазы одинаковы; газовое/жидкое топливо без расхода фонового O2.,Фазы одинаковы; свободные gas грани и доступный O2 для горения.,"OP01–OP05; конкретный объём пары проверяется выбранной сценой, не всей строкой. AB: water/oil и обе модели; stock/color/ledger для пористых, отсутствие запаса для остальных.","Контракт записан; полная приёмка пары не выполнена; AB впитываемость PASS2026-10-05, не полная приёмка пары",../oil/PASSPORT.md; ../frozen_oil/PASSPORT.md; ../oil_vapour/PASSPORT.md; ../oil/OIL_PHASE_CONTRACT.md; ABSORPTION_CONTRACT.md; ../../ABSORPTION_RESULTS.md,oil phases
core:ice__core:frozen_oil,core:ice,core:frozen_oil,H+S,"Новая фаза масла; общие контакт/тепло/перенос, отдельная химия не объявлена.","Фазовая энергия/масса; solid прекращает течение, vapour возвращается в oil; стены/среды сохраняются.",Фазы одинаковы; газовое/жидкое топливо без расхода фонового O2.,Фазы одинаковы; свободные gas грани и доступный O2 для горения.,"OP01–OP05; конкретный объём пары проверяется выбранной сценой, не всей строкой.",Контракт записан; полная приёмка пары не выполнена,../oil/PASSPORT.md; ../frozen_oil/PASSPORT.md; ../oil_vapour/PASSPORT.md; ../oil/OIL_PHASE_CONTRACT.md,oil phases
core:ice__core:oil_vapour,core:ice,core:oil_vapour,H+S+G+O,"Новая фаза масла; общие контакт/тепло/перенос, отдельная химия не объявлена.","Фазовая энергия/масса; solid прекращает течение, vapour возвращается в oil; стены/среды сохраняются.",Фазы одинаковы; газовое/жидкое топливо без расхода фонового O2.,Фазы одинаковы; свободные gas грани и доступный O2 для горения.,"OP01–OP05; конкретный объём пары проверяется выбранной сценой, не всей строкой.",Контракт записан; полная приёмка пары не выполнена,../oil/PASSPORT.md; ../frozen_oil/PASSPORT.md; ../oil_vapour/PASSPORT.md; ../oil/OIL_PHASE_CONTRACT.md,oil phases
core:steam__core:frozen_oil,core:steam,core:frozen_oil,H+S+G,"Новая фаза масла; общие контакт/тепло/перенос, отдельная химия не объявлена.","Фазовая энергия/масса; solid прекращает течение, vapour возвращается в oil; стены/среды сохраняются.",Фазы одинаковы; газовое/жидкое топливо без расхода фонового O2.,Фазы одинаковы; свободные gas грани и доступный O2 для горения.,"OP01–OP05; конкретный объём пары проверяется выбранной сценой, не всей строкой.",Контракт записан; полная приёмка пары не выполнена,../oil/PASSPORT.md; ../frozen_oil/PASSPORT.md; ../oil_vapour/PASSPORT.md; ../oil/OIL_PHASE_CONTRACT.md,oil phases
core:steam__core:oil_vapour,core:steam,core:oil_vapour,H+G+O,"Новая фаза масла; общие контакт/тепло/перенос, отдельная химия не объявлена.","Фазовая энергия/масса; solid прекращает течение, vapour возвращается в oil; стены/среды сохраняются.",Фазы одинаковы; газовое/жидкое топливо без расхода фонового O2.,Фазы одинаковы; свободные gas грани и доступный O2 для горения.,"OP01–OP05; конкретный объём пары проверяется выбранной сценой, не всей строкой.",Контракт записан; полная приёмка пары не выполнена,../oil/PASSPORT.md; ../frozen_oil/PASSPORT.md; ../oil_vapour/PASSPORT.md; ../oil/OIL_PHASE_CONTRACT.md,oil phases
core:metal__core:frozen_oil,core:metal,core:frozen_oil,H+S,"Новая фаза масла; общие контакт/тепло/перенос, отдельная химия не объявлена. FB: свободные компактные тела движутся по Density независимо от гравитации построек; не привариваются к сосуду. BB: свободные куски независимы от гравитации построек; наклон по массе/опоре/вытеснению.","Фазовая энергия/масса; solid прекращает течение, vapour возвращается в oil; стены/среды сохраняются.",Фазы одинаковы; газовое/жидкое топливо без расхода фонового O2.,Фазы одинаковы; свободные gas грани и доступный O2 для горения.,"OP01–OP05; конкретный объём пары проверяется выбранной сценой, не всей строкой. FB01–FB06: плавание/оседание, тонкий кусок, препятствия, платное плавление/застывание, сохранение; выбранная область. BB01–BB04: выбранные баланс/опора/перенос/пауза/reload, без угловой инерции.","Контракт записан; полная приёмка пары не выполнена; FB выбранные механические/фазовые сценарии PASS2026-10-04, не полная приёмка пары; BB выбранные механические проверки PASS, полная пара не принята",../oil/PASSPORT.md; ../frozen_oil/PASSPORT.md; ../oil_vapour/PASSPORT.md; ../oil/OIL_PHASE_CONTRACT.md; FROZEN_BODY_CONTRACT.md; ../../FROZEN_BODY_RESULTS.md; BODY_BALANCE_CONTRACT.md; ../../BODY_BALANCE_RESULTS.md,oil phases
core:metal__core:oil_vapour,core:metal,core:oil_vapour,H+S+G+O,"Новая фаза масла; общие контакт/тепло/перенос, отдельная химия не объявлена. OP: перенос частиц в закрытой камере, ноль пересечений стен; тепловой/химический контакт целиком не принят.","Фазовая энергия/масса; solid прекращает течение, vapour возвращается в oil; стены/среды сохраняются.",Фазы одинаковы; газовое/жидкое топливо без расхода фонового O2.,Фазы одинаковы; свободные gas грани и доступный O2 для горения.,"OP01–OP05; конкретный объём пары проверяется выбранной сценой, не всей строкой. OP01–OP05: выбранные циклы/реакция/full frames/pause/writer14/reload.","Контракт записан; полная приёмка пары не выполнена; OP выбранные проверки PASS, полная пара не принята",../oil/PASSPORT.md; ../frozen_oil/PASSPORT.md; ../oil_vapour/PASSPORT.md; ../oil/OIL_PHASE_CONTRACT.md; ../oil/OIL_PHASE_CONTRACT.md; ../oil/OIL_PHASE_RESULTS.md,oil phases
core:molten_metal__core:frozen_oil,core:molten_metal,core:frozen_oil,H+S+L,"Новая фаза масла; общие контакт/тепло/перенос, отдельная химия не объявлена.","Фазовая энергия/масса; solid прекращает течение, vapour возвращается в oil; стены/среды сохраняются.",Фазы одинаковы; газовое/жидкое топливо без расхода фонового O2.,Фазы одинаковы; свободные gas грани и доступный O2 для горения.,"OP01–OP05; конкретный объём пары проверяется выбранной сценой, не всей строкой.",Контракт записан; полная приёмка пары не выполнена,../oil/PASSPORT.md; ../frozen_oil/PASSPORT.md; ../oil_vapour/PASSPORT.md; ../oil/OIL_PHASE_CONTRACT.md,oil phases
core:molten_metal__core:oil_vapour,core:molten_metal,core:oil_vapour,H+L+G+O,"Новая фаза масла; общие контакт/тепло/перенос, отдельная химия не объявлена.","Фазовая энергия/масса; solid прекращает течение, vapour возвращается в oil; стены/среды сохраняются.",Фазы одинаковы; газовое/жидкое топливо без расхода фонового O2.,Фазы одинаковы; свободные gas грани и доступный O2 для горения.,"OP01–OP05; конкретный объём пары проверяется выбранной сценой, не всей строкой.",Контракт записан; полная приёмка пары не выполнена,../oil/PASSPORT.md; ../frozen_oil/PASSPORT.md; ../oil_vapour/PASSPORT.md; ../oil/OIL_PHASE_CONTRACT.md,oil phases
core:stone__core:frozen_oil,core:stone,core:frozen_oil,H+S,"Новая фаза масла; общие контакт/тепло/перенос, отдельная химия не объявлена.","Фазовая энергия/масса; solid прекращает течение, vapour возвращается в oil; стены/среды сохраняются.",Фазы одинаковы; газовое/жидкое топливо без расхода фонового O2.,Фазы одинаковы; свободные gas грани и доступный O2 для горения.,"OP01–OP05; конкретный объём пары проверяется выбранной сценой, не всей строкой.",Контракт записан; полная приёмка пары не выполнена,../oil/PASSPORT.md; ../frozen_oil/PASSPORT.md; ../oil_vapour/PASSPORT.md; ../oil/OIL_PHASE_CONTRACT.md,oil phases
core:stone__core:oil_vapour,core:stone,core:oil_vapour,H+S+G+O,"Новая фаза масла; общие контакт/тепло/перенос, отдельная химия не объявлена.","Фазовая энергия/масса; solid прекращает течение, vapour возвращается в oil; стены/среды сохраняются.",Фазы одинаковы; газовое/жидкое топливо без расхода фонового O2.,Фазы одинаковы; свободные gas грани и доступный O2 для горения.,"OP01–OP05; конкретный объём пары проверяется выбранной сценой, не всей строкой.",Контракт записан; полная приёмка пары не выполнена,../oil/PASSPORT.md; ../frozen_oil/PASSPORT.md; ../oil_vapour/PASSPORT.md; ../oil/OIL_PHASE_CONTRACT.md,oil phases
core:fixture__core:frozen_oil,core:fixture,core:frozen_oil,H+S,"Новая фаза масла; общие контакт/тепло/перенос, отдельная химия не объявлена.","Фазовая энергия/масса; solid прекращает течение, vapour возвращается в oil; стены/среды сохраняются.",Фазы одинаковы; газовое/жидкое топливо без расхода фонового O2.,Фазы одинаковы; свободные gas грани и доступный O2 для горения.,"OP01–OP05; конкретный объём пары проверяется выбранной сценой, не всей строкой.",Контракт записан; полная приёмка пары не выполнена,../oil/PASSPORT.md; ../frozen_oil/PASSPORT.md; ../oil_vapour/PASSPORT.md; ../oil/OIL_PHASE_CONTRACT.md,oil phases
core:fixture__core:oil_vapour,core:fixture,core:oil_vapour,H+S+G+O,"Новая фаза масла; общие контакт/тепло/перенос, отдельная химия не объявлена.","Фазовая энергия/масса; solid прекращает течение, vapour возвращается в oil; стены/среды сохраняются.",Фазы одинаковы; газовое/жидкое топливо без расхода фонового O2.,Фазы одинаковы; свободные gas грани и доступный O2 для горения.,"OP01–OP05; конкретный объём пары проверяется выбранной сценой, не всей строкой.",Контракт записан; полная приёмка пары не выполнена,../oil/PASSPORT.md; ../frozen_oil/PASSPORT.md; ../oil_vapour/PASSPORT.md; ../oil/OIL_PHASE_CONTRACT.md,oil phases
core:wood__core:frozen_oil,core:wood,core:frozen_oil,H+S,"Новая фаза масла; общие контакт/тепло/перенос, отдельная химия не объявлена.","Фазовая энергия/масса; solid прекращает течение, vapour возвращается в oil; стены/среды сохраняются.",Фазы одинаковы; газовое/жидкое топливо без расхода фонового O2.,Фазы одинаковы; свободные gas грани и доступный O2 для горения.,"OP01–OP05; конкретный объём пары проверяется выбранной сценой, не всей строкой.",Контракт записан; полная приёмка пары не выполнена,../oil/PASSPORT.md; ../frozen_oil/PASSPORT.md; ../oil_vapour/PASSPORT.md; ../oil/OIL_PHASE_CONTRACT.md,oil phases
core:wood__core:oil_vapour,core:wood,core:oil_vapour,H+S+G+O+I,"Новая фаза масла; общие контакт/тепло/перенос, отдельная химия не объявлена.","Фазовая энергия/масса; solid прекращает течение, vapour возвращается в oil; стены/среды сохраняются.",Фазы одинаковы; газовое/жидкое топливо без расхода фонового O2.,Фазы одинаковы; свободные gas грани и доступный O2 для горения.,"OP01–OP05; конкретный объём пары проверяется выбранной сценой, не всей строкой.",Контракт записан; полная приёмка пары не выполнена,../oil/PASSPORT.md; ../frozen_oil/PASSPORT.md; ../oil_vapour/PASSPORT.md; ../oil/OIL_PHASE_CONTRACT.md,oil phases
core:coal__core:frozen_oil,core:coal,core:frozen_oil,H+S+L,"Новая фаза масла; общие контакт/тепло/перенос, отдельная химия не объявлена.","Фазовая энергия/масса; solid прекращает течение, vapour возвращается в oil; стены/среды сохраняются.",Фазы одинаковы; газовое/жидкое топливо без расхода фонового O2.,Фазы одинаковы; свободные gas грани и доступный O2 для горения.,"OP01–OP05; конкретный объём пары проверяется выбранной сценой, не всей строкой.",Контракт записан; полная приёмка пары не выполнена,../oil/PASSPORT.md; ../frozen_oil/PASSPORT.md; ../oil_vapour/PASSPORT.md; ../oil/OIL_PHASE_CONTRACT.md,oil phases
core:coal__core:oil_vapour,core:coal,core:oil_vapour,H+L+G+O+I,"Новая фаза масла; общие контакт/тепло/перенос, отдельная химия не объявлена.","Фазовая энергия/масса; solid прекращает течение, vapour возвращается в oil; стены/среды сохраняются.",Фазы одинаковы; газовое/жидкое топливо без расхода фонового O2.,Фазы одинаковы; свободные gas грани и доступный O2 для горения.,"OP01–OP05; конкретный объём пары проверяется выбранной сценой, не всей строкой.",Контракт записан; полная приёмка пары не выполнена,../oil/PASSPORT.md; ../frozen_oil/PASSPORT.md; ../oil_vapour/PASSPORT.md; ../oil/OIL_PHASE_CONTRACT.md,oil phases
core:wet_charcoal__core:frozen_oil,core:wet_charcoal,core:frozen_oil,H+S+L,"Новая фаза масла; общие контакт/тепло/перенос, отдельная химия не объявлена.","Фазовая энергия/масса; solid прекращает течение, vapour возвращается в oil; стены/среды сохраняются.",Фазы одинаковы; газовое/жидкое топливо без расхода фонового O2.,Фазы одинаковы; свободные gas грани и доступный O2 для горения.,"OP01–OP05; конкретный объём пары проверяется выбранной сценой, не всей строкой.",Контракт записан; полная приёмка пары не выполнена,../oil/PASSPORT.md; ../frozen_oil/PASSPORT.md; ../oil_vapour/PASSPORT.md; ../oil/OIL_PHASE_CONTRACT.md,oil phases
core:wet_charcoal__core:oil_vapour,core:wet_charcoal,core:oil_vapour,H+L+G+O,"Новая фаза масла; общие контакт/тепло/перенос, отдельная химия не объявлена.","Фазовая энергия/масса; solid прекращает течение, vapour возвращается в oil; стены/среды сохраняются.",Фазы одинаковы; газовое/жидкое топливо без расхода фонового O2.,Фазы одинаковы; свободные gas грани и доступный O2 для горения.,"OP01–OP05; конкретный объём пары проверяется выбранной сценой, не всей строкой.",Контракт записан; полная приёмка пары не выполнена,../oil/PASSPORT.md; ../frozen_oil/PASSPORT.md; ../oil_vapour/PASSPORT.md; ../oil/OIL_PHASE_CONTRACT.md,oil phases
core:stone_coal__core:frozen_oil,core:stone_coal,core:frozen_oil,H+S+L,"Новая фаза масла; общие контакт/тепло/перенос, отдельная химия не объявлена.","Фазовая энергия/масса; solid прекращает течение, vapour возвращается в oil; стены/среды сохраняются.",Фазы одинаковы; газовое/жидкое топливо без расхода фонового O2.,Фазы одинаковы; свободные gas грани и доступный O2 для горения.,"OP01–OP05; конкретный объём пары проверяется выбранной сценой, не всей строкой.",Контракт записан; полная приёмка пары не выполнена,../oil/PASSPORT.md; ../frozen_oil/PASSPORT.md; ../oil_vapour/PASSPORT.md; ../oil/OIL_PHASE_CONTRACT.md,oil phases
core:stone_coal__core:oil_vapour,core:stone_coal,core:oil_vapour,H+L+G+O+I,"Новая фаза масла; общие контакт/тепло/перенос, отдельная химия не объявлена.","Фазовая энергия/масса; solid прекращает течение, vapour возвращается в oil; стены/среды сохраняются.",Фазы одинаковы; газовое/жидкое топливо без расхода фонового O2.,Фазы одинаковы; свободные gas грани и доступный O2 для горения.,"OP01–OP05; конкретный объём пары проверяется выбранной сценой, не всей строкой.",Контракт записан; полная приёмка пары не выполнена,../oil/PASSPORT.md; ../frozen_oil/PASSPORT.md; ../oil_vapour/PASSPORT.md; ../oil/OIL_PHASE_CONTRACT.md,oil phases
core:gunpowder__core:frozen_oil,core:gunpowder,core:frozen_oil,H+S+L,"Новая фаза масла; общие контакт/тепло/перенос, отдельная химия не объявлена.","Фазовая энергия/масса; solid прекращает течение, vapour возвращается в oil; стены/среды сохраняются.",Фазы одинаковы; газовое/жидкое топливо без расхода фонового O2.,Фазы одинаковы; свободные gas грани и доступный O2 для горения.,"OP01–OP05; конкретный объём пары проверяется выбранной сценой, не всей строкой.",Контракт записан; полная приёмка пары не выполнена,../oil/PASSPORT.md; ../frozen_oil/PASSPORT.md; ../oil_vapour/PASSPORT.md; ../oil/OIL_PHASE_CONTRACT.md,oil phases
core:gunpowder__core:oil_vapour,core:gunpowder,core:oil_vapour,H+L+G+O,"Новая фаза масла; общие контакт/тепло/перенос, отдельная химия не объявлена.","Фазовая энергия/масса; solid прекращает течение, vapour возвращается в oil; стены/среды сохраняются.",Фазы одинаковы; газовое/жидкое топливо без расхода фонового O2.,Фазы одинаковы; свободные gas грани и доступный O2 для горения.,"OP01–OP05; конкретный объём пары проверяется выбранной сценой, не всей строкой.",Контракт записан; полная приёмка пары не выполнена,../oil/PASSPORT.md; ../frozen_oil/PASSPORT.md; ../oil_vapour/PASSPORT.md; ../oil/OIL_PHASE_CONTRACT.md,oil phases
core:fire__core:frozen_oil,core:fire,core:frozen_oil,H+S+G,"Новая фаза масла; общие контакт/тепло/перенос, отдельная химия не объявлена.","Фазовая энергия/масса; solid прекращает течение, vapour возвращается в oil; стены/среды сохраняются.",Фазы одинаковы; газовое/жидкое топливо без расхода фонового O2.,Фазы одинаковы; свободные gas грани и доступный O2 для горения.,"OP01–OP05; конкретный объём пары проверяется выбранной сценой, не всей строкой.",Контракт записан; полная приёмка пары не выполнена,../oil/PASSPORT.md; ../frozen_oil/PASSPORT.md; ../oil_vapour/PASSPORT.md; ../oil/OIL_PHASE_CONTRACT.md,oil phases
core:fire__core:oil_vapour,core:fire,core:oil_vapour,H+G+O+I,"Новая фаза масла; общие контакт/тепло/перенос, отдельная химия не объявлена.","Фазовая энергия/масса; solid прекращает течение, vapour возвращается в oil; стены/среды сохраняются.",Фазы одинаковы; газовое/жидкое топливо без расхода фонового O2.,Фазы одинаковы; свободные gas грани и доступный O2 для горения.,"OP01–OP05; конкретный объём пары проверяется выбранной сценой, не всей строкой.",Контракт записан; полная приёмка пары не выполнена,../oil/PASSPORT.md; ../frozen_oil/PASSPORT.md; ../oil_vapour/PASSPORT.md; ../oil/OIL_PHASE_CONTRACT.md,oil phases
core:smoke__core:frozen_oil,core:smoke,core:frozen_oil,H+S+G,"Новая фаза масла; общие контакт/тепло/перенос, отдельная химия не объявлена.","Фазовая энергия/масса; solid прекращает течение, vapour возвращается в oil; стены/среды сохраняются.",Фазы одинаковы; газовое/жидкое топливо без расхода фонового O2.,Фазы одинаковы; свободные gas грани и доступный O2 для горения.,"OP01–OP05; конкретный объём пары проверяется выбранной сценой, не всей строкой.",Контракт записан; полная приёмка пары не выполнена,../oil/PASSPORT.md; ../frozen_oil/PASSPORT.md; ../oil_vapour/PASSPORT.md; ../oil/OIL_PHASE_CONTRACT.md,oil phases
core:smoke__core:oil_vapour,core:smoke,core:oil_vapour,H+G+O,"Новая фаза масла; общие контакт/тепло/перенос, отдельная химия не объявлена.","Фазовая энергия/масса; solid прекращает течение, vapour возвращается в oil; стены/среды сохраняются.",Фазы одинаковы; газовое/жидкое топливо без расхода фонового O2.,Фазы одинаковы; свободные gas грани и доступный O2 для горения.,"OP01–OP05; конкретный объём пары проверяется выбранной сценой, не всей строкой.",Контракт записан; полная приёмка пары не выполнена,../oil/PASSPORT.md; ../frozen_oil/PASSPORT.md; ../oil_vapour/PASSPORT.md; ../oil/OIL_PHASE_CONTRACT.md,oil phases
core:co2__core:frozen_oil,core:co2,core:frozen_oil,H+S+G,"Новая фаза масла; общие контакт/тепло/перенос, отдельная химия не объявлена.","Фазовая энергия/масса; solid прекращает течение, vapour возвращается в oil; стены/среды сохраняются.",Фазы одинаковы; газовое/жидкое топливо без расхода фонового O2.,Фазы одинаковы; свободные gas грани и доступный O2 для горения.,"OP01–OP05; конкретный объём пары проверяется выбранной сценой, не всей строкой.",Контракт записан; полная приёмка пары не выполнена,../oil/PASSPORT.md; ../frozen_oil/PASSPORT.md; ../oil_vapour/PASSPORT.md; ../oil/OIL_PHASE_CONTRACT.md,oil phases
core:co2__core:oil_vapour,core:co2,core:oil_vapour,H+G+O,"Новая фаза масла; общие контакт/тепло/перенос, отдельная химия не объявлена.","Фазовая энергия/масса; solid прекращает течение, vapour возвращается в oil; стены/среды сохраняются.",Фазы одинаковы; газовое/жидкое топливо без расхода фонового O2.,Фазы одинаковы; свободные gas грани и доступный O2 для горения.,"OP01–OP05; конкретный объём пары проверяется выбранной сценой, не всей строкой.",Контракт записан; полная приёмка пары не выполнена,../oil/PASSPORT.md; ../frozen_oil/PASSPORT.md; ../oil_vapour/PASSPORT.md; ../oil/OIL_PHASE_CONTRACT.md,oil phases
core:heater__core:frozen_oil,core:heater,core:frozen_oil,H+S+Q,"Новая фаза масла; общие контакт/тепло/перенос, отдельная химия не объявлена.","Фазовая энергия/масса; solid прекращает течение, vapour возвращается в oil; стены/среды сохраняются.",Фазы одинаковы; газовое/жидкое топливо без расхода фонового O2.,Фазы одинаковы; свободные gas грани и доступный O2 для горения.,"OP01–OP05; конкретный объём пары проверяется выбранной сценой, не всей строкой.",Контракт записан; полная приёмка пары не выполнена,../oil/PASSPORT.md; ../frozen_oil/PASSPORT.md; ../oil_vapour/PASSPORT.md; ../oil/OIL_PHASE_CONTRACT.md,oil phases
core:heater__core:oil_vapour,core:heater,core:oil_vapour,H+S+G+Q+O,"Новая фаза масла; общие контакт/тепло/перенос, отдельная химия не объявлена.","Фазовая энергия/масса; solid прекращает течение, vapour возвращается в oil; стены/среды сохраняются.",Фазы одинаковы; газовое/жидкое топливо без расхода фонового O2.,Фазы одинаковы; свободные gas грани и доступный O2 для горения.,"OP01–OP05; конкретный объём пары проверяется выбранной сценой, не всей строкой.",Контракт записан; полная приёмка пары не выполнена,../oil/PASSPORT.md; ../frozen_oil/PASSPORT.md; ../oil_vapour/PASSPORT.md; ../oil/OIL_PHASE_CONTRACT.md,oil phases
core:cooler__core:frozen_oil,core:cooler,core:frozen_oil,H+S+Q,"Новая фаза масла; общие контакт/тепло/перенос, отдельная химия не объявлена.","Фазовая энергия/масса; solid прекращает течение, vapour возвращается в oil; стены/среды сохраняются.",Фазы одинаковы; газовое/жидкое топливо без расхода фонового O2.,Фазы одинаковы; свободные gas грани и доступный O2 для горения.,"OP01–OP05; конкретный объём пары проверяется выбранной сценой, не всей строкой.",Контракт записан; полная приёмка пары не выполнена,../oil/PASSPORT.md; ../frozen_oil/PASSPORT.md; ../oil_vapour/PASSPORT.md; ../oil/OIL_PHASE_CONTRACT.md,oil phases
core:cooler__core:oil_vapour,core:cooler,core:oil_vapour,H+S+G+Q+O,"Новая фаза масла; общие контакт/тепло/перенос, отдельная химия не объявлена.","Фазовая энергия/масса; solid прекращает течение, vapour возвращается в oil; стены/среды сохраняются.",Фазы одинаковы; газовое/жидкое топливо без расхода фонового O2.,Фазы одинаковы; свободные gas грани и доступный O2 для горения.,"OP01–OP05; конкретный объём пары проверяется выбранной сценой, не всей строкой.",Контракт записан; полная приёмка пары не выполнена,../oil/PASSPORT.md; ../frozen_oil/PASSPORT.md; ../oil_vapour/PASSPORT.md; ../oil/OIL_PHASE_CONTRACT.md,oil phases
core:empty__core:frozen_oil,core:empty,core:frozen_oil,B,"Новая фаза масла; общие контакт/тепло/перенос, отдельная химия не объявлена.","Фазовая энергия/масса; solid прекращает течение, vapour возвращается в oil; стены/среды сохраняются.",Фазы одинаковы; газовое/жидкое топливо без расхода фонового O2.,Фазы одинаковы; свободные gas грани и доступный O2 для горения.,"OP01–OP05; конкретный объём пары проверяется выбранной сценой, не всей строкой.",Контракт записан; полная приёмка пары не выполнена,../oil/PASSPORT.md; ../frozen_oil/PASSPORT.md; ../oil_vapour/PASSPORT.md; ../oil/OIL_PHASE_CONTRACT.md,oil phases
core:empty__core:oil_vapour,core:empty,core:oil_vapour,B,"Новая фаза масла; общие контакт/тепло/перенос, отдельная химия не объявлена.","Фазовая энергия/масса; solid прекращает течение, vapour возвращается в oil; стены/среды сохраняются.",Фазы одинаковы; газовое/жидкое топливо без расхода фонового O2.,Фазы одинаковы; свободные gas грани и доступный O2 для горения.,"OP01–OP05; конкретный объём пары проверяется выбранной сценой, не всей строкой.",Контракт записан; полная приёмка пары не выполнена,../oil/PASSPORT.md; ../frozen_oil/PASSPORT.md; ../oil_vapour/PASSPORT.md; ../oil/OIL_PHASE_CONTRACT.md,oil phases
core:eraser__core:frozen_oil,core:eraser,core:frozen_oil,R,"Новая фаза масла; общие контакт/тепло/перенос, отдельная химия не объявлена.","Фазовая энергия/масса; solid прекращает течение, vapour возвращается в oil; стены/среды сохраняются.",Фазы одинаковы; газовое/жидкое топливо без расхода фонового O2.,Фазы одинаковы; свободные gas грани и доступный O2 для горения.,"OP01–OP05; конкретный объём пары проверяется выбранной сценой, не всей строкой.",Контракт записан; полная приёмка пары не выполнена,../oil/PASSPORT.md; ../frozen_oil/PASSPORT.md; ../oil_vapour/PASSPORT.md; ../oil/OIL_PHASE_CONTRACT.md,oil phases
core:eraser__core:oil_vapour,core:eraser,core:oil_vapour,R,"Новая фаза масла; общие контакт/тепло/перенос, отдельная химия не объявлена.","Фазовая энергия/масса; solid прекращает течение, vapour возвращается в oil; стены/среды сохраняются.",Фазы одинаковы; газовое/жидкое топливо без расхода фонового O2.,Фазы одинаковы; свободные gas грани и доступный O2 для горения.,"OP01–OP05; конкретный объём пары проверяется выбранной сценой, не всей строкой.",Контракт записан; полная приёмка пары не выполнена,../oil/PASSPORT.md; ../frozen_oil/PASSPORT.md; ../oil_vapour/PASSPORT.md; ../oil/OIL_PHASE_CONTRACT.md,oil phases
core:oil__core:frozen_oil,core:oil,core:frozen_oil,H+S+L+F+OL+AB,"Новая фаза масла; общие контакт/тепло/перенос, отдельная химия не объявлена. OP: определена модель парафинового масла/гексадекана; свободные фазы и раздельные пороги поджига. OP: оплаченные freeze/melt, плато, остановка, масса/энтальпия. FB: свободные компактные тела движутся по Density независимо от гравитации построек; не привариваются к сосуду. BB: свободные куски независимы от гравитации построек; наклон по массе/опоре/вытеснению. OL: физика не менялась; дополнительно проверены локальность области масла и индивидуальные массы/Q на длинном склоне. AB2026-10-05: объёмное впитывание water/oil не включено; отдельный поровый запас не возникает.","Фазовая энергия/масса; solid прекращает течение, vapour возвращается в oil; стены/среды сохраняются.",Фазы одинаковы; газовое/жидкое топливо без расхода фонового O2.,Фазы одинаковы; свободные gas грани и доступный O2 для горения.,"OP01–OP05; конкретный объём пары проверяется выбранной сценой, не всей строкой. OP01–OP05: выбранные циклы/реакция/full frames/pause/writer14/reload. FB01–FB06: плавание/оседание, тонкий кусок, препятствия, платное плавление/застывание, сохранение; выбранная область. BB01–BB04: выбранные баланс/опора/перенос/пауза/reload, без угловой инерции. OL01–OL04: подача/покрытие неподвижного и свободного склона, оба режима/гидравлика/30–100FPS. AB: water/oil и обе модели; stock/color/ledger для пористых, отсутствие запаса для остальных.","Контракт записан; полная приёмка пары не выполнена; OP выбранные проверки PASS, полная пара не принята; FB выбранные механические/фазовые сценарии PASS2026-10-04, не полная приёмка пары; BB выбранные механические проверки PASS, полная пара не принята; OL выбранные проверки PASS2026-10-05; исходные три удалённых пятна не воспроизведены, полная пара не принята; AB впитываемость PASS2026-10-05, не полная приёмка пары",../oil/PASSPORT.md; ../frozen_oil/PASSPORT.md; ../oil_vapour/PASSPORT.md; ../oil/OIL_PHASE_CONTRACT.md; ../oil/OIL_PHASE_CONTRACT.md; ../oil/OIL_PHASE_CONTRACT.md; ../oil/OIL_PHASE_RESULTS.md; FROZEN_BODY_CONTRACT.md; ../../FROZEN_BODY_RESULTS.md; BODY_BALANCE_CONTRACT.md; ../../BODY_BALANCE_RESULTS.md; ../oil/OIL_LOCALITY_CONTRACT.md; ../oil/OIL_LOCALITY_RESULTS.md; ABSORPTION_CONTRACT.md; ../../ABSORPTION_RESULTS.md,oil phases
core:oil__core:oil_vapour,core:oil,core:oil_vapour,H+L+G+F+O+AB,"Новая фаза масла; общие контакт/тепло/перенос, отдельная химия не объявлена. OP: определена модель парафинового масла/гексадекана; свободные фазы и раздельные пороги поджига. OP: оплаченные boil/condense, масса/энтальпия и одинаковый выход продуктов на единицу топлива. AB2026-10-05: объёмное впитывание water/oil не включено; отдельный поровый запас не возникает.","Фазовая энергия/масса; solid прекращает течение, vapour возвращается в oil; стены/среды сохраняются.",Фазы одинаковы; газовое/жидкое топливо без расхода фонового O2.,Фазы одинаковы; свободные gas грани и доступный O2 для горения.,"OP01–OP05; конкретный объём пары проверяется выбранной сценой, не всей строкой. OP01–OP05: выбранные циклы/реакция/full frames/pause/writer14/reload. AB: water/oil и обе модели; stock/color/ledger для пористых, отсутствие запаса для остальных.","Контракт записан; полная приёмка пары не выполнена; OP выбранные проверки PASS, полная пара не принята; AB впитываемость PASS2026-10-05, не полная приёмка пары",../oil/PASSPORT.md; ../frozen_oil/PASSPORT.md; ../oil_vapour/PASSPORT.md; ../oil/OIL_PHASE_CONTRACT.md; ../oil/OIL_PHASE_CONTRACT.md; ../oil/OIL_PHASE_CONTRACT.md; ../oil/OIL_PHASE_RESULTS.md; ABSORPTION_CONTRACT.md; ../../ABSORPTION_RESULTS.md,oil phases
core:frozen_oil__core:frozen_oil,core:frozen_oil,core:frozen_oil,H+S,"Новая фаза масла; общие контакт/тепло/перенос, отдельная химия не объявлена.","Фазовая энергия/масса; solid прекращает течение, vapour возвращается в oil; стены/среды сохраняются.",Фазы одинаковы; газовое/жидкое топливо без расхода фонового O2.,Фазы одинаковы; свободные gas грани и доступный O2 для горения.,"OP01–OP05; конкретный объём пары проверяется выбранной сценой, не всей строкой.",Контракт записан; полная приёмка пары не выполнена,../oil/PASSPORT.md; ../frozen_oil/PASSPORT.md; ../oil_vapour/PASSPORT.md; ../oil/OIL_PHASE_CONTRACT.md,oil phases
core:frozen_oil__core:oil_vapour,core:frozen_oil,core:oil_vapour,H+S+G+O,"Новая фаза масла; общие контакт/тепло/перенос, отдельная химия не объявлена.","Фазовая энергия/масса; solid прекращает течение, vapour возвращается в oil; стены/среды сохраняются.",Фазы одинаковы; газовое/жидкое топливо без расхода фонового O2.,Фазы одинаковы; свободные gas грани и доступный O2 для горения.,"OP01–OP05; конкретный объём пары проверяется выбранной сценой, не всей строкой.",Контракт записан; полная приёмка пары не выполнена,../oil/PASSPORT.md; ../frozen_oil/PASSPORT.md; ../oil_vapour/PASSPORT.md; ../oil/OIL_PHASE_CONTRACT.md,oil phases
core:oil_vapour__core:oil_vapour,core:oil_vapour,core:oil_vapour,H+G+O,"Новая фаза масла; общие контакт/тепло/перенос, отдельная химия не объявлена.","Фазовая энергия/масса; solid прекращает течение, vapour возвращается в oil; стены/среды сохраняются.",Фазы одинаковы; газовое/жидкое топливо без расхода фонового O2.,Фазы одинаковы; свободные gas грани и доступный O2 для горения.,"OP01–OP05; конкретный объём пары проверяется выбранной сценой, не всей строкой.",Контракт записан; полная приёмка пары не выполнена,../oil/PASSPORT.md; ../frozen_oil/PASSPORT.md; ../oil_vapour/PASSPORT.md; ../oil/OIL_PHASE_CONTRACT.md,oil phases
core:sand__core:steel,core:sand,core:steel,H+S+L+MA,"Общий контакт, перенос и обратимая энтальпия; новой химии нет.",Сохранить Mass/h; каждый расплав возвращается в свой ID; расплав не входит в поры.,Общие фазы/тепло; топливо без ограничения O2.,Те же фазы/тепло; топливо учитывает O2.,MA01-03 фазы/тепло/перенос/save-load; MA05 исключение пор.,Контракт; полная приёмка пары не выполнена,ALLOYS_CONTRACT.md; ../sand/PASSPORT.md; ../steel/PASSPORT.md,MA
core:water__core:steel,core:water,core:steel,H+S+L+MA,"Общий контакт, перенос и обратимая энтальпия; новой химии нет.",Сохранить Mass/h; каждый расплав возвращается в свой ID; расплав не входит в поры.,Общие фазы/тепло; топливо без ограничения O2.,Те же фазы/тепло; топливо учитывает O2.,MA01-03 фазы/тепло/перенос/save-load; MA05 исключение пор.,MA02 выбранные сценарии PASS; полная приёмка пары не выполнена,ALLOYS_CONTRACT.md; ../water/PASSPORT.md; ../steel/PASSPORT.md; ../../ALLOYS_RESULTS.md,MA
core:ice__core:steel,core:ice,core:steel,H+S+L+MA,"Общий контакт, перенос и обратимая энтальпия; новой химии нет.",Сохранить Mass/h; каждый расплав возвращается в свой ID; расплав не входит в поры.,Общие фазы/тепло; топливо без ограничения O2.,Те же фазы/тепло; топливо учитывает O2.,MA01-03 фазы/тепло/перенос/save-load; MA05 исключение пор.,Контракт; полная приёмка пары не выполнена,ALLOYS_CONTRACT.md; ../ice/PASSPORT.md; ../steel/PASSPORT.md,MA
core:steam__core:steel,core:steam,core:steel,H+S+L+MA,"Общий контакт, перенос и обратимая энтальпия; новой химии нет.",Сохранить Mass/h; каждый расплав возвращается в свой ID; расплав не входит в поры.,Общие фазы/тепло; топливо без ограничения O2.,Те же фазы/тепло; топливо учитывает O2.,MA01-03 фазы/тепло/перенос/save-load; MA05 исключение пор.,Контракт; полная приёмка пары не выполнена,ALLOYS_CONTRACT.md; ../steam/PASSPORT.md; ../steel/PASSPORT.md,MA
core:metal__core:steel,core:metal,core:steel,H+S+L+MA,"Общий контакт, перенос и обратимая энтальпия; новой химии нет.",Сохранить Mass/h; каждый расплав возвращается в свой ID; расплав не входит в поры.,Общие фазы/тепло; топливо без ограничения O2.,Те же фазы/тепло; топливо учитывает O2.,MA01-03 фазы/тепло/перенос/save-load; MA05 исключение пор.,Контракт; полная приёмка пары не выполнена,ALLOYS_CONTRACT.md; ../metal/PASSPORT.md; ../steel/PASSPORT.md,MA
core:molten_metal__core:steel,core:molten_metal,core:steel,H+S+L+MA,"Общий контакт, перенос и обратимая энтальпия; новой химии нет.",Сохранить Mass/h; каждый расплав возвращается в свой ID; расплав не входит в поры.,Общие фазы/тепло; топливо без ограничения O2.,Те же фазы/тепло; топливо учитывает O2.,MA01-03 фазы/тепло/перенос/save-load; MA05 исключение пор.,Контракт; полная приёмка пары не выполнена,ALLOYS_CONTRACT.md; ../molten_metal/PASSPORT.md; ../steel/PASSPORT.md,MA
core:stone__core:steel,core:stone,core:steel,H+S+L+MA,"Общий контакт, перенос и обратимая энтальпия; новой химии нет.",Сохранить Mass/h; каждый расплав возвращается в свой ID; расплав не входит в поры.,Общие фазы/тепло; топливо без ограничения O2.,Те же фазы/тепло; топливо учитывает O2.,MA01-03 фазы/тепло/перенос/save-load; MA05 исключение пор.,Контракт; полная приёмка пары не выполнена,ALLOYS_CONTRACT.md; ../stone/PASSPORT.md; ../steel/PASSPORT.md,MA
core:fixture__core:steel,core:fixture,core:steel,H+S+L+MA,"Общий контакт, перенос и обратимая энтальпия; новой химии нет.",Сохранить Mass/h; каждый расплав возвращается в свой ID; расплав не входит в поры.,Общие фазы/тепло; топливо без ограничения O2.,Те же фазы/тепло; топливо учитывает O2.,MA01-03 фазы/тепло/перенос/save-load; MA05 исключение пор.,Контракт; полная приёмка пары не выполнена,ALLOYS_CONTRACT.md; ../fixture/PASSPORT.md; ../steel/PASSPORT.md,MA
core:wood__core:steel,core:wood,core:steel,H+S+L+MA,"Общий контакт, перенос и обратимая энтальпия; новой химии нет.",Сохранить Mass/h; каждый расплав возвращается в свой ID; расплав не входит в поры.,Общие фазы/тепло; топливо без ограничения O2.,Те же фазы/тепло; топливо учитывает O2.,MA01-03 фазы/тепло/перенос/save-load; MA05 исключение пор.,Контракт; полная приёмка пары не выполнена,ALLOYS_CONTRACT.md; ../wood/PASSPORT.md; ../steel/PASSPORT.md,MA
core:coal__core:steel,core:coal,core:steel,H+S+L+MA,"Общий контакт, перенос и обратимая энтальпия; новой химии нет.",Сохранить Mass/h; каждый расплав возвращается в свой ID; расплав не входит в поры.,Общие фазы/тепло; топливо без ограничения O2.,Те же фазы/тепло; топливо учитывает O2.,MA01-03 фазы/тепло/перенос/save-load; MA05 исключение пор.,Контракт; полная приёмка пары не выполнена,ALLOYS_CONTRACT.md; ../coal/PASSPORT.md; ../steel/PASSPORT.md,MA
core:wet_charcoal__core:steel,core:wet_charcoal,core:steel,H+S+L+MA,"Общий контакт, перенос и обратимая энтальпия; новой химии нет.",Сохранить Mass/h; каждый расплав возвращается в свой ID; расплав не входит в поры.,Общие фазы/тепло; топливо без ограничения O2.,Те же фазы/тепло; топливо учитывает O2.,MA01-03 фазы/тепло/перенос/save-load; MA05 исключение пор.,Контракт; полная приёмка пары не выполнена,ALLOYS_CONTRACT.md; ../wet_charcoal/PASSPORT.md; ../steel/PASSPORT.md,MA
core:stone_coal__core:steel,core:stone_coal,core:steel,H+S+L+MA,"Общий контакт, перенос и обратимая энтальпия; новой химии нет.",Сохранить Mass/h; каждый расплав возвращается в свой ID; расплав не входит в поры.,Общие фазы/тепло; топливо без ограничения O2.,Те же фазы/тепло; топливо учитывает O2.,MA01-03 фазы/тепло/перенос/save-load; MA05 исключение пор.,Контракт; полная приёмка пары не выполнена,ALLOYS_CONTRACT.md; ../stone_coal/PASSPORT.md; ../steel/PASSPORT.md,MA
core:gunpowder__core:steel,core:gunpowder,core:steel,H+S+L+MA,"Общий контакт, перенос и обратимая энтальпия; новой химии нет.",Сохранить Mass/h; каждый расплав возвращается в свой ID; расплав не входит в поры.,Общие фазы/тепло; топливо без ограничения O2.,Те же фазы/тепло; топливо учитывает O2.,MA01-03 фазы/тепло/перенос/save-load; MA05 исключение пор.,Контракт; полная приёмка пары не выполнена,ALLOYS_CONTRACT.md; ../gunpowder/PASSPORT.md; ../steel/PASSPORT.md,MA
core:fire__core:steel,core:fire,core:steel,H+S+L+MA,"Общий контакт, перенос и обратимая энтальпия; новой химии нет.",Сохранить Mass/h; каждый расплав возвращается в свой ID; расплав не входит в поры.,Общие фазы/тепло; топливо без ограничения O2.,Те же фазы/тепло; топливо учитывает O2.,MA01-03 фазы/тепло/перенос/save-load; MA05 исключение пор.,Контракт; полная приёмка пары не выполнена,ALLOYS_CONTRACT.md; ../fire/PASSPORT.md; ../steel/PASSPORT.md,MA
core:smoke__core:steel,core:smoke,core:steel,H+S+L+MA,"Общий контакт, перенос и обратимая энтальпия; новой химии нет.",Сохранить Mass/h; каждый расплав возвращается в свой ID; расплав не входит в поры.,Общие фазы/тепло; топливо без ограничения O2.,Те же фазы/тепло; топливо учитывает O2.,MA01-03 фазы/тепло/перенос/save-load; MA05 исключение пор.,Контракт; полная приёмка пары не выполнена,ALLOYS_CONTRACT.md; ../smoke/PASSPORT.md; ../steel/PASSPORT.md,MA
core:co2__core:steel,core:co2,core:steel,H+S+L+MA,"Общий контакт, перенос и обратимая энтальпия; новой химии нет.",Сохранить Mass/h; каждый расплав возвращается в свой ID; расплав не входит в поры.,Общие фазы/тепло; топливо без ограничения O2.,Те же фазы/тепло; топливо учитывает O2.,MA01-03 фазы/тепло/перенос/save-load; MA05 исключение пор.,Контракт; полная приёмка пары не выполнена,ALLOYS_CONTRACT.md; ../co2/PASSPORT.md; ../steel/PASSPORT.md,MA
core:heater__core:steel,core:heater,core:steel,H+S+L+MA,"Общий контакт, перенос и обратимая энтальпия; новой химии нет.",Сохранить Mass/h; каждый расплав возвращается в свой ID; расплав не входит в поры.,Общие фазы/тепло; топливо без ограничения O2.,Те же фазы/тепло; топливо учитывает O2.,MA01-03 фазы/тепло/перенос/save-load; MA05 исключение пор.,Контракт; полная приёмка пары не выполнена,ALLOYS_CONTRACT.md; ../heater/PASSPORT.md; ../steel/PASSPORT.md,MA
core:cooler__core:steel,core:cooler,core:steel,H+S+L+MA,"Общий контакт, перенос и обратимая энтальпия; новой химии нет.",Сохранить Mass/h; каждый расплав возвращается в свой ID; расплав не входит в поры.,Общие фазы/тепло; топливо без ограничения O2.,Те же фазы/тепло; топливо учитывает O2.,MA01-03 фазы/тепло/перенос/save-load; MA05 исключение пор.,Контракт; полная приёмка пары не выполнена,ALLOYS_CONTRACT.md; ../cooler/PASSPORT.md; ../steel/PASSPORT.md,MA
core:empty__core:steel,core:empty,core:steel,H+S+L+MA,"Общий контакт, перенос и обратимая энтальпия; новой химии нет.",Сохранить Mass/h; каждый расплав возвращается в свой ID; расплав не входит в поры.,Общие фазы/тепло; топливо без ограничения O2.,Те же фазы/тепло; топливо учитывает O2.,MA01-03 фазы/тепло/перенос/save-load; MA05 исключение пор.,Контракт; полная приёмка пары не выполнена,ALLOYS_CONTRACT.md; ../empty/PASSPORT.md; ../steel/PASSPORT.md,MA
core:eraser__core:steel,core:eraser,core:steel,H+S+L+MA,"Общий контакт, перенос и обратимая энтальпия; новой химии нет.",Сохранить Mass/h; каждый расплав возвращается в свой ID; расплав не входит в поры.,Общие фазы/тепло; топливо без ограничения O2.,Те же фазы/тепло; топливо учитывает O2.,MA01-03 фазы/тепло/перенос/save-load; MA05 исключение пор.,Контракт; полная приёмка пары не выполнена,ALLOYS_CONTRACT.md; ../eraser/PASSPORT.md; ../steel/PASSPORT.md,MA
core:oil__core:steel,core:oil,core:steel,H+S+L+MA,"Общий контакт, перенос и обратимая энтальпия; новой химии нет.",Сохранить Mass/h; каждый расплав возвращается в свой ID; расплав не входит в поры.,Общие фазы/тепло; топливо без ограничения O2.,Те же фазы/тепло; топливо учитывает O2.,MA01-03 фазы/тепло/перенос/save-load; MA05 исключение пор.,Контракт; полная приёмка пары не выполнена,ALLOYS_CONTRACT.md; ../oil/PASSPORT.md; ../steel/PASSPORT.md,MA
core:frozen_oil__core:steel,core:frozen_oil,core:steel,H+S+L+MA,"Общий контакт, перенос и обратимая энтальпия; новой химии нет.",Сохранить Mass/h; каждый расплав возвращается в свой ID; расплав не входит в поры.,Общие фазы/тепло; топливо без ограничения O2.,Те же фазы/тепло; топливо учитывает O2.,MA01-03 фазы/тепло/перенос/save-load; MA05 исключение пор.,Контракт; полная приёмка пары не выполнена,ALLOYS_CONTRACT.md; ../frozen_oil/PASSPORT.md; ../steel/PASSPORT.md,MA
core:oil_vapour__core:steel,core:oil_vapour,core:steel,H+S+L+MA,"Общий контакт, перенос и обратимая энтальпия; новой химии нет.",Сохранить Mass/h; каждый расплав возвращается в свой ID; расплав не входит в поры.,Общие фазы/тепло; топливо без ограничения O2.,Те же фазы/тепло; топливо учитывает O2.,MA01-03 фазы/тепло/перенос/save-load; MA05 исключение пор.,Контракт; полная приёмка пары не выполнена,ALLOYS_CONTRACT.md; ../oil_vapour/PASSPORT.md; ../steel/PASSPORT.md,MA
core:steel__core:steel,core:steel,core:steel,H+S+L+MA,"Общий контакт, перенос и обратимая энтальпия; новой химии нет.",Сохранить Mass/h; каждый расплав возвращается в свой ID; расплав не входит в поры.,Общие фазы/тепло; топливо без ограничения O2.,Те же фазы/тепло; топливо учитывает O2.,MA01-03 фазы/тепло/перенос/save-load; MA05 исключение пор.,MA01/MA03 выбранные сценарии PASS; полная приёмка пары не выполнена,ALLOYS_CONTRACT.md; ../steel/PASSPORT.md; ../steel/PASSPORT.md; ../../ALLOYS_RESULTS.md,MA
core:sand__core:molten_steel,core:sand,core:molten_steel,H+S+L+MA,"Общий контакт, перенос и обратимая энтальпия; новой химии нет.",Сохранить Mass/h; каждый расплав возвращается в свой ID; расплав не входит в поры.,Общие фазы/тепло; топливо без ограничения O2.,Те же фазы/тепло; топливо учитывает O2.,MA01-03 фазы/тепло/перенос/save-load; MA05 исключение пор.,Контракт; полная приёмка пары не выполнена,ALLOYS_CONTRACT.md; ../sand/PASSPORT.md; ../molten_steel/PASSPORT.md,MA
core:water__core:molten_steel,core:water,core:molten_steel,H+S+L+MA,"Общий контакт, перенос и обратимая энтальпия; новой химии нет.",Сохранить Mass/h; каждый расплав возвращается в свой ID; расплав не входит в поры.,Общие фазы/тепло; топливо без ограничения O2.,Те же фазы/тепло; топливо учитывает O2.,MA01-03 фазы/тепло/перенос/save-load; MA05 исключение пор.,Контракт; полная приёмка пары не выполнена,ALLOYS_CONTRACT.md; ../water/PASSPORT.md; ../molten_steel/PASSPORT.md,MA
core:ice__core:molten_steel,core:ice,core:molten_steel,H+S+L+MA,"Общий контакт, перенос и обратимая энтальпия; новой химии нет.",Сохранить Mass/h; каждый расплав возвращается в свой ID; расплав не входит в поры.,Общие фазы/тепло; топливо без ограничения O2.,Те же фазы/тепло; топливо учитывает O2.,MA01-03 фазы/тепло/перенос/save-load; MA05 исключение пор.,Контракт; полная приёмка пары не выполнена,ALLOYS_CONTRACT.md; ../ice/PASSPORT.md; ../molten_steel/PASSPORT.md,MA
core:steam__core:molten_steel,core:steam,core:molten_steel,H+S+L+MA,"Общий контакт, перенос и обратимая энтальпия; новой химии нет.",Сохранить Mass/h; каждый расплав возвращается в свой ID; расплав не входит в поры.,Общие фазы/тепло; топливо без ограничения O2.,Те же фазы/тепло; топливо учитывает O2.,MA01-03 фазы/тепло/перенос/save-load; MA05 исключение пор.,Контракт; полная приёмка пары не выполнена,ALLOYS_CONTRACT.md; ../steam/PASSPORT.md; ../molten_steel/PASSPORT.md,MA
core:metal__core:molten_steel,core:metal,core:molten_steel,H+S+L+MA,"Общий контакт, перенос и обратимая энтальпия; новой химии нет.",Сохранить Mass/h; каждый расплав возвращается в свой ID; расплав не входит в поры.,Общие фазы/тепло; топливо без ограничения O2.,Те же фазы/тепло; топливо учитывает O2.,MA01-03 фазы/тепло/перенос/save-load; MA05 исключение пор.,Контракт; полная приёмка пары не выполнена,ALLOYS_CONTRACT.md; ../metal/PASSPORT.md; ../molten_steel/PASSPORT.md,MA
core:molten_metal__core:molten_steel,core:molten_metal,core:molten_steel,H+S+L+MA,"Общий контакт, перенос и обратимая энтальпия; новой химии нет.",Сохранить Mass/h; каждый расплав возвращается в свой ID; расплав не входит в поры.,Общие фазы/тепло; топливо без ограничения O2.,Те же фазы/тепло; топливо учитывает O2.,MA01-03 фазы/тепло/перенос/save-load; MA05 исключение пор.,Контракт; полная приёмка пары не выполнена,ALLOYS_CONTRACT.md; ../molten_metal/PASSPORT.md; ../molten_steel/PASSPORT.md,MA
core:stone__core:molten_steel,core:stone,core:molten_steel,H+S+L+MA,"Общий контакт, перенос и обратимая энтальпия; новой химии нет.",Сохранить Mass/h; каждый расплав возвращается в свой ID; расплав не входит в поры.,Общие фазы/тепло; топливо без ограничения O2.,Те же фазы/тепло; топливо учитывает O2.,MA01-03 фазы/тепло/перенос/save-load; MA05 исключение пор.,Контракт; полная приёмка пары не выполнена,ALLOYS_CONTRACT.md; ../stone/PASSPORT.md; ../molten_steel/PASSPORT.md,MA
core:fixture__core:molten_steel,core:fixture,core:molten_steel,H+S+L+MA,"Общий контакт, перенос и обратимая энтальпия; новой химии нет.",Сохранить Mass/h; каждый расплав возвращается в свой ID; расплав не входит в поры.,Общие фазы/тепло; топливо без ограничения O2.,Те же фазы/тепло; топливо учитывает O2.,MA01-03 фазы/тепло/перенос/save-load; MA05 исключение пор.,Контракт; полная приёмка пары не выполнена,ALLOYS_CONTRACT.md; ../fixture/PASSPORT.md; ../molten_steel/PASSPORT.md,MA
core:wood__core:molten_steel,core:wood,core:molten_steel,H+S+L+MA,"Общий контакт, перенос и обратимая энтальпия; новой химии нет.",Сохранить Mass/h; каждый расплав возвращается в свой ID; расплав не входит в поры.,Общие фазы/тепло; топливо без ограничения O2.,Те же фазы/тепло; топливо учитывает O2.,MA01-03 фазы/тепло/перенос/save-load; MA05 исключение пор.,Контракт; полная приёмка пары не выполнена,ALLOYS_CONTRACT.md; ../wood/PASSPORT.md; ../molten_steel/PASSPORT.md,MA
core:coal__core:molten_steel,core:coal,core:molten_steel,H+S+L+MA,"Общий контакт, перенос и обратимая энтальпия; новой химии нет.",Сохранить Mass/h; каждый расплав возвращается в свой ID; расплав не входит в поры.,Общие фазы/тепло; топливо без ограничения O2.,Те же фазы/тепло; топливо учитывает O2.,MA01-03 фазы/тепло/перенос/save-load; MA05 исключение пор.,MA05 выбранные сценарии PASS; полная приёмка пары не выполнена,ALLOYS_CONTRACT.md; ../coal/PASSPORT.md; ../molten_steel/PASSPORT.md; ../../ALLOYS_RESULTS.md,MA
core:wet_charcoal__core:molten_steel,core:wet_charcoal,core:molten_steel,H+S+L+MA,"Общий контакт, перенос и обратимая энтальпия; новой химии нет.",Сохранить Mass/h; каждый расплав возвращается в свой ID; расплав не входит в поры.,Общие фазы/тепло; топливо без ограничения O2.,Те же фазы/тепло; топливо учитывает O2.,MA01-03 фазы/тепло/перенос/save-load; MA05 исключение пор.,Контракт; полная приёмка пары не выполнена,ALLOYS_CONTRACT.md; ../wet_charcoal/PASSPORT.md; ../molten_steel/PASSPORT.md,MA
core:stone_coal__core:molten_steel,core:stone_coal,core:molten_steel,H+S+L+MA,"Общий контакт, перенос и обратимая энтальпия; новой химии нет.",Сохранить Mass/h; каждый расплав возвращается в свой ID; расплав не входит в поры.,Общие фазы/тепло; топливо без ограничения O2.,Те же фазы/тепло; топливо учитывает O2.,MA01-03 фазы/тепло/перенос/save-load; MA05 исключение пор.,Контракт; полная приёмка пары не выполнена,ALLOYS_CONTRACT.md; ../stone_coal/PASSPORT.md; ../molten_steel/PASSPORT.md,MA
core:gunpowder__core:molten_steel,core:gunpowder,core:molten_steel,H+S+L+MA,"Общий контакт, перенос и обратимая энтальпия; новой химии нет.",Сохранить Mass/h; каждый расплав возвращается в свой ID; расплав не входит в поры.,Общие фазы/тепло; топливо без ограничения O2.,Те же фазы/тепло; топливо учитывает O2.,MA01-03 фазы/тепло/перенос/save-load; MA05 исключение пор.,Контракт; полная приёмка пары не выполнена,ALLOYS_CONTRACT.md; ../gunpowder/PASSPORT.md; ../molten_steel/PASSPORT.md,MA
core:fire__core:molten_steel,core:fire,core:molten_steel,H+S+L+MA,"Общий контакт, перенос и обратимая энтальпия; новой химии нет.",Сохранить Mass/h; каждый расплав возвращается в свой ID; расплав не входит в поры.,Общие фазы/тепло; топливо без ограничения O2.,Те же фазы/тепло; топливо учитывает O2.,MA01-03 фазы/тепло/перенос/save-load; MA05 исключение пор.,Контракт; полная приёмка пары не выполнена,ALLOYS_CONTRACT.md; ../fire/PASSPORT.md; ../molten_steel/PASSPORT.md,MA
core:smoke__core:molten_steel,core:smoke,core:molten_steel,H+S+L+MA,"Общий контакт, перенос и обратимая энтальпия; новой химии нет.",Сохранить Mass/h; каждый расплав возвращается в свой ID; расплав не входит в поры.,Общие фазы/тепло; топливо без ограничения O2.,Те же фазы/тепло; топливо учитывает O2.,MA01-03 фазы/тепло/перенос/save-load; MA05 исключение пор.,Контракт; полная приёмка пары не выполнена,ALLOYS_CONTRACT.md; ../smoke/PASSPORT.md; ../molten_steel/PASSPORT.md,MA
core:co2__core:molten_steel,core:co2,core:molten_steel,H+S+L+MA,"Общий контакт, перенос и обратимая энтальпия; новой химии нет.",Сохранить Mass/h; каждый расплав возвращается в свой ID; расплав не входит в поры.,Общие фазы/тепло; топливо без ограничения O2.,Те же фазы/тепло; топливо учитывает O2.,MA01-03 фазы/тепло/перенос/save-load; MA05 исключение пор.,Контракт; полная приёмка пары не выполнена,ALLOYS_CONTRACT.md; ../co2/PASSPORT.md; ../molten_steel/PASSPORT.md,MA
core:heater__core:molten_steel,core:heater,core:molten_steel,H+S+L+MA,"Общий контакт, перенос и обратимая энтальпия; новой химии нет.",Сохранить Mass/h; каждый расплав возвращается в свой ID; расплав не входит в поры.,Общие фазы/тепло; топливо без ограничения O2.,Те же фазы/тепло; топливо учитывает O2.,MA01-03 фазы/тепло/перенос/save-load; MA05 исключение пор.,Контракт; полная приёмка пары не выполнена,ALLOYS_CONTRACT.md; ../heater/PASSPORT.md; ../molten_steel/PASSPORT.md,MA
core:cooler__core:molten_steel,core:cooler,core:molten_steel,H+S+L+MA,"Общий контакт, перенос и обратимая энтальпия; новой химии нет.",Сохранить Mass/h; каждый расплав возвращается в свой ID; расплав не входит в поры.,Общие фазы/тепло; топливо без ограничения O2.,Те же фазы/тепло; топливо учитывает O2.,MA01-03 фазы/тепло/перенос/save-load; MA05 исключение пор.,Контракт; полная приёмка пары не выполнена,ALLOYS_CONTRACT.md; ../cooler/PASSPORT.md; ../molten_steel/PASSPORT.md,MA
core:empty__core:molten_steel,core:empty,core:molten_steel,H+S+L+MA,"Общий контакт, перенос и обратимая энтальпия; новой химии нет.",Сохранить Mass/h; каждый расплав возвращается в свой ID; расплав не входит в поры.,Общие фазы/тепло; топливо без ограничения O2.,Те же фазы/тепло; топливо учитывает O2.,MA01-03 фазы/тепло/перенос/save-load; MA05 исключение пор.,Контракт; полная приёмка пары не выполнена,ALLOYS_CONTRACT.md; ../empty/PASSPORT.md; ../molten_steel/PASSPORT.md,MA
core:eraser__core:molten_steel,core:eraser,core:molten_steel,H+S+L+MA,"Общий контакт, перенос и обратимая энтальпия; новой химии нет.",Сохранить Mass/h; каждый расплав возвращается в свой ID; расплав не входит в поры.,Общие фазы/тепло; топливо без ограничения O2.,Те же фазы/тепло; топливо учитывает O2.,MA01-03 фазы/тепло/перенос/save-load; MA05 исключение пор.,Контракт; полная приёмка пары не выполнена,ALLOYS_CONTRACT.md; ../eraser/PASSPORT.md; ../molten_steel/PASSPORT.md,MA
core:oil__core:molten_steel,core:oil,core:molten_steel,H+S+L+MA,"Общий контакт, перенос и обратимая энтальпия; новой химии нет.",Сохранить Mass/h; каждый расплав возвращается в свой ID; расплав не входит в поры.,Общие фазы/тепло; топливо без ограничения O2.,Те же фазы/тепло; топливо учитывает O2.,MA01-03 фазы/тепло/перенос/save-load; MA05 исключение пор.,Контракт; полная приёмка пары не выполнена,ALLOYS_CONTRACT.md; ../oil/PASSPORT.md; ../molten_steel/PASSPORT.md,MA
core:frozen_oil__core:molten_steel,core:frozen_oil,core:molten_steel,H+S+L+MA,"Общий контакт, перенос и обратимая энтальпия; новой химии нет.",Сохранить Mass/h; каждый расплав возвращается в свой ID; расплав не входит в поры.,Общие фазы/тепло; топливо без ограничения O2.,Те же фазы/тепло; топливо учитывает O2.,MA01-03 фазы/тепло/перенос/save-load; MA05 исключение пор.,Контракт; полная приёмка пары не выполнена,ALLOYS_CONTRACT.md; ../frozen_oil/PASSPORT.md; ../molten_steel/PASSPORT.md,MA
core:oil_vapour__core:molten_steel,core:oil_vapour,core:molten_steel,H+S+L+MA,"Общий контакт, перенос и обратимая энтальпия; новой химии нет.",Сохранить Mass/h; каждый расплав возвращается в свой ID; расплав не входит в поры.,Общие фазы/тепло; топливо без ограничения O2.,Те же фазы/тепло; топливо учитывает O2.,MA01-03 фазы/тепло/перенос/save-load; MA05 исключение пор.,Контракт; полная приёмка пары не выполнена,ALLOYS_CONTRACT.md; ../oil_vapour/PASSPORT.md; ../molten_steel/PASSPORT.md,MA
core:steel__core:molten_steel,core:steel,core:molten_steel,H+S+L+MA,"Общий контакт, перенос и обратимая энтальпия; новой химии нет.",Сохранить Mass/h; каждый расплав возвращается в свой ID; расплав не входит в поры.,Общие фазы/тепло; топливо без ограничения O2.,Те же фазы/тепло; топливо учитывает O2.,MA01-03 фазы/тепло/перенос/save-load; MA05 исключение пор.,MA01/MA03 выбранные сценарии PASS; полная приёмка пары не выполнена,ALLOYS_CONTRACT.md; ../steel/PASSPORT.md; ../molten_steel/PASSPORT.md; ../../ALLOYS_RESULTS.md,MA
core:molten_steel__core:molten_steel,core:molten_steel,core:molten_steel,H+S+L+MA,"Общий контакт, перенос и обратимая энтальпия; новой химии нет.",Сохранить Mass/h; каждый расплав возвращается в свой ID; расплав не входит в поры.,Общие фазы/тепло; топливо без ограничения O2.,Те же фазы/тепло; топливо учитывает O2.,MA01-03 фазы/тепло/перенос/save-load; MA05 исключение пор.,MA01/MA03 выбранные сценарии PASS; полная приёмка пары не выполнена,ALLOYS_CONTRACT.md; ../molten_steel/PASSPORT.md; ../molten_steel/PASSPORT.md; ../../ALLOYS_RESULTS.md,MA
core:sand__core:cast_iron,core:sand,core:cast_iron,H+S+L+MA,"Общий контакт, перенос и обратимая энтальпия; новой химии нет.",Сохранить Mass/h; каждый расплав возвращается в свой ID; расплав не входит в поры.,Общие фазы/тепло; топливо без ограничения O2.,Те же фазы/тепло; топливо учитывает O2.,MA01-03 фазы/тепло/перенос/save-load; MA05 исключение пор.,Контракт; полная приёмка пары не выполнена,ALLOYS_CONTRACT.md; ../sand/PASSPORT.md; ../cast_iron/PASSPORT.md,MA
core:water__core:cast_iron,core:water,core:cast_iron,H+S+L+MA,"Общий контакт, перенос и обратимая энтальпия; новой химии нет.",Сохранить Mass/h; каждый расплав возвращается в свой ID; расплав не входит в поры.,Общие фазы/тепло; топливо без ограничения O2.,Те же фазы/тепло; топливо учитывает O2.,MA01-03 фазы/тепло/перенос/save-load; MA05 исключение пор.,MA02 выбранные сценарии PASS; полная приёмка пары не выполнена,ALLOYS_CONTRACT.md; ../water/PASSPORT.md; ../cast_iron/PASSPORT.md; ../../ALLOYS_RESULTS.md,MA
core:ice__core:cast_iron,core:ice,core:cast_iron,H+S+L+MA,"Общий контакт, перенос и обратимая энтальпия; новой химии нет.",Сохранить Mass/h; каждый расплав возвращается в свой ID; расплав не входит в поры.,Общие фазы/тепло; топливо без ограничения O2.,Те же фазы/тепло; топливо учитывает O2.,MA01-03 фазы/тепло/перенос/save-load; MA05 исключение пор.,Контракт; полная приёмка пары не выполнена,ALLOYS_CONTRACT.md; ../ice/PASSPORT.md; ../cast_iron/PASSPORT.md,MA
core:steam__core:cast_iron,core:steam,core:cast_iron,H+S+L+MA,"Общий контакт, перенос и обратимая энтальпия; новой химии нет.",Сохранить Mass/h; каждый расплав возвращается в свой ID; расплав не входит в поры.,Общие фазы/тепло; топливо без ограничения O2.,Те же фазы/тепло; топливо учитывает O2.,MA01-03 фазы/тепло/перенос/save-load; MA05 исключение пор.,Контракт; полная приёмка пары не выполнена,ALLOYS_CONTRACT.md; ../steam/PASSPORT.md; ../cast_iron/PASSPORT.md,MA
core:metal__core:cast_iron,core:metal,core:cast_iron,H+S+L+MA,"Общий контакт, перенос и обратимая энтальпия; новой химии нет.",Сохранить Mass/h; каждый расплав возвращается в свой ID; расплав не входит в поры.,Общие фазы/тепло; топливо без ограничения O2.,Те же фазы/тепло; топливо учитывает O2.,MA01-03 фазы/тепло/перенос/save-load; MA05 исключение пор.,Контракт; полная приёмка пары не выполнена,ALLOYS_CONTRACT.md; ../metal/PASSPORT.md; ../cast_iron/PASSPORT.md,MA
core:molten_metal__core:cast_iron,core:molten_metal,core:cast_iron,H+S+L+MA,"Общий контакт, перенос и обратимая энтальпия; новой химии нет.",Сохранить Mass/h; каждый расплав возвращается в свой ID; расплав не входит в поры.,Общие фазы/тепло; топливо без ограничения O2.,Те же фазы/тепло; топливо учитывает O2.,MA01-03 фазы/тепло/перенос/save-load; MA05 исключение пор.,Контракт; полная приёмка пары не выполнена,ALLOYS_CONTRACT.md; ../molten_metal/PASSPORT.md; ../cast_iron/PASSPORT.md,MA
core:stone__core:cast_iron,core:stone,core:cast_iron,H+S+L+MA,"Общий контакт, перенос и обратимая энтальпия; новой химии нет.",Сохранить Mass/h; каждый расплав возвращается в свой ID; расплав не входит в поры.,Общие фазы/тепло; топливо без ограничения O2.,Те же фазы/тепло; топливо учитывает O2.,MA01-03 фазы/тепло/перенос/save-load; MA05 исключение пор.,Контракт; полная приёмка пары не выполнена,ALLOYS_CONTRACT.md; ../stone/PASSPORT.md; ../cast_iron/PASSPORT.md,MA
core:fixture__core:cast_iron,core:fixture,core:cast_iron,H+S+L+MA,"Общий контакт, перенос и обратимая энтальпия; новой химии нет.",Сохранить Mass/h; каждый расплав возвращается в свой ID; расплав не входит в поры.,Общие фазы/тепло; топливо без ограничения O2.,Те же фазы/тепло; топливо учитывает O2.,MA01-03 фазы/тепло/перенос/save-load; MA05 исключение пор.,Контракт; полная приёмка пары не выполнена,ALLOYS_CONTRACT.md; ../fixture/PASSPORT.md; ../cast_iron/PASSPORT.md,MA
core:wood__core:cast_iron,core:wood,core:cast_iron,H+S+L+MA,"Общий контакт, перенос и обратимая энтальпия; новой химии нет.",Сохранить Mass/h; каждый расплав возвращается в свой ID; расплав не входит в поры.,Общие фазы/тепло; топливо без ограничения O2.,Те же фазы/тепло; топливо учитывает O2.,MA01-03 фазы/тепло/перенос/save-load; MA05 исключение пор.,Контракт; полная приёмка пары не выполнена,ALLOYS_CONTRACT.md; ../wood/PASSPORT.md; ../cast_iron/PASSPORT.md,MA
core:coal__core:cast_iron,core:coal,core:cast_iron,H+S+L+MA,"Общий контакт, перенос и обратимая энтальпия; новой химии нет.",Сохранить Mass/h; каждый расплав возвращается в свой ID; расплав не входит в поры.,Общие фазы/тепло; топливо без ограничения O2.,Те же фазы/тепло; топливо учитывает O2.,MA01-03 фазы/тепло/перенос/save-load; MA05 исключение пор.,Контракт; полная приёмка пары не выполнена,ALLOYS_CONTRACT.md; ../coal/PASSPORT.md; ../cast_iron/PASSPORT.md,MA
core:wet_charcoal__core:cast_iron,core:wet_charcoal,core:cast_iron,H+S+L+MA,"Общий контакт, перенос и обратимая энтальпия; новой химии нет.",Сохранить Mass/h; каждый расплав возвращается в свой ID; расплав не входит в поры.,Общие фазы/тепло; топливо без ограничения O2.,Те же фазы/тепло; топливо учитывает O2.,MA01-03 фазы/тепло/перенос/save-load; MA05 исключение пор.,Контракт; полная приёмка пары не выполнена,ALLOYS_CONTRACT.md; ../wet_charcoal/PASSPORT.md; ../cast_iron/PASSPORT.md,MA
core:stone_coal__core:cast_iron,core:stone_coal,core:cast_iron,H+S+L+MA,"Общий контакт, перенос и обратимая энтальпия; новой химии нет.",Сохранить Mass/h; каждый расплав возвращается в свой ID; расплав не входит в поры.,Общие фазы/тепло; топливо без ограничения O2.,Те же фазы/тепло; топливо учитывает O2.,MA01-03 фазы/тепло/перенос/save-load; MA05 исключение пор.,Контракт; полная приёмка пары не выполнена,ALLOYS_CONTRACT.md; ../stone_coal/PASSPORT.md; ../cast_iron/PASSPORT.md,MA
core:gunpowder__core:cast_iron,core:gunpowder,core:cast_iron,H+S+L+MA,"Общий контакт, перенос и обратимая энтальпия; новой химии нет.",Сохранить Mass/h; каждый расплав возвращается в свой ID; расплав не входит в поры.,Общие фазы/тепло; топливо без ограничения O2.,Те же фазы/тепло; топливо учитывает O2.,MA01-03 фазы/тепло/перенос/save-load; MA05 исключение пор.,Контракт; полная приёмка пары не выполнена,ALLOYS_CONTRACT.md; ../gunpowder/PASSPORT.md; ../cast_iron/PASSPORT.md,MA
core:fire__core:cast_iron,core:fire,core:cast_iron,H+S+L+MA,"Общий контакт, перенос и обратимая энтальпия; новой химии нет.",Сохранить Mass/h; каждый расплав возвращается в свой ID; расплав не входит в поры.,Общие фазы/тепло; топливо без ограничения O2.,Те же фазы/тепло; топливо учитывает O2.,MA01-03 фазы/тепло/перенос/save-load; MA05 исключение пор.,Контракт; полная приёмка пары не выполнена,ALLOYS_CONTRACT.md; ../fire/PASSPORT.md; ../cast_iron/PASSPORT.md,MA
core:smoke__core:cast_iron,core:smoke,core:cast_iron,H+S+L+MA,"Общий контакт, перенос и обратимая энтальпия; новой химии нет.",Сохранить Mass/h; каждый расплав возвращается в свой ID; расплав не входит в поры.,Общие фазы/тепло; топливо без ограничения O2.,Те же фазы/тепло; топливо учитывает O2.,MA01-03 фазы/тепло/перенос/save-load; MA05 исключение пор.,Контракт; полная приёмка пары не выполнена,ALLOYS_CONTRACT.md; ../smoke/PASSPORT.md; ../cast_iron/PASSPORT.md,MA
core:co2__core:cast_iron,core:co2,core:cast_iron,H+S+L+MA,"Общий контакт, перенос и обратимая энтальпия; новой химии нет.",Сохранить Mass/h; каждый расплав возвращается в свой ID; расплав не входит в поры.,Общие фазы/тепло; топливо без ограничения O2.,Те же фазы/тепло; топливо учитывает O2.,MA01-03 фазы/тепло/перенос/save-load; MA05 исключение пор.,Контракт; полная приёмка пары не выполнена,ALLOYS_CONTRACT.md; ../co2/PASSPORT.md; ../cast_iron/PASSPORT.md,MA
core:heater__core:cast_iron,core:heater,core:cast_iron,H+S+L+MA,"Общий контакт, перенос и обратимая энтальпия; новой химии нет.",Сохранить Mass/h; каждый расплав возвращается в свой ID; расплав не входит в поры.,Общие фазы/тепло; топливо без ограничения O2.,Те же фазы/тепло; топливо учитывает O2.,MA01-03 фазы/тепло/перенос/save-load; MA05 исключение пор.,Контракт; полная приёмка пары не выполнена,ALLOYS_CONTRACT.md; ../heater/PASSPORT.md; ../cast_iron/PASSPORT.md,MA
core:cooler__core:cast_iron,core:cooler,core:cast_iron,H+S+L+MA,"Общий контакт, перенос и обратимая энтальпия; новой химии нет.",Сохранить Mass/h; каждый расплав возвращается в свой ID; расплав не входит в поры.,Общие фазы/тепло; топливо без ограничения O2.,Те же фазы/тепло; топливо учитывает O2.,MA01-03 фазы/тепло/перенос/save-load; MA05 исключение пор.,Контракт; полная приёмка пары не выполнена,ALLOYS_CONTRACT.md; ../cooler/PASSPORT.md; ../cast_iron/PASSPORT.md,MA
core:empty__core:cast_iron,core:empty,core:cast_iron,H+S+L+MA,"Общий контакт, перенос и обратимая энтальпия; новой химии нет.",Сохранить Mass/h; каждый расплав возвращается в свой ID; расплав не входит в поры.,Общие фазы/тепло; топливо без ограничения O2.,Те же фазы/тепло; топливо учитывает O2.,MA01-03 фазы/тепло/перенос/save-load; MA05 исключение пор.,Контракт; полная приёмка пары не выполнена,ALLOYS_CONTRACT.md; ../empty/PASSPORT.md; ../cast_iron/PASSPORT.md,MA
core:eraser__core:cast_iron,core:eraser,core:cast_iron,H+S+L+MA,"Общий контакт, перенос и обратимая энтальпия; новой химии нет.",Сохранить Mass/h; каждый расплав возвращается в свой ID; расплав не входит в поры.,Общие фазы/тепло; топливо без ограничения O2.,Те же фазы/тепло; топливо учитывает O2.,MA01-03 фазы/тепло/перенос/save-load; MA05 исключение пор.,Контракт; полная приёмка пары не выполнена,ALLOYS_CONTRACT.md; ../eraser/PASSPORT.md; ../cast_iron/PASSPORT.md,MA
core:oil__core:cast_iron,core:oil,core:cast_iron,H+S+L+MA,"Общий контакт, перенос и обратимая энтальпия; новой химии нет.",Сохранить Mass/h; каждый расплав возвращается в свой ID; расплав не входит в поры.,Общие фазы/тепло; топливо без ограничения O2.,Те же фазы/тепло; топливо учитывает O2.,MA01-03 фазы/тепло/перенос/save-load; MA05 исключение пор.,Контракт; полная приёмка пары не выполнена,ALLOYS_CONTRACT.md; ../oil/PASSPORT.md; ../cast_iron/PASSPORT.md,MA
core:frozen_oil__core:cast_iron,core:frozen_oil,core:cast_iron,H+S+L+MA,"Общий контакт, перенос и обратимая энтальпия; новой химии нет.",Сохранить Mass/h; каждый расплав возвращается в свой ID; расплав не входит в поры.,Общие фазы/тепло; топливо без ограничения O2.,Те же фазы/тепло; топливо учитывает O2.,MA01-03 фазы/тепло/перенос/save-load; MA05 исключение пор.,Контракт; полная приёмка пары не выполнена,ALLOYS_CONTRACT.md; ../frozen_oil/PASSPORT.md; ../cast_iron/PASSPORT.md,MA
core:oil_vapour__core:cast_iron,core:oil_vapour,core:cast_iron,H+S+L+MA,"Общий контакт, перенос и обратимая энтальпия; новой химии нет.",Сохранить Mass/h; каждый расплав возвращается в свой ID; расплав не входит в поры.,Общие фазы/тепло; топливо без ограничения O2.,Те же фазы/тепло; топливо учитывает O2.,MA01-03 фазы/тепло/перенос/save-load; MA05 исключение пор.,Контракт; полная приёмка пары не выполнена,ALLOYS_CONTRACT.md; ../oil_vapour/PASSPORT.md; ../cast_iron/PASSPORT.md,MA
core:steel__core:cast_iron,core:steel,core:cast_iron,H+S+L+MA,"Общий контакт, перенос и обратимая энтальпия; новой химии нет.",Сохранить Mass/h; каждый расплав возвращается в свой ID; расплав не входит в поры.,Общие фазы/тепло; топливо без ограничения O2.,Те же фазы/тепло; топливо учитывает O2.,MA01-03 фазы/тепло/перенос/save-load; MA05 исключение пор.,Контракт; полная приёмка пары не выполнена,ALLOYS_CONTRACT.md; ../steel/PASSPORT.md; ../cast_iron/PASSPORT.md,MA
core:molten_steel__core:cast_iron,core:molten_steel,core:cast_iron,H+S+L+MA,"Общий контакт, перенос и обратимая энтальпия; новой химии нет.",Сохранить Mass/h; каждый расплав возвращается в свой ID; расплав не входит в поры.,Общие фазы/тепло; топливо без ограничения O2.,Те же фазы/тепло; топливо учитывает O2.,MA01-03 фазы/тепло/перенос/save-load; MA05 исключение пор.,Контракт; полная приёмка пары не выполнена,ALLOYS_CONTRACT.md; ../molten_steel/PASSPORT.md; ../cast_iron/PASSPORT.md,MA
core:cast_iron__core:cast_iron,core:cast_iron,core:cast_iron,H+S+L+MA,"Общий контакт, перенос и обратимая энтальпия; новой химии нет.",Сохранить Mass/h; каждый расплав возвращается в свой ID; расплав не входит в поры.,Общие фазы/тепло; топливо без ограничения O2.,Те же фазы/тепло; топливо учитывает O2.,MA01-03 фазы/тепло/перенос/save-load; MA05 исключение пор.,MA01/MA03 выбранные сценарии PASS; полная приёмка пары не выполнена,ALLOYS_CONTRACT.md; ../cast_iron/PASSPORT.md; ../cast_iron/PASSPORT.md; ../../ALLOYS_RESULTS.md,MA
core:sand__core:molten_cast_iron,core:sand,core:molten_cast_iron,H+S+L+MA,"Общий контакт, перенос и обратимая энтальпия; новой химии нет.",Сохранить Mass/h; каждый расплав возвращается в свой ID; расплав не входит в поры.,Общие фазы/тепло; топливо без ограничения O2.,Те же фазы/тепло; топливо учитывает O2.,MA01-03 фазы/тепло/перенос/save-load; MA05 исключение пор.,Контракт; полная приёмка пары не выполнена,ALLOYS_CONTRACT.md; ../sand/PASSPORT.md; ../molten_cast_iron/PASSPORT.md,MA
core:water__core:molten_cast_iron,core:water,core:molten_cast_iron,H+S+L+MA,"Общий контакт, перенос и обратимая энтальпия; новой химии нет.",Сохранить Mass/h; каждый расплав возвращается в свой ID; расплав не входит в поры.,Общие фазы/тепло; топливо без ограничения O2.,Те же фазы/тепло; топливо учитывает O2.,MA01-03 фазы/тепло/перенос/save-load; MA05 исключение пор.,Контракт; полная приёмка пары не выполнена,ALLOYS_CONTRACT.md; ../water/PASSPORT.md; ../molten_cast_iron/PASSPORT.md,MA
core:ice__core:molten_cast_iron,core:ice,core:molten_cast_iron,H+S+L+MA,"Общий контакт, перенос и обратимая энтальпия; новой химии нет.",Сохранить Mass/h; каждый расплав возвращается в свой ID; расплав не входит в поры.,Общие фазы/тепло; топливо без ограничения O2.,Те же фазы/тепло; топливо учитывает O2.,MA01-03 фазы/тепло/перенос/save-load; MA05 исключение пор.,Контракт; полная приёмка пары не выполнена,ALLOYS_CONTRACT.md; ../ice/PASSPORT.md; ../molten_cast_iron/PASSPORT.md,MA
core:steam__core:molten_cast_iron,core:steam,core:molten_cast_iron,H+S+L+MA,"Общий контакт, перенос и обратимая энтальпия; новой химии нет.",Сохранить Mass/h; каждый расплав возвращается в свой ID; расплав не входит в поры.,Общие фазы/тепло; топливо без ограничения O2.,Те же фазы/тепло; топливо учитывает O2.,MA01-03 фазы/тепло/перенос/save-load; MA05 исключение пор.,Контракт; полная приёмка пары не выполнена,ALLOYS_CONTRACT.md; ../steam/PASSPORT.md; ../molten_cast_iron/PASSPORT.md,MA
core:metal__core:molten_cast_iron,core:metal,core:molten_cast_iron,H+S+L+MA,"Общий контакт, перенос и обратимая энтальпия; новой химии нет.",Сохранить Mass/h; каждый расплав возвращается в свой ID; расплав не входит в поры.,Общие фазы/тепло; топливо без ограничения O2.,Те же фазы/тепло; топливо учитывает O2.,MA01-03 фазы/тепло/перенос/save-load; MA05 исключение пор.,Контракт; полная приёмка пары не выполнена,ALLOYS_CONTRACT.md; ../metal/PASSPORT.md; ../molten_cast_iron/PASSPORT.md,MA
core:molten_metal__core:molten_cast_iron,core:molten_metal,core:molten_cast_iron,H+S+L+MA,"Общий контакт, перенос и обратимая энтальпия; новой химии нет.",Сохранить Mass/h; каждый расплав возвращается в свой ID; расплав не входит в поры.,Общие фазы/тепло; топливо без ограничения O2.,Те же фазы/тепло; топливо учитывает O2.,MA01-03 фазы/тепло/перенос/save-load; MA05 исключение пор.,Контракт; полная приёмка пары не выполнена,ALLOYS_CONTRACT.md; ../molten_metal/PASSPORT.md; ../molten_cast_iron/PASSPORT.md,MA
core:stone__core:molten_cast_iron,core:stone,core:molten_cast_iron,H+S+L+MA,"Общий контакт, перенос и обратимая энтальпия; новой химии нет.",Сохранить Mass/h; каждый расплав возвращается в свой ID; расплав не входит в поры.,Общие фазы/тепло; топливо без ограничения O2.,Те же фазы/тепло; топливо учитывает O2.,MA01-03 фазы/тепло/перенос/save-load; MA05 исключение пор.,Контракт; полная приёмка пары не выполнена,ALLOYS_CONTRACT.md; ../stone/PASSPORT.md; ../molten_cast_iron/PASSPORT.md,MA
core:fixture__core:molten_cast_iron,core:fixture,core:molten_cast_iron,H+S+L+MA,"Общий контакт, перенос и обратимая энтальпия; новой химии нет.",Сохранить Mass/h; каждый расплав возвращается в свой ID; расплав не входит в поры.,Общие фазы/тепло; топливо без ограничения O2.,Те же фазы/тепло; топливо учитывает O2.,MA01-03 фазы/тепло/перенос/save-load; MA05 исключение пор.,Контракт; полная приёмка пары не выполнена,ALLOYS_CONTRACT.md; ../fixture/PASSPORT.md; ../molten_cast_iron/PASSPORT.md,MA
core:wood__core:molten_cast_iron,core:wood,core:molten_cast_iron,H+S+L+MA,"Общий контакт, перенос и обратимая энтальпия; новой химии нет.",Сохранить Mass/h; каждый расплав возвращается в свой ID; расплав не входит в поры.,Общие фазы/тепло; топливо без ограничения O2.,Те же фазы/тепло; топливо учитывает O2.,MA01-03 фазы/тепло/перенос/save-load; MA05 исключение пор.,Контракт; полная приёмка пары не выполнена,ALLOYS_CONTRACT.md; ../wood/PASSPORT.md; ../molten_cast_iron/PASSPORT.md,MA
core:coal__core:molten_cast_iron,core:coal,core:molten_cast_iron,H+S+L+MA,"Общий контакт, перенос и обратимая энтальпия; новой химии нет.",Сохранить Mass/h; каждый расплав возвращается в свой ID; расплав не входит в поры.,Общие фазы/тепло; топливо без ограничения O2.,Те же фазы/тепло; топливо учитывает O2.,MA01-03 фазы/тепло/перенос/save-load; MA05 исключение пор.,MA05 выбранные сценарии PASS; полная приёмка пары не выполнена,ALLOYS_CONTRACT.md; ../coal/PASSPORT.md; ../molten_cast_iron/PASSPORT.md; ../../ALLOYS_RESULTS.md,MA
core:wet_charcoal__core:molten_cast_iron,core:wet_charcoal,core:molten_cast_iron,H+S+L+MA,"Общий контакт, перенос и обратимая энтальпия; новой химии нет.",Сохранить Mass/h; каждый расплав возвращается в свой ID; расплав не входит в поры.,Общие фазы/тепло; топливо без ограничения O2.,Те же фазы/тепло; топливо учитывает O2.,MA01-03 фазы/тепло/перенос/save-load; MA05 исключение пор.,Контракт; полная приёмка пары не выполнена,ALLOYS_CONTRACT.md; ../wet_charcoal/PASSPORT.md; ../molten_cast_iron/PASSPORT.md,MA
core:stone_coal__core:molten_cast_iron,core:stone_coal,core:molten_cast_iron,H+S+L+MA,"Общий контакт, перенос и обратимая энтальпия; новой химии нет.",Сохранить Mass/h; каждый расплав возвращается в свой ID; расплав не входит в поры.,Общие фазы/тепло; топливо без ограничения O2.,Те же фазы/тепло; топливо учитывает O2.,MA01-03 фазы/тепло/перенос/save-load; MA05 исключение пор.,Контракт; полная приёмка пары не выполнена,ALLOYS_CONTRACT.md; ../stone_coal/PASSPORT.md; ../molten_cast_iron/PASSPORT.md,MA
core:gunpowder__core:molten_cast_iron,core:gunpowder,core:molten_cast_iron,H+S+L+MA,"Общий контакт, перенос и обратимая энтальпия; новой химии нет.",Сохранить Mass/h; каждый расплав возвращается в свой ID; расплав не входит в поры.,Общие фазы/тепло; топливо без ограничения O2.,Те же фазы/тепло; топливо учитывает O2.,MA01-03 фазы/тепло/перенос/save-load; MA05 исключение пор.,Контракт; полная приёмка пары не выполнена,ALLOYS_CONTRACT.md; ../gunpowder/PASSPORT.md; ../molten_cast_iron/PASSPORT.md,MA
core:fire__core:molten_cast_iron,core:fire,core:molten_cast_iron,H+S+L+MA,"Общий контакт, перенос и обратимая энтальпия; новой химии нет.",Сохранить Mass/h; каждый расплав возвращается в свой ID; расплав не входит в поры.,Общие фазы/тепло; топливо без ограничения O2.,Те же фазы/тепло; топливо учитывает O2.,MA01-03 фазы/тепло/перенос/save-load; MA05 исключение пор.,Контракт; полная приёмка пары не выполнена,ALLOYS_CONTRACT.md; ../fire/PASSPORT.md; ../molten_cast_iron/PASSPORT.md,MA
core:smoke__core:molten_cast_iron,core:smoke,core:molten_cast_iron,H+S+L+MA,"Общий контакт, перенос и обратимая энтальпия; новой химии нет.",Сохранить Mass/h; каждый расплав возвращается в свой ID; расплав не входит в поры.,Общие фазы/тепло; топливо без ограничения O2.,Те же фазы/тепло; топливо учитывает O2.,MA01-03 фазы/тепло/перенос/save-load; MA05 исключение пор.,Контракт; полная приёмка пары не выполнена,ALLOYS_CONTRACT.md; ../smoke/PASSPORT.md; ../molten_cast_iron/PASSPORT.md,MA
core:co2__core:molten_cast_iron,core:co2,core:molten_cast_iron,H+S+L+MA,"Общий контакт, перенос и обратимая энтальпия; новой химии нет.",Сохранить Mass/h; каждый расплав возвращается в свой ID; расплав не входит в поры.,Общие фазы/тепло; топливо без ограничения O2.,Те же фазы/тепло; топливо учитывает O2.,MA01-03 фазы/тепло/перенос/save-load; MA05 исключение пор.,Контракт; полная приёмка пары не выполнена,ALLOYS_CONTRACT.md; ../co2/PASSPORT.md; ../molten_cast_iron/PASSPORT.md,MA
core:heater__core:molten_cast_iron,core:heater,core:molten_cast_iron,H+S+L+MA,"Общий контакт, перенос и обратимая энтальпия; новой химии нет.",Сохранить Mass/h; каждый расплав возвращается в свой ID; расплав не входит в поры.,Общие фазы/тепло; топливо без ограничения O2.,Те же фазы/тепло; топливо учитывает O2.,MA01-03 фазы/тепло/перенос/save-load; MA05 исключение пор.,Контракт; полная приёмка пары не выполнена,ALLOYS_CONTRACT.md; ../heater/PASSPORT.md; ../molten_cast_iron/PASSPORT.md,MA
core:cooler__core:molten_cast_iron,core:cooler,core:molten_cast_iron,H+S+L+MA,"Общий контакт, перенос и обратимая энтальпия; новой химии нет.",Сохранить Mass/h; каждый расплав возвращается в свой ID; расплав не входит в поры.,Общие фазы/тепло; топливо без ограничения O2.,Те же фазы/тепло; топливо учитывает O2.,MA01-03 фазы/тепло/перенос/save-load; MA05 исключение пор.,Контракт; полная приёмка пары не выполнена,ALLOYS_CONTRACT.md; ../cooler/PASSPORT.md; ../molten_cast_iron/PASSPORT.md,MA
core:empty__core:molten_cast_iron,core:empty,core:molten_cast_iron,H+S+L+MA,"Общий контакт, перенос и обратимая энтальпия; новой химии нет.",Сохранить Mass/h; каждый расплав возвращается в свой ID; расплав не входит в поры.,Общие фазы/тепло; топливо без ограничения O2.,Те же фазы/тепло; топливо учитывает O2.,MA01-03 фазы/тепло/перенос/save-load; MA05 исключение пор.,Контракт; полная приёмка пары не выполнена,ALLOYS_CONTRACT.md; ../empty/PASSPORT.md; ../molten_cast_iron/PASSPORT.md,MA
core:eraser__core:molten_cast_iron,core:eraser,core:molten_cast_iron,H+S+L+MA,"Общий контакт, перенос и обратимая энтальпия; новой химии нет.",Сохранить Mass/h; каждый расплав возвращается в свой ID; расплав не входит в поры.,Общие фазы/тепло; топливо без ограничения O2.,Те же фазы/тепло; топливо учитывает O2.,MA01-03 фазы/тепло/перенос/save-load; MA05 исключение пор.,Контракт; полная приёмка пары не выполнена,ALLOYS_CONTRACT.md; ../eraser/PASSPORT.md; ../molten_cast_iron/PASSPORT.md,MA
core:oil__core:molten_cast_iron,core:oil,core:molten_cast_iron,H+S+L+MA,"Общий контакт, перенос и обратимая энтальпия; новой химии нет.",Сохранить Mass/h; каждый расплав возвращается в свой ID; расплав не входит в поры.,Общие фазы/тепло; топливо без ограничения O2.,Те же фазы/тепло; топливо учитывает O2.,MA01-03 фазы/тепло/перенос/save-load; MA05 исключение пор.,Контракт; полная приёмка пары не выполнена,ALLOYS_CONTRACT.md; ../oil/PASSPORT.md; ../molten_cast_iron/PASSPORT.md,MA
core:frozen_oil__core:molten_cast_iron,core:frozen_oil,core:molten_cast_iron,H+S+L+MA,"Общий контакт, перенос и обратимая энтальпия; новой химии нет.",Сохранить Mass/h; каждый расплав возвращается в свой ID; расплав не входит в поры.,Общие фазы/тепло; топливо без ограничения O2.,Те же фазы/тепло; топливо учитывает O2.,MA01-03 фазы/тепло/перенос/save-load; MA05 исключение пор.,Контракт; полная приёмка пары не выполнена,ALLOYS_CONTRACT.md; ../frozen_oil/PASSPORT.md; ../molten_cast_iron/PASSPORT.md,MA
core:oil_vapour__core:molten_cast_iron,core:oil_vapour,core:molten_cast_iron,H+S+L+MA,"Общий контакт, перенос и обратимая энтальпия; новой химии нет.",Сохранить Mass/h; каждый расплав возвращается в свой ID; расплав не входит в поры.,Общие фазы/тепло; топливо без ограничения O2.,Те же фазы/тепло; топливо учитывает O2.,MA01-03 фазы/тепло/перенос/save-load; MA05 исключение пор.,Контракт; полная приёмка пары не выполнена,ALLOYS_CONTRACT.md; ../oil_vapour/PASSPORT.md; ../molten_cast_iron/PASSPORT.md,MA
core:steel__core:molten_cast_iron,core:steel,core:molten_cast_iron,H+S+L+MA,"Общий контакт, перенос и обратимая энтальпия; новой химии нет.",Сохранить Mass/h; каждый расплав возвращается в свой ID; расплав не входит в поры.,Общие фазы/тепло; топливо без ограничения O2.,Те же фазы/тепло; топливо учитывает O2.,MA01-03 фазы/тепло/перенос/save-load; MA05 исключение пор.,Контракт; полная приёмка пары не выполнена,ALLOYS_CONTRACT.md; ../steel/PASSPORT.md; ../molten_cast_iron/PASSPORT.md,MA
core:molten_steel__core:molten_cast_iron,core:molten_steel,core:molten_cast_iron,H+S+L+MA,"Общий контакт, перенос и обратимая энтальпия; новой химии нет.",Сохранить Mass/h; каждый расплав возвращается в свой ID; расплав не входит в поры.,Общие фазы/тепло; топливо без ограничения O2.,Те же фазы/тепло; топливо учитывает O2.,MA01-03 фазы/тепло/перенос/save-load; MA05 исключение пор.,Контракт; полная приёмка пары не выполнена,ALLOYS_CONTRACT.md; ../molten_steel/PASSPORT.md; ../molten_cast_iron/PASSPORT.md,MA
core:cast_iron__core:molten_cast_iron,core:cast_iron,core:molten_cast_iron,H+S+L+MA,"Общий контакт, перенос и обратимая энтальпия; новой химии нет.",Сохранить Mass/h; каждый расплав возвращается в свой ID; расплав не входит в поры.,Общие фазы/тепло; топливо без ограничения O2.,Те же фазы/тепло; топливо учитывает O2.,MA01-03 фазы/тепло/перенос/save-load; MA05 исключение пор.,MA01/MA03 выбранные сценарии PASS; полная приёмка пары не выполнена,ALLOYS_CONTRACT.md; ../cast_iron/PASSPORT.md; ../molten_cast_iron/PASSPORT.md; ../../ALLOYS_RESULTS.md,MA
core:molten_cast_iron__core:molten_cast_iron,core:molten_cast_iron,core:molten_cast_iron,H+S+L+MA,"Общий контакт, перенос и обратимая энтальпия; новой химии нет.",Сохранить Mass/h; каждый расплав возвращается в свой ID; расплав не входит в поры.,Общие фазы/тепло; топливо без ограничения O2.,Те же фазы/тепло; топливо учитывает O2.,MA01-03 фазы/тепло/перенос/save-load; MA05 исключение пор.,MA01/MA03 выбранные сценарии PASS; полная приёмка пары не выполнена,ALLOYS_CONTRACT.md; ../molten_cast_iron/PASSPORT.md; ../molten_cast_iron/PASSPORT.md; ../../ALLOYS_RESULTS.md,MA
core:cast_iron__core:copper,core:cast_iron,core:copper,H,"Общие механизмы реализованы; CU01–CU06 проверены в выбранном объёме, специальная химия не объявлена.",Общий контакт Q/движение по kind; медь возвращается из собственной фазы; расплав не впитывается; сплавов/коррозии/электричества нет.,Общие тепло/фазы; кислород топлива по режиму.,Общие тепло/фазы; кислород топлива по режиму.,CU01–CU06: выбранные фазы/тепло/поры/сохранение/уровень; остальные взаимодействия не приняты.,Контракт записан; полная приёмка пары не выполнена,../cast_iron/PASSPORT.md; ../copper/PASSPORT.md; ../copper/PASSPORT.md,CU2026-10-06
core:cast_iron__core:molten_copper,core:cast_iron,core:molten_copper,H+L,"Общие механизмы реализованы; CU01–CU06 проверены в выбранном объёме, специальная химия не объявлена.",Общий контакт Q/движение по kind; медь возвращается из собственной фазы; расплав не впитывается; сплавов/коррозии/электричества нет.,Общие тепло/фазы; кислород топлива по режиму.,Общие тепло/фазы; кислород топлива по режиму.,CU01–CU06: выбранные фазы/тепло/поры/сохранение/уровень; остальные взаимодействия не приняты.,Контракт записан; полная приёмка пары не выполнена,../cast_iron/PASSPORT.md; ../molten_copper/PASSPORT.md; ../copper/PASSPORT.md,CU2026-10-06
core:co2__core:copper,core:co2,core:copper,H,"Общие механизмы реализованы; CU01–CU06 проверены в выбранном объёме, специальная химия не объявлена.",Общий контакт Q/движение по kind; медь возвращается из собственной фазы; расплав не впитывается; сплавов/коррозии/электричества нет.,Общие тепло/фазы; кислород топлива по режиму.,Общие тепло/фазы; кислород топлива по режиму.,CU01–CU06: выбранные фазы/тепло/поры/сохранение/уровень; остальные взаимодействия не приняты.,Контракт записан; полная приёмка пары не выполнена,../co2/PASSPORT.md; ../copper/PASSPORT.md; ../copper/PASSPORT.md,CU2026-10-06
core:co2__core:molten_copper,core:co2,core:molten_copper,H+L,"Общие механизмы реализованы; CU01–CU06 проверены в выбранном объёме, специальная химия не объявлена.",Общий контакт Q/движение по kind; медь возвращается из собственной фазы; расплав не впитывается; сплавов/коррозии/электричества нет.,Общие тепло/фазы; кислород топлива по режиму.,Общие тепло/фазы; кислород топлива по режиму.,CU01–CU06: выбранные фазы/тепло/поры/сохранение/уровень; остальные взаимодействия не приняты.,Контракт записан; полная приёмка пары не выполнена,../co2/PASSPORT.md; ../molten_copper/PASSPORT.md; ../copper/PASSPORT.md,CU2026-10-06
core:coal__core:copper,core:coal,core:copper,H,"Общие механизмы реализованы; CU01–CU06 проверены в выбранном объёме, специальная химия не объявлена.",Общий контакт Q/движение по kind; медь возвращается из собственной фазы; расплав не впитывается; сплавов/коррозии/электричества нет.,Общие тепло/фазы; кислород топлива по режиму.,Общие тепло/фазы; кислород топлива по режиму.,CU01–CU06: выбранные фазы/тепло/поры/сохранение/уровень; остальные взаимодействия не приняты.,Контракт записан; полная приёмка пары не выполнена,../coal/PASSPORT.md; ../copper/PASSPORT.md; ../copper/PASSPORT.md,CU2026-10-06
core:coal__core:molten_copper,core:coal,core:molten_copper,H+L,"Общие механизмы реализованы; CU01–CU06 проверены в выбранном объёме, специальная химия не объявлена.",Общий контакт Q/движение по kind; медь возвращается из собственной фазы; расплав не впитывается; сплавов/коррозии/электричества нет.,Общие тепло/фазы; кислород топлива по режиму.,Общие тепло/фазы; кислород топлива по режиму.,CU01–CU06: выбранные фазы/тепло/поры/сохранение/уровень; остальные взаимодействия не приняты.,Контракт записан; полная приёмка пары не выполнена,../coal/PASSPORT.md; ../molten_copper/PASSPORT.md; ../copper/PASSPORT.md,CU2026-10-06
core:cooler__core:copper,core:cooler,core:copper,H,"Общие механизмы реализованы; CU01–CU06 проверены в выбранном объёме, специальная химия не объявлена.",Общий контакт Q/движение по kind; медь возвращается из собственной фазы; расплав не впитывается; сплавов/коррозии/электричества нет.,Общие тепло/фазы; кислород топлива по режиму.,Общие тепло/фазы; кислород топлива по режиму.,CU01–CU06: выбранные фазы/тепло/поры/сохранение/уровень; остальные взаимодействия не приняты.,Контракт записан; полная приёмка пары не выполнена,../cooler/PASSPORT.md; ../copper/PASSPORT.md; ../copper/PASSPORT.md,CU2026-10-06
core:cooler__core:molten_copper,core:cooler,core:molten_copper,H+L,"Общие механизмы реализованы; CU01–CU06 проверены в выбранном объёме, специальная химия не объявлена.",Общий контакт Q/движение по kind; медь возвращается из собственной фазы; расплав не впитывается; сплавов/коррозии/электричества нет.,Общие тепло/фазы; кислород топлива по режиму.,Общие тепло/фазы; кислород топлива по режиму.,CU01–CU06: выбранные фазы/тепло/поры/сохранение/уровень; остальные взаимодействия не приняты.,Контракт записан; полная приёмка пары не выполнена,../cooler/PASSPORT.md; ../molten_copper/PASSPORT.md; ../copper/PASSPORT.md,CU2026-10-06
core:copper__core:copper,core:copper,core:copper,H,"Общие механизмы реализованы; CU01–CU06 проверены в выбранном объёме, специальная химия не объявлена.",Общий контакт Q/движение по kind; медь возвращается из собственной фазы; расплав не впитывается; сплавов/коррозии/электричества нет.,Общие тепло/фазы; кислород топлива по режиму.,Общие тепло/фазы; кислород топлива по режиму.,CU01–CU06: выбранные фазы/тепло/поры/сохранение/уровень; остальные взаимодействия не приняты.,Контракт записан; полная приёмка пары не выполнена,../copper/PASSPORT.md; ../copper/PASSPORT.md; ../copper/PASSPORT.md,CU2026-10-06
core:copper__core:empty,core:copper,core:empty,H,"Общие механизмы реализованы; CU01–CU06 проверены в выбранном объёме, специальная химия не объявлена.",Общий контакт Q/движение по kind; медь возвращается из собственной фазы; расплав не впитывается; сплавов/коррозии/электричества нет.,Общие тепло/фазы; кислород топлива по режиму.,Общие тепло/фазы; кислород топлива по режиму.,CU01–CU06: выбранные фазы/тепло/поры/сохранение/уровень; остальные взаимодействия не приняты.,Контракт записан; полная приёмка пары не выполнена,../copper/PASSPORT.md; ../empty/PASSPORT.md; ../copper/PASSPORT.md,CU2026-10-06
core:copper__core:eraser,core:copper,core:eraser,H,"Общие механизмы реализованы; CU01–CU06 проверены в выбранном объёме, специальная химия не объявлена.",Общий контакт Q/движение по kind; медь возвращается из собственной фазы; расплав не впитывается; сплавов/коррозии/электричества нет.,Общие тепло/фазы; кислород топлива по режиму.,Общие тепло/фазы; кислород топлива по режиму.,CU01–CU06: выбранные фазы/тепло/поры/сохранение/уровень; остальные взаимодействия не приняты.,Контракт записан; полная приёмка пары не выполнена,../copper/PASSPORT.md; ../eraser/PASSPORT.md; ../copper/PASSPORT.md,CU2026-10-06
core:copper__core:fire,core:copper,core:fire,H,"Общие механизмы реализованы; CU01–CU06 проверены в выбранном объёме, специальная химия не объявлена.",Общий контакт Q/движение по kind; медь возвращается из собственной фазы; расплав не впитывается; сплавов/коррозии/электричества нет.,Общие тепло/фазы; кислород топлива по режиму.,Общие тепло/фазы; кислород топлива по режиму.,CU01–CU06: выбранные фазы/тепло/поры/сохранение/уровень; остальные взаимодействия не приняты.,Контракт записан; полная приёмка пары не выполнена,../copper/PASSPORT.md; ../fire/PASSPORT.md; ../copper/PASSPORT.md,CU2026-10-06
core:copper__core:fixture,core:copper,core:fixture,H,"Общие механизмы реализованы; CU01–CU06 проверены в выбранном объёме, специальная химия не объявлена.",Общий контакт Q/движение по kind; медь возвращается из собственной фазы; расплав не впитывается; сплавов/коррозии/электричества нет.,Общие тепло/фазы; кислород топлива по режиму.,Общие тепло/фазы; кислород топлива по режиму.,CU01–CU06: выбранные фазы/тепло/поры/сохранение/уровень; остальные взаимодействия не приняты.,Контракт записан; полная приёмка пары не выполнена,../copper/PASSPORT.md; ../fixture/PASSPORT.md; ../copper/PASSPORT.md,CU2026-10-06
core:copper__core:frozen_oil,core:copper,core:frozen_oil,H,"Общие механизмы реализованы; CU01–CU06 проверены в выбранном объёме, специальная химия не объявлена.",Общий контакт Q/движение по kind; медь возвращается из собственной фазы; расплав не впитывается; сплавов/коррозии/электричества нет.,Общие тепло/фазы; кислород топлива по режиму.,Общие тепло/фазы; кислород топлива по режиму.,CU01–CU06: выбранные фазы/тепло/поры/сохранение/уровень; остальные взаимодействия не приняты.,Контракт записан; полная приёмка пары не выполнена,../copper/PASSPORT.md; ../frozen_oil/PASSPORT.md; ../copper/PASSPORT.md,CU2026-10-06
core:copper__core:gunpowder,core:copper,core:gunpowder,H,"Общие механизмы реализованы; CU01–CU06 проверены в выбранном объёме, специальная химия не объявлена.",Общий контакт Q/движение по kind; медь возвращается из собственной фазы; расплав не впитывается; сплавов/коррозии/электричества нет.,Общие тепло/фазы; кислород топлива по режиму.,Общие тепло/фазы; кислород топлива по режиму.,CU01–CU06: выбранные фазы/тепло/поры/сохранение/уровень; остальные взаимодействия не приняты.,Контракт записан; полная приёмка пары не выполнена,../copper/PASSPORT.md; ../gunpowder/PASSPORT.md; ../copper/PASSPORT.md,CU2026-10-06
core:copper__core:heater,core:copper,core:heater,H,"Общие механизмы реализованы; CU01–CU06 проверены в выбранном объёме, специальная химия не объявлена.",Общий контакт Q/движение по kind; медь возвращается из собственной фазы; расплав не впитывается; сплавов/коррозии/электричества нет.,Общие тепло/фазы; кислород топлива по режиму.,Общие тепло/фазы; кислород топлива по режиму.,CU01–CU06: выбранные фазы/тепло/поры/сохранение/уровень; остальные взаимодействия не приняты.,Контракт записан; полная приёмка пары не выполнена,../copper/PASSPORT.md; ../heater/PASSPORT.md; ../copper/PASSPORT.md,CU2026-10-06
core:copper__core:ice,core:copper,core:ice,H,"Общие механизмы реализованы; CU01–CU06 проверены в выбранном объёме, специальная химия не объявлена.",Общий контакт Q/движение по kind; медь возвращается из собственной фазы; расплав не впитывается; сплавов/коррозии/электричества нет.,Общие тепло/фазы; кислород топлива по режиму.,Общие тепло/фазы; кислород топлива по режиму.,CU01–CU06: выбранные фазы/тепло/поры/сохранение/уровень; остальные взаимодействия не приняты.,Контракт записан; полная приёмка пары не выполнена,../copper/PASSPORT.md; ../ice/PASSPORT.md; ../copper/PASSPORT.md,CU2026-10-06
core:copper__core:metal,core:copper,core:metal,H,"Общие механизмы реализованы; CU01–CU06 проверены в выбранном объёме, специальная химия не объявлена.",Общий контакт Q/движение по kind; медь возвращается из собственной фазы; расплав не впитывается; сплавов/коррозии/электричества нет.,Общие тепло/фазы; кислород топлива по режиму.,Общие тепло/фазы; кислород топлива по режиму.,CU01–CU06: выбранные фазы/тепло/поры/сохранение/уровень; остальные взаимодействия не приняты.,Контракт записан; полная приёмка пары не выполнена,../copper/PASSPORT.md; ../metal/PASSPORT.md; ../copper/PASSPORT.md,CU2026-10-06
core:copper__core:molten_cast_iron,core:copper,core:molten_cast_iron,H+L,"Общие механизмы реализованы; CU01–CU06 проверены в выбранном объёме, специальная химия не объявлена.",Общий контакт Q/движение по kind; медь возвращается из собственной фазы; расплав не впитывается; сплавов/коррозии/электричества нет.,Общие тепло/фазы; кислород топлива по режиму.,Общие тепло/фазы; кислород топлива по режиму.,CU01–CU06: выбранные фазы/тепло/поры/сохранение/уровень; остальные взаимодействия не приняты.,Контракт записан; полная приёмка пары не выполнена,../copper/PASSPORT.md; ../molten_cast_iron/PASSPORT.md; ../copper/PASSPORT.md,CU2026-10-06
core:copper__core:molten_copper,core:copper,core:molten_copper,H+L,"Общие механизмы реализованы; CU01–CU06 проверены в выбранном объёме, специальная химия не объявлена.",Общий контакт Q/движение по kind; медь возвращается из собственной фазы; расплав не впитывается; сплавов/коррозии/электричества нет.,Общие тепло/фазы; кислород топлива по режиму.,Общие тепло/фазы; кислород топлива по режиму.,CU01–CU06: выбранные фазы/тепло/поры/сохранение/уровень; остальные взаимодействия не приняты.,Контракт записан; полная приёмка пары не выполнена,../copper/PASSPORT.md; ../molten_copper/PASSPORT.md; ../copper/PASSPORT.md,CU2026-10-06
core:copper__core:molten_metal,core:copper,core:molten_metal,H+L,"Общие механизмы реализованы; CU01–CU06 проверены в выбранном объёме, специальная химия не объявлена.",Общий контакт Q/движение по kind; медь возвращается из собственной фазы; расплав не впитывается; сплавов/коррозии/электричества нет.,Общие тепло/фазы; кислород топлива по режиму.,Общие тепло/фазы; кислород топлива по режиму.,CU01–CU06: выбранные фазы/тепло/поры/сохранение/уровень; остальные взаимодействия не приняты.,Контракт записан; полная приёмка пары не выполнена,../copper/PASSPORT.md; ../molten_metal/PASSPORT.md; ../copper/PASSPORT.md,CU2026-10-06
core:copper__core:molten_steel,core:copper,core:molten_steel,H+L,"Общие механизмы реализованы; CU01–CU06 проверены в выбранном объёме, специальная химия не объявлена.",Общий контакт Q/движение по kind; медь возвращается из собственной фазы; расплав не впитывается; сплавов/коррозии/электричества нет.,Общие тепло/фазы; кислород топлива по режиму.,Общие тепло/фазы; кислород топлива по режиму.,CU01–CU06: выбранные фазы/тепло/поры/сохранение/уровень; остальные взаимодействия не приняты.,Контракт записан; полная приёмка пары не выполнена,../copper/PASSPORT.md; ../molten_steel/PASSPORT.md; ../copper/PASSPORT.md,CU2026-10-06
core:copper__core:oil,core:copper,core:oil,H,"Общие механизмы реализованы; CU01–CU06 проверены в выбранном объёме, специальная химия не объявлена.",Общий контакт Q/движение по kind; медь возвращается из собственной фазы; расплав не впитывается; сплавов/коррозии/электричества нет.,Общие тепло/фазы; кислород топлива по режиму.,Общие тепло/фазы; кислород топлива по режиму.,CU01–CU06: выбранные фазы/тепло/поры/сохранение/уровень; остальные взаимодействия не приняты.,Контракт записан; полная приёмка пары не выполнена,../copper/PASSPORT.md; ../oil/PASSPORT.md; ../copper/PASSPORT.md,CU2026-10-06
core:copper__core:oil_vapour,core:copper,core:oil_vapour,H,"Общие механизмы реализованы; CU01–CU06 проверены в выбранном объёме, специальная химия не объявлена.",Общий контакт Q/движение по kind; медь возвращается из собственной фазы; расплав не впитывается; сплавов/коррозии/электричества нет.,Общие тепло/фазы; кислород топлива по режиму.,Общие тепло/фазы; кислород топлива по режиму.,CU01–CU06: выбранные фазы/тепло/поры/сохранение/уровень; остальные взаимодействия не приняты.,Контракт записан; полная приёмка пары не выполнена,../copper/PASSPORT.md; ../oil_vapour/PASSPORT.md; ../copper/PASSPORT.md,CU2026-10-06
core:copper__core:sand,core:copper,core:sand,H,"Общие механизмы реализованы; CU01–CU06 проверены в выбранном объёме, специальная химия не объявлена.",Общий контакт Q/движение по kind; медь возвращается из собственной фазы; расплав не впитывается; сплавов/коррозии/электричества нет.,Общие тепло/фазы; кислород топлива по режиму.,Общие тепло/фазы; кислород топлива по режиму.,CU01–CU06: выбранные фазы/тепло/поры/сохранение/уровень; остальные взаимодействия не приняты.,Контракт записан; полная приёмка пары не выполнена,../copper/PASSPORT.md; ../sand/PASSPORT.md; ../copper/PASSPORT.md,CU2026-10-06
core:copper__core:smoke,core:copper,core:smoke,H,"Общие механизмы реализованы; CU01–CU06 проверены в выбранном объёме, специальная химия не объявлена.",Общий контакт Q/движение по kind; медь возвращается из собственной фазы; расплав не впитывается; сплавов/коррозии/электричества нет.,Общие тепло/фазы; кислород топлива по режиму.,Общие тепло/фазы; кислород топлива по режиму.,CU01–CU06: выбранные фазы/тепло/поры/сохранение/уровень; остальные взаимодействия не приняты.,Контракт записан; полная приёмка пары не выполнена,../copper/PASSPORT.md; ../smoke/PASSPORT.md; ../copper/PASSPORT.md,CU2026-10-06
core:copper__core:steam,core:copper,core:steam,H,"Общие механизмы реализованы; CU01–CU06 проверены в выбранном объёме, специальная химия не объявлена.",Общий контакт Q/движение по kind; медь возвращается из собственной фазы; расплав не впитывается; сплавов/коррозии/электричества нет.,Общие тепло/фазы; кислород топлива по режиму.,Общие тепло/фазы; кислород топлива по режиму.,CU01–CU06: выбранные фазы/тепло/поры/сохранение/уровень; остальные взаимодействия не приняты.,Контракт записан; полная приёмка пары не выполнена,../copper/PASSPORT.md; ../steam/PASSPORT.md; ../copper/PASSPORT.md,CU2026-10-06
core:copper__core:steel,core:copper,core:steel,H,"Общие механизмы реализованы; CU01–CU06 проверены в выбранном объёме, специальная химия не объявлена.",Общий контакт Q/движение по kind; медь возвращается из собственной фазы; расплав не впитывается; сплавов/коррозии/электричества нет.,Общие тепло/фазы; кислород топлива по режиму.,Общие тепло/фазы; кислород топлива по режиму.,CU01–CU06: выбранные фазы/тепло/поры/сохранение/уровень; остальные взаимодействия не приняты.,Контракт записан; полная приёмка пары не выполнена,../copper/PASSPORT.md; ../steel/PASSPORT.md; ../copper/PASSPORT.md,CU2026-10-06
core:copper__core:stone,core:copper,core:stone,H,"Общие механизмы реализованы; CU01–CU06 проверены в выбранном объёме, специальная химия не объявлена.",Общий контакт Q/движение по kind; медь возвращается из собственной фазы; расплав не впитывается; сплавов/коррозии/электричества нет.,Общие тепло/фазы; кислород топлива по режиму.,Общие тепло/фазы; кислород топлива по режиму.,CU01–CU06: выбранные фазы/тепло/поры/сохранение/уровень; остальные взаимодействия не приняты.,Контракт записан; полная приёмка пары не выполнена,../copper/PASSPORT.md; ../stone/PASSPORT.md; ../copper/PASSPORT.md,CU2026-10-06
core:copper__core:stone_coal,core:copper,core:stone_coal,H,"Общие механизмы реализованы; CU01–CU06 проверены в выбранном объёме, специальная химия не объявлена.",Общий контакт Q/движение по kind; медь возвращается из собственной фазы; расплав не впитывается; сплавов/коррозии/электричества нет.,Общие тепло/фазы; кислород топлива по режиму.,Общие тепло/фазы; кислород топлива по режиму.,CU01–CU06: выбранные фазы/тепло/поры/сохранение/уровень; остальные взаимодействия не приняты.,Контракт записан; полная приёмка пары не выполнена,../copper/PASSPORT.md; ../stone_coal/PASSPORT.md; ../copper/PASSPORT.md,CU2026-10-06
core:copper__core:water,core:copper,core:water,H,"Общие механизмы реализованы; CU01–CU06 проверены в выбранном объёме, специальная химия не объявлена.",Общий контакт Q/движение по kind; медь возвращается из собственной фазы; расплав не впитывается; сплавов/коррозии/электричества нет.,Общие тепло/фазы; кислород топлива по режиму.,Общие тепло/фазы; кислород топлива по режиму.,CU01–CU06: выбранные фазы/тепло/поры/сохранение/уровень; остальные взаимодействия не приняты.,Контракт записан; полная приёмка пары не выполнена,../copper/PASSPORT.md; ../water/PASSPORT.md; ../copper/PASSPORT.md,CU2026-10-06
core:copper__core:wet_charcoal,core:copper,core:wet_charcoal,H,"Общие механизмы реализованы; CU01–CU06 проверены в выбранном объёме, специальная химия не объявлена.",Общий контакт Q/движение по kind; медь возвращается из собственной фазы; расплав не впитывается; сплавов/коррозии/электричества нет.,Общие тепло/фазы; кислород топлива по режиму.,Общие тепло/фазы; кислород топлива по режиму.,CU01–CU06: выбранные фазы/тепло/поры/сохранение/уровень; остальные взаимодействия не приняты.,Контракт записан; полная приёмка пары не выполнена,../copper/PASSPORT.md; ../wet_charcoal/PASSPORT.md; ../copper/PASSPORT.md,CU2026-10-06
core:copper__core:wood,core:copper,core:wood,H,"Общие механизмы реализованы; CU01–CU06 проверены в выбранном объёме, специальная химия не объявлена.",Общий контакт Q/движение по kind; медь возвращается из собственной фазы; расплав не впитывается; сплавов/коррозии/электричества нет.,Общие тепло/фазы; кислород топлива по режиму.,Общие тепло/фазы; кислород топлива по режиму.,CU01–CU06: выбранные фазы/тепло/поры/сохранение/уровень; остальные взаимодействия не приняты.,Контракт записан; полная приёмка пары не выполнена,../copper/PASSPORT.md; ../wood/PASSPORT.md; ../copper/PASSPORT.md,CU2026-10-06
core:empty__core:molten_copper,core:empty,core:molten_copper,H+L,"Общие механизмы реализованы; CU01–CU06 проверены в выбранном объёме, специальная химия не объявлена.",Общий контакт Q/движение по kind; медь возвращается из собственной фазы; расплав не впитывается; сплавов/коррозии/электричества нет.,Общие тепло/фазы; кислород топлива по режиму.,Общие тепло/фазы; кислород топлива по режиму.,CU01–CU06: выбранные фазы/тепло/поры/сохранение/уровень; остальные взаимодействия не приняты.,Контракт записан; полная приёмка пары не выполнена,../empty/PASSPORT.md; ../molten_copper/PASSPORT.md; ../copper/PASSPORT.md,CU2026-10-06
core:eraser__core:molten_copper,core:eraser,core:molten_copper,H+L,"Общие механизмы реализованы; CU01–CU06 проверены в выбранном объёме, специальная химия не объявлена.",Общий контакт Q/движение по kind; медь возвращается из собственной фазы; расплав не впитывается; сплавов/коррозии/электричества нет.,Общие тепло/фазы; кислород топлива по режиму.,Общие тепло/фазы; кислород топлива по режиму.,CU01–CU06: выбранные фазы/тепло/поры/сохранение/уровень; остальные взаимодействия не приняты.,Контракт записан; полная приёмка пары не выполнена,../eraser/PASSPORT.md; ../molten_copper/PASSPORT.md; ../copper/PASSPORT.md,CU2026-10-06
core:fire__core:molten_copper,core:fire,core:molten_copper,H+L,"Общие механизмы реализованы; CU01–CU06 проверены в выбранном объёме, специальная химия не объявлена.",Общий контакт Q/движение по kind; медь возвращается из собственной фазы; расплав не впитывается; сплавов/коррозии/электричества нет.,Общие тепло/фазы; кислород топлива по режиму.,Общие тепло/фазы; кислород топлива по режиму.,CU01–CU06: выбранные фазы/тепло/поры/сохранение/уровень; остальные взаимодействия не приняты.,Контракт записан; полная приёмка пары не выполнена,../fire/PASSPORT.md; ../molten_copper/PASSPORT.md; ../copper/PASSPORT.md,CU2026-10-06
core:fixture__core:molten_copper,core:fixture,core:molten_copper,H+L,"Общие механизмы реализованы; CU01–CU06 проверены в выбранном объёме, специальная химия не объявлена.",Общий контакт Q/движение по kind; медь возвращается из собственной фазы; расплав не впитывается; сплавов/коррозии/электричества нет.,Общие тепло/фазы; кислород топлива по режиму.,Общие тепло/фазы; кислород топлива по режиму.,CU01–CU06: выбранные фазы/тепло/поры/сохранение/уровень; остальные взаимодействия не приняты.,Контракт записан; полная приёмка пары не выполнена,../fixture/PASSPORT.md; ../molten_copper/PASSPORT.md; ../copper/PASSPORT.md,CU2026-10-06
core:frozen_oil__core:molten_copper,core:frozen_oil,core:molten_copper,H+L,"Общие механизмы реализованы; CU01–CU06 проверены в выбранном объёме, специальная химия не объявлена.",Общий контакт Q/движение по kind; медь возвращается из собственной фазы; расплав не впитывается; сплавов/коррозии/электричества нет.,Общие тепло/фазы; кислород топлива по режиму.,Общие тепло/фазы; кислород топлива по режиму.,CU01–CU06: выбранные фазы/тепло/поры/сохранение/уровень; остальные взаимодействия не приняты.,Контракт записан; полная приёмка пары не выполнена,../frozen_oil/PASSPORT.md; ../molten_copper/PASSPORT.md; ../copper/PASSPORT.md,CU2026-10-06
core:gunpowder__core:molten_copper,core:gunpowder,core:molten_copper,H+L,"Общие механизмы реализованы; CU01–CU06 проверены в выбранном объёме, специальная химия не объявлена.",Общий контакт Q/движение по kind; медь возвращается из собственной фазы; расплав не впитывается; сплавов/коррозии/электричества нет.,Общие тепло/фазы; кислород топлива по режиму.,Общие тепло/фазы; кислород топлива по режиму.,CU01–CU06: выбранные фазы/тепло/поры/сохранение/уровень; остальные взаимодействия не приняты.,Контракт записан; полная приёмка пары не выполнена,../gunpowder/PASSPORT.md; ../molten_copper/PASSPORT.md; ../copper/PASSPORT.md,CU2026-10-06
core:heater__core:molten_copper,core:heater,core:molten_copper,H+L,"Общие механизмы реализованы; CU01–CU06 проверены в выбранном объёме, специальная химия не объявлена.",Общий контакт Q/движение по kind; медь возвращается из собственной фазы; расплав не впитывается; сплавов/коррозии/электричества нет.,Общие тепло/фазы; кислород топлива по режиму.,Общие тепло/фазы; кислород топлива по режиму.,CU01–CU06: выбранные фазы/тепло/поры/сохранение/уровень; остальные взаимодействия не приняты.,Контракт записан; полная приёмка пары не выполнена,../heater/PASSPORT.md; ../molten_copper/PASSPORT.md; ../copper/PASSPORT.md,CU2026-10-06
core:ice__core:molten_copper,core:ice,core:molten_copper,H+L,"Общие механизмы реализованы; CU01–CU06 проверены в выбранном объёме, специальная химия не объявлена.",Общий контакт Q/движение по kind; медь возвращается из собственной фазы; расплав не впитывается; сплавов/коррозии/электричества нет.,Общие тепло/фазы; кислород топлива по режиму.,Общие тепло/фазы; кислород топлива по режиму.,CU01–CU06: выбранные фазы/тепло/поры/сохранение/уровень; остальные взаимодействия не приняты.,Контракт записан; полная приёмка пары не выполнена,../ice/PASSPORT.md; ../molten_copper/PASSPORT.md; ../copper/PASSPORT.md,CU2026-10-06
core:metal__core:molten_copper,core:metal,core:molten_copper,H+L,"Общие механизмы реализованы; CU01–CU06 проверены в выбранном объёме, специальная химия не объявлена.",Общий контакт Q/движение по kind; медь возвращается из собственной фазы; расплав не впитывается; сплавов/коррозии/электричества нет.,Общие тепло/фазы; кислород топлива по режиму.,Общие тепло/фазы; кислород топлива по режиму.,CU01–CU06: выбранные фазы/тепло/поры/сохранение/уровень; остальные взаимодействия не приняты.,Контракт записан; полная приёмка пары не выполнена,../metal/PASSPORT.md; ../molten_copper/PASSPORT.md; ../copper/PASSPORT.md,CU2026-10-06
core:molten_cast_iron__core:molten_copper,core:molten_cast_iron,core:molten_copper,H+L,"Общие механизмы реализованы; CU01–CU06 проверены в выбранном объёме, специальная химия не объявлена.",Общий контакт Q/движение по kind; медь возвращается из собственной фазы; расплав не впитывается; сплавов/коррозии/электричества нет.,Общие тепло/фазы; кислород топлива по режиму.,Общие тепло/фазы; кислород топлива по режиму.,CU01–CU06: выбранные фазы/тепло/поры/сохранение/уровень; остальные взаимодействия не приняты.,Контракт записан; полная приёмка пары не выполнена,../molten_cast_iron/PASSPORT.md; ../molten_copper/PASSPORT.md; ../copper/PASSPORT.md,CU2026-10-06
core:molten_copper__core:molten_copper,core:molten_copper,core:molten_copper,H+L,"Общие механизмы реализованы; CU01–CU06 проверены в выбранном объёме, специальная химия не объявлена.",Общий контакт Q/движение по kind; медь возвращается из собственной фазы; расплав не впитывается; сплавов/коррозии/электричества нет.,Общие тепло/фазы; кислород топлива по режиму.,Общие тепло/фазы; кислород топлива по режиму.,CU01–CU06: выбранные фазы/тепло/поры/сохранение/уровень; остальные взаимодействия не приняты.,Контракт записан; полная приёмка пары не выполнена,../molten_copper/PASSPORT.md; ../molten_copper/PASSPORT.md; ../copper/PASSPORT.md,CU2026-10-06
core:molten_copper__core:molten_metal,core:molten_copper,core:molten_metal,H+L,"Общие механизмы реализованы; CU01–CU06 проверены в выбранном объёме, специальная химия не объявлена.",Общий контакт Q/движение по kind; медь возвращается из собственной фазы; расплав не впитывается; сплавов/коррозии/электричества нет.,Общие тепло/фазы; кислород топлива по режиму.,Общие тепло/фазы; кислород топлива по режиму.,CU01–CU06: выбранные фазы/тепло/поры/сохранение/уровень; остальные взаимодействия не приняты.,Контракт записан; полная приёмка пары не выполнена,../molten_copper/PASSPORT.md; ../molten_metal/PASSPORT.md; ../copper/PASSPORT.md,CU2026-10-06
core:molten_copper__core:molten_steel,core:molten_copper,core:molten_steel,H+L,"Общие механизмы реализованы; CU01–CU06 проверены в выбранном объёме, специальная химия не объявлена.",Общий контакт Q/движение по kind; медь возвращается из собственной фазы; расплав не впитывается; сплавов/коррозии/электричества нет.,Общие тепло/фазы; кислород топлива по режиму.,Общие тепло/фазы; кислород топлива по режиму.,CU01–CU06: выбранные фазы/тепло/поры/сохранение/уровень; остальные взаимодействия не приняты.,Контракт записан; полная приёмка пары не выполнена,../molten_copper/PASSPORT.md; ../molten_steel/PASSPORT.md; ../copper/PASSPORT.md,CU2026-10-06
core:molten_copper__core:oil,core:molten_copper,core:oil,H+L,"Общие механизмы реализованы; CU01–CU06 проверены в выбранном объёме, специальная химия не объявлена.",Общий контакт Q/движение по kind; медь возвращается из собственной фазы; расплав не впитывается; сплавов/коррозии/электричества нет.,Общие тепло/фазы; кислород топлива по режиму.,Общие тепло/фазы; кислород топлива по режиму.,CU01–CU06: выбранные фазы/тепло/поры/сохранение/уровень; остальные взаимодействия не приняты.,Контракт записан; полная приёмка пары не выполнена,../molten_copper/PASSPORT.md; ../oil/PASSPORT.md; ../copper/PASSPORT.md,CU2026-10-06
core:molten_copper__core:oil_vapour,core:molten_copper,core:oil_vapour,H+L,"Общие механизмы реализованы; CU01–CU06 проверены в выбранном объёме, специальная химия не объявлена.",Общий контакт Q/движение по kind; медь возвращается из собственной фазы; расплав не впитывается; сплавов/коррозии/электричества нет.,Общие тепло/фазы; кислород топлива по режиму.,Общие тепло/фазы; кислород топлива по режиму.,CU01–CU06: выбранные фазы/тепло/поры/сохранение/уровень; остальные взаимодействия не приняты.,Контракт записан; полная приёмка пары не выполнена,../molten_copper/PASSPORT.md; ../oil_vapour/PASSPORT.md; ../copper/PASSPORT.md,CU2026-10-06
core:molten_copper__core:sand,core:molten_copper,core:sand,H+L,"Общие механизмы реализованы; CU01–CU06 проверены в выбранном объёме, специальная химия не объявлена.",Общий контакт Q/движение по kind; медь возвращается из собственной фазы; расплав не впитывается; сплавов/коррозии/электричества нет.,Общие тепло/фазы; кислород топлива по режиму.,Общие тепло/фазы; кислород топлива по режиму.,CU01–CU06: выбранные фазы/тепло/поры/сохранение/уровень; остальные взаимодействия не приняты.,Контракт записан; полная приёмка пары не выполнена,../molten_copper/PASSPORT.md; ../sand/PASSPORT.md; ../copper/PASSPORT.md,CU2026-10-06
core:molten_copper__core:smoke,core:molten_copper,core:smoke,H+L,"Общие механизмы реализованы; CU01–CU06 проверены в выбранном объёме, специальная химия не объявлена.",Общий контакт Q/движение по kind; медь возвращается из собственной фазы; расплав не впитывается; сплавов/коррозии/электричества нет.,Общие тепло/фазы; кислород топлива по режиму.,Общие тепло/фазы; кислород топлива по режиму.,CU01–CU06: выбранные фазы/тепло/поры/сохранение/уровень; остальные взаимодействия не приняты.,Контракт записан; полная приёмка пары не выполнена,../molten_copper/PASSPORT.md; ../smoke/PASSPORT.md; ../copper/PASSPORT.md,CU2026-10-06
core:molten_copper__core:steam,core:molten_copper,core:steam,H+L,"Общие механизмы реализованы; CU01–CU06 проверены в выбранном объёме, специальная химия не объявлена.",Общий контакт Q/движение по kind; медь возвращается из собственной фазы; расплав не впитывается; сплавов/коррозии/электричества нет.,Общие тепло/фазы; кислород топлива по режиму.,Общие тепло/фазы; кислород топлива по режиму.,CU01–CU06: выбранные фазы/тепло/поры/сохранение/уровень; остальные взаимодействия не приняты.,Контракт записан; полная приёмка пары не выполнена,../molten_copper/PASSPORT.md; ../steam/PASSPORT.md; ../copper/PASSPORT.md,CU2026-10-06
core:molten_copper__core:steel,core:molten_copper,core:steel,H+L,"Общие механизмы реализованы; CU01–CU06 проверены в выбранном объёме, специальная химия не объявлена.",Общий контакт Q/движение по kind; медь возвращается из собственной фазы; расплав не впитывается; сплавов/коррозии/электричества нет.,Общие тепло/фазы; кислород топлива по режиму.,Общие тепло/фазы; кислород топлива по режиму.,CU01–CU06: выбранные фазы/тепло/поры/сохранение/уровень; остальные взаимодействия не приняты.,Контракт записан; полная приёмка пары не выполнена,../molten_copper/PASSPORT.md; ../steel/PASSPORT.md; ../copper/PASSPORT.md,CU2026-10-06
core:molten_copper__core:stone,core:molten_copper,core:stone,H+L,"Общие механизмы реализованы; CU01–CU06 проверены в выбранном объёме, специальная химия не объявлена.",Общий контакт Q/движение по kind; медь возвращается из собственной фазы; расплав не впитывается; сплавов/коррозии/электричества нет.,Общие тепло/фазы; кислород топлива по режиму.,Общие тепло/фазы; кислород топлива по режиму.,CU01–CU06: выбранные фазы/тепло/поры/сохранение/уровень; остальные взаимодействия не приняты.,Контракт записан; полная приёмка пары не выполнена,../molten_copper/PASSPORT.md; ../stone/PASSPORT.md; ../copper/PASSPORT.md,CU2026-10-06
core:molten_copper__core:stone_coal,core:molten_copper,core:stone_coal,H+L,"Общие механизмы реализованы; CU01–CU06 проверены в выбранном объёме, специальная химия не объявлена.",Общий контакт Q/движение по kind; медь возвращается из собственной фазы; расплав не впитывается; сплавов/коррозии/электричества нет.,Общие тепло/фазы; кислород топлива по режиму.,Общие тепло/фазы; кислород топлива по режиму.,CU01–CU06: выбранные фазы/тепло/поры/сохранение/уровень; остальные взаимодействия не приняты.,Контракт записан; полная приёмка пары не выполнена,../molten_copper/PASSPORT.md; ../stone_coal/PASSPORT.md; ../copper/PASSPORT.md,CU2026-10-06
core:molten_copper__core:water,core:molten_copper,core:water,H+L,"Общие механизмы реализованы; CU01–CU06 проверены в выбранном объёме, специальная химия не объявлена.",Общий контакт Q/движение по kind; медь возвращается из собственной фазы; расплав не впитывается; сплавов/коррозии/электричества нет.,Общие тепло/фазы; кислород топлива по режиму.,Общие тепло/фазы; кислород топлива по режиму.,CU01–CU06: выбранные фазы/тепло/поры/сохранение/уровень; остальные взаимодействия не приняты.,Контракт записан; полная приёмка пары не выполнена,../molten_copper/PASSPORT.md; ../water/PASSPORT.md; ../copper/PASSPORT.md,CU2026-10-06
core:molten_copper__core:wet_charcoal,core:molten_copper,core:wet_charcoal,H+L,"Общие механизмы реализованы; CU01–CU06 проверены в выбранном объёме, специальная химия не объявлена.",Общий контакт Q/движение по kind; медь возвращается из собственной фазы; расплав не впитывается; сплавов/коррозии/электричества нет.,Общие тепло/фазы; кислород топлива по режиму.,Общие тепло/фазы; кислород топлива по режиму.,CU01–CU06: выбранные фазы/тепло/поры/сохранение/уровень; остальные взаимодействия не приняты.,Контракт записан; полная приёмка пары не выполнена,../molten_copper/PASSPORT.md; ../wet_charcoal/PASSPORT.md; ../copper/PASSPORT.md,CU2026-10-06
core:molten_copper__core:wood,core:molten_copper,core:wood,H+L,"Общие механизмы реализованы; CU01–CU06 проверены в выбранном объёме, специальная химия не объявлена.",Общий контакт Q/движение по kind; медь возвращается из собственной фазы; расплав не впитывается; сплавов/коррозии/электричества нет.,Общие тепло/фазы; кислород топлива по режиму.,Общие тепло/фазы; кислород топлива по режиму.,CU01–CU06: выбранные фазы/тепло/поры/сохранение/уровень; остальные взаимодействия не приняты.,Контракт записан; полная приёмка пары не выполнена,../molten_copper/PASSPORT.md; ../wood/PASSPORT.md; ../copper/PASSPORT.md,CU2026-10-06
